TransferID,Date,OriginFacilityID,DestinationFacilityID,ProductID,TransferPallets,SupplyChainFlow
STO00001,2024-01-12,F03,F02,P001,66.0,EU to EU Internal
STO00002,2024-01-24,F03,F02,P002,42.0,EU to EU Internal
STO00003,2024-01-20,F03,F02,P003,24.0,EU to EU Internal
STO00004,2024-01-21,F03,F02,P004,61.0,EU to EU Internal
STO00005,2024-01-11,F03,F02,P005,78.0,EU to EU Internal
STO00006,2024-01-20,F03,F02,P006,3.0,EU to EU Internal
STO00007,2024-01-23,F03,F02,P008,32.0,EU to EU Internal
STO00008,2024-01-12,F03,F02,P009,12.0,EU to EU Internal
STO00009,2024-01-23,F03,F02,P010,77.0,EU to EU Internal
STO00010,2024-01-23,F03,F02,P011,23.0,EU to EU Internal
STO00011,2024-01-18,F03,F02,P013,8.0,EU to EU Internal
STO00012,2024-01-15,F03,F02,P014,102.0,EU to EU Internal
STO00013,2024-01-16,F03,F02,P015,16.0,EU to EU Internal
STO00014,2024-01-19,F03,F02,P016,62.0,EU to EU Internal
STO00015,2024-01-22,F03,F02,P017,11.0,EU to EU Internal
STO00016,2024-01-14,F03,F02,P018,69.0,EU to EU Internal
STO00017,2024-01-24,F03,F02,P019,132.0,EU to EU Internal
STO00018,2024-01-13,F03,F02,P020,32.0,EU to EU Internal
STO00019,2024-01-19,F03,F02,P021,36.0,EU to EU Internal
STO00020,2024-01-21,F03,F02,P022,21.0,EU to EU Internal
STO00021,2024-01-17,F03,F02,P023,33.0,EU to EU Internal
STO00022,2024-01-21,F03,F02,P024,35.0,EU to EU Internal
STO00023,2024-01-24,F03,F02,P026,21.0,EU to EU Internal
STO00024,2024-01-19,F03,F02,P027,78.0,EU to EU Internal
STO00025,2024-01-21,F03,F02,P028,64.0,EU to EU Internal
STO00026,2024-01-17,F03,F02,P029,57.0,EU to EU Internal
STO00027,2024-01-22,F03,F02,P030,10.0,EU to EU Internal
STO00028,2024-01-17,F03,F02,P031,233.0,EU to EU Internal
STO00029,2024-01-16,F03,F02,P032,8.0,EU to EU Internal
STO00030,2024-01-21,F03,F02,P033,22.0,EU to EU Internal
STO00031,2024-01-20,F03,F02,P034,45.0,EU to EU Internal
STO00032,2024-01-17,F03,F02,P035,23.0,EU to EU Internal
STO00033,2024-01-21,F03,F02,P036,53.0,EU to EU Internal
STO00034,2024-01-11,F03,F02,P037,35.0,EU to EU Internal
STO00035,2024-01-12,F03,F02,P038,93.0,EU to EU Internal
STO00036,2024-01-17,F03,F02,P039,12.0,EU to EU Internal
STO00037,2024-01-21,F03,F02,P040,33.0,EU to EU Internal
STO00038,2024-01-16,F03,F02,P041,16.0,EU to EU Internal
STO00039,2024-01-24,F03,F02,P042,79.0,EU to EU Internal
STO00040,2024-01-11,F03,F02,P043,140.0,EU to EU Internal
STO00041,2024-01-19,F03,F02,P044,14.0,EU to EU Internal
STO00042,2024-01-18,F03,F02,P045,56.0,EU to EU Internal
STO00043,2024-01-24,F03,F02,P046,25.0,EU to EU Internal
STO00044,2024-01-24,F03,F02,P047,148.0,EU to EU Internal
STO00045,2024-01-11,F03,F02,P048,35.0,EU to EU Internal
STO00046,2024-01-18,F03,F02,P049,20.0,EU to EU Internal
STO00047,2024-01-24,F03,F02,P050,31.0,EU to EU Internal
STO00048,2024-01-19,F03,F02,P051,47.0,EU to EU Internal
STO00049,2024-01-11,F03,F02,P052,20.0,EU to EU Internal
STO00050,2024-01-23,F03,F02,P053,21.0,EU to EU Internal
STO00051,2024-01-14,F03,F02,P054,22.0,EU to EU Internal
STO00052,2024-01-12,F03,F02,P055,11.0,EU to EU Internal
STO00053,2024-01-17,F03,F02,P056,102.0,EU to EU Internal
STO00054,2024-01-18,F03,F02,P057,97.0,EU to EU Internal
STO00055,2024-01-11,F03,F02,P058,37.0,EU to EU Internal
STO00056,2024-01-20,F03,F02,P059,59.0,EU to EU Internal
STO00057,2024-01-13,F03,F02,P060,26.0,EU to EU Internal
STO00058,2024-01-19,F03,F02,P061,64.0,EU to EU Internal
STO00059,2024-01-18,F03,F02,P062,38.0,EU to EU Internal
STO00060,2024-01-12,F03,F02,P063,115.0,EU to EU Internal
STO00061,2024-01-14,F03,F02,P064,31.0,EU to EU Internal
STO00062,2024-01-14,F03,F02,P065,92.0,EU to EU Internal
STO00063,2024-01-18,F03,F02,P067,4.0,EU to EU Internal
STO00064,2024-01-16,F03,F02,P068,22.0,EU to EU Internal
STO00065,2024-01-21,F03,F02,P069,73.0,EU to EU Internal
STO00066,2024-01-17,F03,F02,P070,99.0,EU to EU Internal
STO00067,2024-01-12,F03,F02,P071,47.0,EU to EU Internal
STO00068,2024-01-13,F03,F02,P072,3.0,EU to EU Internal
STO00069,2024-01-19,F03,F02,P074,14.0,EU to EU Internal
STO00070,2024-01-14,F03,F02,P075,26.0,EU to EU Internal
STO00071,2024-01-14,F03,F02,P076,41.0,EU to EU Internal
STO00072,2024-01-24,F03,F02,P077,109.0,EU to EU Internal
STO00073,2024-01-22,F03,F02,P079,64.0,EU to EU Internal
STO00074,2024-01-13,F03,F02,P080,8.0,EU to EU Internal
STO00075,2024-01-14,F03,F02,P081,77.0,EU to EU Internal
STO00076,2024-01-20,F03,F02,P082,27.0,EU to EU Internal
STO00077,2024-01-12,F03,F02,P083,18.0,EU to EU Internal
STO00078,2024-01-24,F03,F02,P084,10.0,EU to EU Internal
STO00079,2024-01-14,F03,F02,P085,58.0,EU to EU Internal
STO00080,2024-01-14,F03,F02,P086,19.0,EU to EU Internal
STO00081,2024-01-18,F03,F02,P087,71.0,EU to EU Internal
STO00082,2024-01-21,F03,F02,P088,44.0,EU to EU Internal
STO00083,2024-01-13,F03,F02,P089,73.0,EU to EU Internal
STO00084,2024-01-13,F03,F02,P091,24.0,EU to EU Internal
STO00085,2024-01-18,F03,F02,P092,56.0,EU to EU Internal
STO00086,2024-01-13,F03,F02,P093,43.0,EU to EU Internal
STO00087,2024-01-11,F03,F02,P094,50.0,EU to EU Internal
STO00088,2024-01-24,F03,F02,P095,48.0,EU to EU Internal
STO00089,2024-01-17,F03,F02,P096,38.0,EU to EU Internal
STO00090,2024-01-24,F03,F02,P097,37.0,EU to EU Internal
STO00091,2024-01-21,F03,F02,P098,4.0,EU to EU Internal
STO00092,2024-01-18,F03,F02,P099,38.0,EU to EU Internal
STO00093,2024-01-21,F03,F02,P100,38.0,EU to EU Internal
STO00094,2024-01-24,F03,F04,P001,62.0,EU to EU Internal
STO00095,2024-01-19,F03,F04,P002,63.0,EU to EU Internal
STO00096,2024-01-13,F03,F04,P003,84.0,EU to EU Internal
STO00097,2024-01-18,F03,F04,P004,100.0,EU to EU Internal
STO00098,2024-01-21,F03,F04,P005,81.0,EU to EU Internal
STO00099,2024-01-12,F03,F04,P006,34.0,EU to EU Internal
STO00100,2024-01-22,F03,F04,P007,40.0,EU to EU Internal
STO00101,2024-01-16,F03,F04,P008,33.0,EU to EU Internal
STO00102,2024-01-14,F03,F04,P009,19.0,EU to EU Internal
STO00103,2024-01-11,F03,F04,P010,51.0,EU to EU Internal
STO00104,2024-01-16,F03,F04,P011,26.0,EU to EU Internal
STO00105,2024-01-14,F03,F04,P012,33.0,EU to EU Internal
STO00106,2024-01-13,F03,F04,P013,116.0,EU to EU Internal
STO00107,2024-01-24,F03,F04,P014,36.0,EU to EU Internal
STO00108,2024-01-15,F03,F04,P015,126.0,EU to EU Internal
STO00109,2024-01-15,F03,F04,P016,128.0,EU to EU Internal
STO00110,2024-01-11,F03,F04,P018,86.0,EU to EU Internal
STO00111,2024-01-18,F03,F04,P019,89.0,EU to EU Internal
STO00112,2024-01-12,F03,F04,P020,62.0,EU to EU Internal
STO00113,2024-01-15,F03,F04,P021,41.0,EU to EU Internal
STO00114,2024-01-21,F03,F04,P022,135.0,EU to EU Internal
STO00115,2024-01-18,F03,F04,P023,112.0,EU to EU Internal
STO00116,2024-01-22,F03,F04,P024,35.0,EU to EU Internal
STO00117,2024-01-24,F03,F04,P025,24.0,EU to EU Internal
STO00118,2024-01-22,F03,F04,P026,72.0,EU to EU Internal
STO00119,2024-01-12,F03,F04,P027,116.0,EU to EU Internal
STO00120,2024-01-11,F03,F04,P028,101.0,EU to EU Internal
STO00121,2024-01-11,F03,F04,P029,108.0,EU to EU Internal
STO00122,2024-01-13,F03,F04,P030,145.0,EU to EU Internal
STO00123,2024-01-19,F03,F04,P031,88.0,EU to EU Internal
STO00124,2024-01-23,F03,F04,P032,107.0,EU to EU Internal
STO00125,2024-01-18,F03,F04,P033,25.0,EU to EU Internal
STO00126,2024-01-12,F03,F04,P034,67.0,EU to EU Internal
STO00127,2024-01-11,F03,F04,P035,38.0,EU to EU Internal
STO00128,2024-01-16,F03,F04,P036,160.0,EU to EU Internal
STO00129,2024-01-23,F03,F04,P037,91.0,EU to EU Internal
STO00130,2024-01-16,F03,F04,P038,96.0,EU to EU Internal
STO00131,2024-01-11,F03,F04,P039,38.0,EU to EU Internal
STO00132,2024-01-24,F03,F04,P040,83.0,EU to EU Internal
STO00133,2024-01-21,F03,F04,P041,20.0,EU to EU Internal
STO00134,2024-01-11,F03,F04,P042,107.0,EU to EU Internal
STO00135,2024-01-15,F03,F04,P043,130.0,EU to EU Internal
STO00136,2024-01-16,F03,F04,P044,30.0,EU to EU Internal
STO00137,2024-01-13,F03,F04,P045,72.0,EU to EU Internal
STO00138,2024-01-23,F03,F04,P046,103.0,EU to EU Internal
STO00139,2024-01-17,F03,F04,P047,147.0,EU to EU Internal
STO00140,2024-01-18,F03,F04,P048,80.0,EU to EU Internal
STO00141,2024-01-14,F03,F04,P049,28.0,EU to EU Internal
STO00142,2024-01-17,F03,F04,P050,54.0,EU to EU Internal
STO00143,2024-01-19,F03,F04,P051,307.0,EU to EU Internal
STO00144,2024-01-20,F03,F04,P052,129.0,EU to EU Internal
STO00145,2024-01-14,F03,F04,P053,101.0,EU to EU Internal
STO00146,2024-01-13,F03,F04,P054,40.0,EU to EU Internal
STO00147,2024-01-18,F03,F04,P055,44.0,EU to EU Internal
STO00148,2024-01-24,F03,F04,P056,108.0,EU to EU Internal
STO00149,2024-01-17,F03,F04,P057,137.0,EU to EU Internal
STO00150,2024-01-12,F03,F04,P058,130.0,EU to EU Internal
STO00151,2024-01-12,F03,F04,P059,103.0,EU to EU Internal
STO00152,2024-01-20,F03,F04,P060,43.0,EU to EU Internal
STO00153,2024-01-22,F03,F04,P061,124.0,EU to EU Internal
STO00154,2024-01-20,F03,F04,P062,87.0,EU to EU Internal
STO00155,2024-01-19,F03,F04,P063,99.0,EU to EU Internal
STO00156,2024-01-20,F03,F04,P064,64.0,EU to EU Internal
STO00157,2024-01-17,F03,F04,P065,43.0,EU to EU Internal
STO00158,2024-01-21,F03,F04,P066,7.0,EU to EU Internal
STO00159,2024-01-12,F03,F04,P067,7.0,EU to EU Internal
STO00160,2024-01-14,F03,F04,P068,6.0,EU to EU Internal
STO00161,2024-01-23,F03,F04,P069,41.0,EU to EU Internal
STO00162,2024-01-18,F03,F04,P070,47.0,EU to EU Internal
STO00163,2024-01-11,F03,F04,P071,147.0,EU to EU Internal
STO00164,2024-01-13,F03,F04,P072,47.0,EU to EU Internal
STO00165,2024-01-16,F03,F04,P073,139.0,EU to EU Internal
STO00166,2024-01-17,F03,F04,P074,36.0,EU to EU Internal
STO00167,2024-01-16,F03,F04,P075,42.0,EU to EU Internal
STO00168,2024-01-23,F03,F04,P076,56.0,EU to EU Internal
STO00169,2024-01-13,F03,F04,P077,105.0,EU to EU Internal
STO00170,2024-01-21,F03,F04,P078,46.0,EU to EU Internal
STO00171,2024-01-19,F03,F04,P079,167.0,EU to EU Internal
STO00172,2024-01-24,F03,F04,P080,20.0,EU to EU Internal
STO00173,2024-01-18,F03,F04,P081,141.0,EU to EU Internal
STO00174,2024-01-15,F03,F04,P082,113.0,EU to EU Internal
STO00175,2024-01-18,F03,F04,P083,17.0,EU to EU Internal
STO00176,2024-01-24,F03,F04,P084,84.0,EU to EU Internal
STO00177,2024-01-24,F03,F04,P085,128.0,EU to EU Internal
STO00178,2024-01-14,F03,F04,P086,34.0,EU to EU Internal
STO00179,2024-01-15,F03,F04,P087,173.0,EU to EU Internal
STO00180,2024-01-21,F03,F04,P088,40.0,EU to EU Internal
STO00181,2024-01-12,F03,F04,P089,2.0,EU to EU Internal
STO00182,2024-01-20,F03,F04,P091,111.0,EU to EU Internal
STO00183,2024-01-15,F03,F04,P092,127.0,EU to EU Internal
STO00184,2024-01-14,F03,F04,P093,150.0,EU to EU Internal
STO00185,2024-01-17,F03,F04,P094,197.0,EU to EU Internal
STO00186,2024-01-12,F03,F04,P095,59.0,EU to EU Internal
STO00187,2024-01-11,F03,F04,P096,88.0,EU to EU Internal
STO00188,2024-01-17,F03,F04,P097,215.0,EU to EU Internal
STO00189,2024-01-22,F03,F04,P098,224.0,EU to EU Internal
STO00190,2024-01-22,F03,F04,P099,116.0,EU to EU Internal
STO00191,2024-01-13,F03,F04,P100,10.0,EU to EU Internal
STO00192,2024-01-16,F01,F05,P002,16.0,EU to EU Internal
STO00193,2024-01-13,F01,F05,P003,18.0,EU to EU Internal
STO00194,2024-01-23,F01,F05,P005,50.0,EU to EU Internal
STO00195,2024-01-15,F01,F05,P007,11.0,EU to EU Internal
STO00196,2024-01-19,F01,F05,P008,9.0,EU to EU Internal
STO00197,2024-01-18,F01,F05,P009,34.0,EU to EU Internal
STO00198,2024-01-17,F01,F05,P010,39.0,EU to EU Internal
STO00199,2024-01-11,F01,F05,P011,65.0,EU to EU Internal
STO00200,2024-01-22,F01,F05,P012,18.0,EU to EU Internal
STO00201,2024-01-19,F01,F05,P014,18.0,EU to EU Internal
STO00202,2024-01-11,F01,F05,P015,62.0,EU to EU Internal
STO00203,2024-01-23,F01,F05,P017,8.0,EU to EU Internal
STO00204,2024-01-19,F01,F05,P018,16.0,EU to EU Internal
STO00205,2024-01-22,F01,F05,P019,17.0,EU to EU Internal
STO00206,2024-01-15,F01,F05,P020,76.0,EU to EU Internal
STO00207,2024-01-18,F01,F05,P021,36.0,EU to EU Internal
STO00208,2024-01-14,F01,F05,P022,15.0,EU to EU Internal
STO00209,2024-01-20,F01,F05,P023,31.0,EU to EU Internal
STO00210,2024-01-12,F01,F05,P024,32.0,EU to EU Internal
STO00211,2024-01-18,F01,F05,P025,38.0,EU to EU Internal
STO00212,2024-01-14,F01,F05,P026,7.0,EU to EU Internal
STO00213,2024-01-13,F01,F05,P028,45.0,EU to EU Internal
STO00214,2024-01-21,F01,F05,P029,13.0,EU to EU Internal
STO00215,2024-01-18,F01,F05,P030,15.0,EU to EU Internal
STO00216,2024-01-22,F01,F05,P032,41.0,EU to EU Internal
STO00217,2024-01-21,F01,F05,P034,45.0,EU to EU Internal
STO00218,2024-01-18,F01,F05,P035,20.0,EU to EU Internal
STO00219,2024-01-21,F01,F05,P037,5.0,EU to EU Internal
STO00220,2024-01-15,F01,F05,P038,13.0,EU to EU Internal
STO00221,2024-01-23,F01,F05,P039,17.0,EU to EU Internal
STO00222,2024-01-18,F01,F05,P041,14.0,EU to EU Internal
STO00223,2024-01-24,F01,F05,P042,19.0,EU to EU Internal
STO00224,2024-01-18,F01,F05,P043,22.0,EU to EU Internal
STO00225,2024-01-23,F01,F05,P044,21.0,EU to EU Internal
STO00226,2024-01-12,F01,F05,P045,7.0,EU to EU Internal
STO00227,2024-01-24,F01,F05,P046,98.0,EU to EU Internal
STO00228,2024-01-15,F01,F05,P047,12.0,EU to EU Internal
STO00229,2024-01-15,F01,F05,P048,24.0,EU to EU Internal
STO00230,2024-01-15,F01,F05,P049,7.0,EU to EU Internal
STO00231,2024-01-21,F01,F05,P050,10.0,EU to EU Internal
STO00232,2024-01-11,F01,F05,P051,65.0,EU to EU Internal
STO00233,2024-01-11,F01,F05,P052,26.0,EU to EU Internal
STO00234,2024-01-18,F01,F05,P055,9.0,EU to EU Internal
STO00235,2024-01-15,F01,F05,P056,31.0,EU to EU Internal
STO00236,2024-01-14,F01,F05,P057,52.0,EU to EU Internal
STO00237,2024-01-17,F01,F05,P059,45.0,EU to EU Internal
STO00238,2024-01-12,F01,F05,P061,80.0,EU to EU Internal
STO00239,2024-01-20,F01,F05,P062,15.0,EU to EU Internal
STO00240,2024-01-19,F01,F05,P063,16.0,EU to EU Internal
STO00241,2024-01-11,F01,F05,P064,11.0,EU to EU Internal
STO00242,2024-01-17,F01,F05,P065,33.0,EU to EU Internal
STO00243,2024-01-12,F01,F05,P067,24.0,EU to EU Internal
STO00244,2024-01-11,F01,F05,P069,29.0,EU to EU Internal
STO00245,2024-01-20,F01,F05,P070,71.0,EU to EU Internal
STO00246,2024-01-16,F01,F05,P071,22.0,EU to EU Internal
STO00247,2024-01-15,F01,F05,P072,5.0,EU to EU Internal
STO00248,2024-01-21,F01,F05,P073,18.0,EU to EU Internal
STO00249,2024-01-18,F01,F05,P076,13.0,EU to EU Internal
STO00250,2024-01-20,F01,F05,P079,34.0,EU to EU Internal
STO00251,2024-01-11,F01,F05,P080,12.0,EU to EU Internal
STO00252,2024-01-23,F01,F05,P081,27.0,EU to EU Internal
STO00253,2024-01-15,F01,F05,P083,6.0,EU to EU Internal
STO00254,2024-01-11,F01,F05,P084,10.0,EU to EU Internal
STO00255,2024-01-17,F01,F05,P085,25.0,EU to EU Internal
STO00256,2024-01-24,F01,F05,P086,16.0,EU to EU Internal
STO00257,2024-01-11,F01,F05,P087,68.0,EU to EU Internal
STO00258,2024-01-12,F01,F05,P088,65.0,EU to EU Internal
STO00259,2024-01-17,F01,F05,P089,73.0,EU to EU Internal
STO00260,2024-01-14,F01,F05,P090,12.0,EU to EU Internal
STO00261,2024-01-21,F01,F05,P091,28.0,EU to EU Internal
STO00262,2024-01-15,F01,F05,P092,18.0,EU to EU Internal
STO00263,2024-01-17,F01,F05,P093,65.0,EU to EU Internal
STO00264,2024-01-24,F01,F05,P094,29.0,EU to EU Internal
STO00265,2024-01-21,F01,F05,P095,17.0,EU to EU Internal
STO00266,2024-01-15,F01,F05,P096,18.0,EU to EU Internal
STO00267,2024-01-21,F01,F05,P097,59.0,EU to EU Internal
STO00268,2024-01-13,F01,F05,P099,30.0,EU to EU Internal
STO00269,2024-01-16,F01,F06,P001,71.0,EU to EU Internal
STO00270,2024-01-21,F01,F06,P002,38.0,EU to EU Internal
STO00271,2024-01-12,F01,F06,P003,1.0,EU to EU Internal
STO00272,2024-01-23,F01,F06,P004,95.0,EU to EU Internal
STO00273,2024-01-21,F01,F06,P005,112.0,EU to EU Internal
STO00274,2024-01-21,F01,F06,P006,23.0,EU to EU Internal
STO00275,2024-01-13,F01,F06,P007,38.0,EU to EU Internal
STO00276,2024-01-12,F01,F06,P008,55.0,EU to EU Internal
STO00277,2024-01-23,F01,F06,P009,69.0,EU to EU Internal
STO00278,2024-01-19,F01,F06,P010,77.0,EU to EU Internal
STO00279,2024-01-13,F01,F06,P011,119.0,EU to EU Internal
STO00280,2024-01-24,F01,F06,P012,17.0,EU to EU Internal
STO00281,2024-01-23,F01,F06,P013,40.0,EU to EU Internal
STO00282,2024-01-19,F01,F06,P014,58.0,EU to EU Internal
STO00283,2024-01-16,F01,F06,P015,21.0,EU to EU Internal
STO00284,2024-01-19,F01,F06,P016,118.0,EU to EU Internal
STO00285,2024-01-14,F01,F06,P017,51.0,EU to EU Internal
STO00286,2024-01-20,F01,F06,P018,58.0,EU to EU Internal
STO00287,2024-01-12,F01,F06,P019,47.0,EU to EU Internal
STO00288,2024-01-15,F01,F06,P020,80.0,EU to EU Internal
STO00289,2024-01-24,F01,F06,P021,77.0,EU to EU Internal
STO00290,2024-01-17,F01,F06,P022,47.0,EU to EU Internal
STO00291,2024-01-14,F01,F06,P023,82.0,EU to EU Internal
STO00292,2024-01-22,F01,F06,P024,17.0,EU to EU Internal
STO00293,2024-01-11,F01,F06,P025,32.0,EU to EU Internal
STO00294,2024-01-22,F01,F06,P026,18.0,EU to EU Internal
STO00295,2024-01-16,F01,F06,P027,88.0,EU to EU Internal
STO00296,2024-01-18,F01,F06,P028,92.0,EU to EU Internal
STO00297,2024-01-18,F01,F06,P029,34.0,EU to EU Internal
STO00298,2024-01-18,F01,F06,P030,14.0,EU to EU Internal
STO00299,2024-01-19,F01,F06,P031,141.0,EU to EU Internal
STO00300,2024-01-14,F01,F06,P032,57.0,EU to EU Internal
STO00301,2024-01-22,F01,F06,P033,34.0,EU to EU Internal
STO00302,2024-01-12,F01,F06,P034,46.0,EU to EU Internal
STO00303,2024-01-11,F01,F06,P035,25.0,EU to EU Internal
STO00304,2024-01-13,F01,F06,P036,25.0,EU to EU Internal
STO00305,2024-01-24,F01,F06,P037,51.0,EU to EU Internal
STO00306,2024-01-17,F01,F06,P038,18.0,EU to EU Internal
STO00307,2024-01-23,F01,F06,P039,109.0,EU to EU Internal
STO00308,2024-01-21,F01,F06,P040,27.0,EU to EU Internal
STO00309,2024-01-11,F01,F06,P041,41.0,EU to EU Internal
STO00310,2024-01-18,F01,F06,P042,81.0,EU to EU Internal
STO00311,2024-01-23,F01,F06,P043,22.0,EU to EU Internal
STO00312,2024-01-22,F01,F06,P044,38.0,EU to EU Internal
STO00313,2024-01-13,F01,F06,P045,51.0,EU to EU Internal
STO00314,2024-01-20,F01,F06,P046,84.0,EU to EU Internal
STO00315,2024-01-19,F01,F06,P047,38.0,EU to EU Internal
STO00316,2024-01-12,F01,F06,P048,69.0,EU to EU Internal
STO00317,2024-01-18,F01,F06,P049,36.0,EU to EU Internal
STO00318,2024-01-13,F01,F06,P050,190.0,EU to EU Internal
STO00319,2024-01-11,F01,F06,P051,73.0,EU to EU Internal
STO00320,2024-01-21,F01,F06,P052,45.0,EU to EU Internal
STO00321,2024-01-11,F01,F06,P053,29.0,EU to EU Internal
STO00322,2024-01-22,F01,F06,P054,36.0,EU to EU Internal
STO00323,2024-01-11,F01,F06,P055,28.0,EU to EU Internal
STO00324,2024-01-19,F01,F06,P056,22.0,EU to EU Internal
STO00325,2024-01-16,F01,F06,P057,83.0,EU to EU Internal
STO00326,2024-01-12,F01,F06,P058,61.0,EU to EU Internal
STO00327,2024-01-24,F01,F06,P059,96.0,EU to EU Internal
STO00328,2024-01-17,F01,F06,P060,27.0,EU to EU Internal
STO00329,2024-01-11,F01,F06,P061,67.0,EU to EU Internal
STO00330,2024-01-12,F01,F06,P062,59.0,EU to EU Internal
STO00331,2024-01-14,F01,F06,P063,60.0,EU to EU Internal
STO00332,2024-01-13,F01,F06,P064,78.0,EU to EU Internal
STO00333,2024-01-14,F01,F06,P065,60.0,EU to EU Internal
STO00334,2024-01-22,F01,F06,P066,21.0,EU to EU Internal
STO00335,2024-01-11,F01,F06,P067,23.0,EU to EU Internal
STO00336,2024-01-11,F01,F06,P068,30.0,EU to EU Internal
STO00337,2024-01-21,F01,F06,P069,40.0,EU to EU Internal
STO00338,2024-01-16,F01,F06,P070,42.0,EU to EU Internal
STO00339,2024-01-23,F01,F06,P071,53.0,EU to EU Internal
STO00340,2024-01-14,F01,F06,P072,51.0,EU to EU Internal
STO00341,2024-01-15,F01,F06,P073,78.0,EU to EU Internal
STO00342,2024-01-23,F01,F06,P074,32.0,EU to EU Internal
STO00343,2024-01-24,F01,F06,P075,21.0,EU to EU Internal
STO00344,2024-01-13,F01,F06,P076,70.0,EU to EU Internal
STO00345,2024-01-24,F01,F06,P077,74.0,EU to EU Internal
STO00346,2024-01-22,F01,F06,P078,31.0,EU to EU Internal
STO00347,2024-01-14,F01,F06,P079,34.0,EU to EU Internal
STO00348,2024-01-11,F01,F06,P080,42.0,EU to EU Internal
STO00349,2024-01-24,F01,F06,P081,140.0,EU to EU Internal
STO00350,2024-01-23,F01,F06,P082,102.0,EU to EU Internal
STO00351,2024-01-18,F01,F06,P083,23.0,EU to EU Internal
STO00352,2024-01-17,F01,F06,P084,45.0,EU to EU Internal
STO00353,2024-01-16,F01,F06,P085,44.0,EU to EU Internal
STO00354,2024-01-17,F01,F06,P086,73.0,EU to EU Internal
STO00355,2024-01-18,F01,F06,P087,36.0,EU to EU Internal
STO00356,2024-01-15,F01,F06,P088,13.0,EU to EU Internal
STO00357,2024-01-18,F01,F06,P089,114.0,EU to EU Internal
STO00358,2024-01-12,F01,F06,P090,12.0,EU to EU Internal
STO00359,2024-01-20,F01,F06,P091,26.0,EU to EU Internal
STO00360,2024-01-23,F01,F06,P092,52.0,EU to EU Internal
STO00361,2024-01-22,F01,F06,P093,72.0,EU to EU Internal
STO00362,2024-01-22,F01,F06,P094,119.0,EU to EU Internal
STO00363,2024-01-23,F01,F06,P095,40.0,EU to EU Internal
STO00364,2024-01-20,F01,F06,P096,71.0,EU to EU Internal
STO00365,2024-01-14,F01,F06,P097,194.0,EU to EU Internal
STO00366,2024-01-14,F01,F06,P098,87.0,EU to EU Internal
STO00367,2024-01-16,F01,F06,P099,59.0,EU to EU Internal
STO00368,2024-01-24,F01,F06,P100,43.0,EU to EU Internal
STO00369,2024-02-22,F03,F02,P001,80.0,EU to EU Internal
STO00370,2024-02-15,F03,F02,P002,52.0,EU to EU Internal
STO00371,2024-02-17,F03,F02,P003,21.0,EU to EU Internal
STO00372,2024-02-15,F03,F02,P004,81.0,EU to EU Internal
STO00373,2024-02-13,F03,F02,P005,61.0,EU to EU Internal
STO00374,2024-02-18,F03,F02,P006,3.0,EU to EU Internal
STO00375,2024-02-19,F03,F02,P008,31.0,EU to EU Internal
STO00376,2024-02-09,F03,F02,P009,8.0,EU to EU Internal
STO00377,2024-02-15,F03,F02,P010,88.0,EU to EU Internal
STO00378,2024-02-09,F03,F02,P011,27.0,EU to EU Internal
STO00379,2024-02-18,F03,F02,P012,15.0,EU to EU Internal
STO00380,2024-02-11,F03,F02,P013,36.0,EU to EU Internal
STO00381,2024-02-10,F03,F02,P014,75.0,EU to EU Internal
STO00382,2024-02-09,F03,F02,P015,12.0,EU to EU Internal
STO00383,2024-02-15,F03,F02,P016,129.0,EU to EU Internal
STO00384,2024-02-16,F03,F02,P017,18.0,EU to EU Internal
STO00385,2024-02-16,F03,F02,P018,68.0,EU to EU Internal
STO00386,2024-02-09,F03,F02,P019,117.0,EU to EU Internal
STO00387,2024-02-20,F03,F02,P020,12.0,EU to EU Internal
STO00388,2024-02-16,F03,F02,P021,32.0,EU to EU Internal
STO00389,2024-02-12,F03,F02,P022,31.0,EU to EU Internal
STO00390,2024-02-11,F03,F02,P023,36.0,EU to EU Internal
STO00391,2024-02-12,F03,F02,P024,21.0,EU to EU Internal
STO00392,2024-02-21,F03,F02,P026,31.0,EU to EU Internal
STO00393,2024-02-17,F03,F02,P027,81.0,EU to EU Internal
STO00394,2024-02-17,F03,F02,P028,43.0,EU to EU Internal
STO00395,2024-02-19,F03,F02,P029,71.0,EU to EU Internal
STO00396,2024-02-10,F03,F02,P030,51.0,EU to EU Internal
STO00397,2024-02-09,F03,F02,P031,142.0,EU to EU Internal
STO00398,2024-02-21,F03,F02,P032,13.0,EU to EU Internal
STO00399,2024-02-10,F03,F02,P033,21.0,EU to EU Internal
STO00400,2024-02-21,F03,F02,P034,46.0,EU to EU Internal
STO00401,2024-02-22,F03,F02,P035,15.0,EU to EU Internal
STO00402,2024-02-18,F03,F02,P036,73.0,EU to EU Internal
STO00403,2024-02-16,F03,F02,P037,40.0,EU to EU Internal
STO00404,2024-02-22,F03,F02,P038,110.0,EU to EU Internal
STO00405,2024-02-13,F03,F02,P039,1.0,EU to EU Internal
STO00406,2024-02-20,F03,F02,P040,31.0,EU to EU Internal
STO00407,2024-02-17,F03,F02,P041,43.0,EU to EU Internal
STO00408,2024-02-12,F03,F02,P042,64.0,EU to EU Internal
STO00409,2024-02-17,F03,F02,P043,84.0,EU to EU Internal
STO00410,2024-02-18,F03,F02,P044,39.0,EU to EU Internal
STO00411,2024-02-14,F03,F02,P045,50.0,EU to EU Internal
STO00412,2024-02-21,F03,F02,P046,61.0,EU to EU Internal
STO00413,2024-02-18,F03,F02,P047,119.0,EU to EU Internal
STO00414,2024-02-14,F03,F02,P048,32.0,EU to EU Internal
STO00415,2024-02-10,F03,F02,P049,30.0,EU to EU Internal
STO00416,2024-02-12,F03,F02,P050,20.0,EU to EU Internal
STO00417,2024-02-12,F03,F02,P051,51.0,EU to EU Internal
STO00418,2024-02-22,F03,F02,P052,20.0,EU to EU Internal
STO00419,2024-02-18,F03,F02,P053,29.0,EU to EU Internal
STO00420,2024-02-16,F03,F02,P054,9.0,EU to EU Internal
STO00421,2024-02-22,F03,F02,P055,18.0,EU to EU Internal
STO00422,2024-02-09,F03,F02,P056,85.0,EU to EU Internal
STO00423,2024-02-16,F03,F02,P057,68.0,EU to EU Internal
STO00424,2024-02-21,F03,F02,P058,27.0,EU to EU Internal
STO00425,2024-02-13,F03,F02,P059,25.0,EU to EU Internal
STO00426,2024-02-10,F03,F02,P060,23.0,EU to EU Internal
STO00427,2024-02-17,F03,F02,P061,41.0,EU to EU Internal
STO00428,2024-02-16,F03,F02,P062,39.0,EU to EU Internal
STO00429,2024-02-11,F03,F02,P063,113.0,EU to EU Internal
STO00430,2024-02-16,F03,F02,P064,44.0,EU to EU Internal
STO00431,2024-02-11,F03,F02,P065,66.0,EU to EU Internal
STO00432,2024-02-09,F03,F02,P067,6.0,EU to EU Internal
STO00433,2024-02-20,F03,F02,P068,15.0,EU to EU Internal
STO00434,2024-02-21,F03,F02,P069,68.0,EU to EU Internal
STO00435,2024-02-19,F03,F02,P070,104.0,EU to EU Internal
STO00436,2024-02-11,F03,F02,P071,34.0,EU to EU Internal
STO00437,2024-02-12,F03,F02,P072,14.0,EU to EU Internal
STO00438,2024-02-22,F03,F02,P073,14.0,EU to EU Internal
STO00439,2024-02-16,F03,F02,P074,12.0,EU to EU Internal
STO00440,2024-02-19,F03,F02,P075,20.0,EU to EU Internal
STO00441,2024-02-16,F03,F02,P076,47.0,EU to EU Internal
STO00442,2024-02-13,F03,F02,P077,42.0,EU to EU Internal
STO00443,2024-02-21,F03,F02,P079,83.0,EU to EU Internal
STO00444,2024-02-22,F03,F02,P080,19.0,EU to EU Internal
STO00445,2024-02-19,F03,F02,P081,161.0,EU to EU Internal
STO00446,2024-02-19,F03,F02,P082,6.0,EU to EU Internal
STO00447,2024-02-18,F03,F02,P083,8.0,EU to EU Internal
STO00448,2024-02-20,F03,F02,P084,15.0,EU to EU Internal
STO00449,2024-02-13,F03,F02,P085,10.0,EU to EU Internal
STO00450,2024-02-16,F03,F02,P086,7.0,EU to EU Internal
STO00451,2024-02-17,F03,F02,P087,128.0,EU to EU Internal
STO00452,2024-02-12,F03,F02,P088,117.0,EU to EU Internal
STO00453,2024-02-09,F03,F02,P089,20.0,EU to EU Internal
STO00454,2024-02-20,F03,F02,P091,26.0,EU to EU Internal
STO00455,2024-02-21,F03,F02,P092,56.0,EU to EU Internal
STO00456,2024-02-11,F03,F02,P093,59.0,EU to EU Internal
STO00457,2024-02-16,F03,F02,P094,90.0,EU to EU Internal
STO00458,2024-02-12,F03,F02,P095,38.0,EU to EU Internal
STO00459,2024-02-21,F03,F02,P096,48.0,EU to EU Internal
STO00460,2024-02-18,F03,F02,P097,8.0,EU to EU Internal
STO00461,2024-02-21,F03,F02,P098,22.0,EU to EU Internal
STO00462,2024-02-19,F03,F02,P099,3.0,EU to EU Internal
STO00463,2024-02-22,F03,F02,P100,44.0,EU to EU Internal
STO00464,2024-02-21,F03,F04,P001,86.0,EU to EU Internal
STO00465,2024-02-15,F03,F04,P002,93.0,EU to EU Internal
STO00466,2024-02-18,F03,F04,P003,135.0,EU to EU Internal
STO00467,2024-02-12,F03,F04,P004,80.0,EU to EU Internal
STO00468,2024-02-13,F03,F04,P005,57.0,EU to EU Internal
STO00469,2024-02-18,F03,F04,P006,21.0,EU to EU Internal
STO00470,2024-02-12,F03,F04,P007,31.0,EU to EU Internal
STO00471,2024-02-12,F03,F04,P008,34.0,EU to EU Internal
STO00472,2024-02-09,F03,F04,P009,31.0,EU to EU Internal
STO00473,2024-02-14,F03,F04,P010,67.0,EU to EU Internal
STO00474,2024-02-10,F03,F04,P011,38.0,EU to EU Internal
STO00475,2024-02-16,F03,F04,P012,35.0,EU to EU Internal
STO00476,2024-02-15,F03,F04,P013,117.0,EU to EU Internal
STO00477,2024-02-14,F03,F04,P014,81.0,EU to EU Internal
STO00478,2024-02-20,F03,F04,P015,181.0,EU to EU Internal
STO00479,2024-02-22,F03,F04,P016,90.0,EU to EU Internal
STO00480,2024-02-15,F03,F04,P018,94.0,EU to EU Internal
STO00481,2024-02-22,F03,F04,P019,71.0,EU to EU Internal
STO00482,2024-02-09,F03,F04,P020,110.0,EU to EU Internal
STO00483,2024-02-21,F03,F04,P021,35.0,EU to EU Internal
STO00484,2024-02-22,F03,F04,P022,133.0,EU to EU Internal
STO00485,2024-02-11,F03,F04,P023,99.0,EU to EU Internal
STO00486,2024-02-13,F03,F04,P024,33.0,EU to EU Internal
STO00487,2024-02-21,F03,F04,P026,72.0,EU to EU Internal
STO00488,2024-02-17,F03,F04,P027,117.0,EU to EU Internal
STO00489,2024-02-13,F03,F04,P028,123.0,EU to EU Internal
STO00490,2024-02-09,F03,F04,P029,196.0,EU to EU Internal
STO00491,2024-02-19,F03,F04,P030,156.0,EU to EU Internal
STO00492,2024-02-19,F03,F04,P031,92.0,EU to EU Internal
STO00493,2024-02-16,F03,F04,P032,118.0,EU to EU Internal
STO00494,2024-02-21,F03,F04,P033,29.0,EU to EU Internal
STO00495,2024-02-20,F03,F04,P034,53.0,EU to EU Internal
STO00496,2024-02-15,F03,F04,P035,50.0,EU to EU Internal
STO00497,2024-02-18,F03,F04,P036,117.0,EU to EU Internal
STO00498,2024-02-19,F03,F04,P037,64.0,EU to EU Internal
STO00499,2024-02-22,F03,F04,P038,99.0,EU to EU Internal
STO00500,2024-02-11,F03,F04,P039,47.0,EU to EU Internal
STO00501,2024-02-15,F03,F04,P040,92.0,EU to EU Internal
STO00502,2024-02-19,F03,F04,P041,27.0,EU to EU Internal
STO00503,2024-02-16,F03,F04,P042,87.0,EU to EU Internal
STO00504,2024-02-11,F03,F04,P043,87.0,EU to EU Internal
STO00505,2024-02-12,F03,F04,P044,38.0,EU to EU Internal
STO00506,2024-02-10,F03,F04,P045,75.0,EU to EU Internal
STO00507,2024-02-22,F03,F04,P046,157.0,EU to EU Internal
STO00508,2024-02-11,F03,F04,P047,76.0,EU to EU Internal
STO00509,2024-02-14,F03,F04,P048,52.0,EU to EU Internal
STO00510,2024-02-18,F03,F04,P049,29.0,EU to EU Internal
STO00511,2024-02-16,F03,F04,P050,134.0,EU to EU Internal
STO00512,2024-02-10,F03,F04,P051,200.0,EU to EU Internal
STO00513,2024-02-17,F03,F04,P052,150.0,EU to EU Internal
STO00514,2024-02-16,F03,F04,P053,147.0,EU to EU Internal
STO00515,2024-02-14,F03,F04,P054,41.0,EU to EU Internal
STO00516,2024-02-21,F03,F04,P055,29.0,EU to EU Internal
STO00517,2024-02-18,F03,F04,P056,100.0,EU to EU Internal
STO00518,2024-02-13,F03,F04,P057,189.0,EU to EU Internal
STO00519,2024-02-22,F03,F04,P058,122.0,EU to EU Internal
STO00520,2024-02-18,F03,F04,P059,74.0,EU to EU Internal
STO00521,2024-02-09,F03,F04,P060,35.0,EU to EU Internal
STO00522,2024-02-22,F03,F04,P061,166.0,EU to EU Internal
STO00523,2024-02-21,F03,F04,P062,66.0,EU to EU Internal
STO00524,2024-02-17,F03,F04,P063,106.0,EU to EU Internal
STO00525,2024-02-12,F03,F04,P064,67.0,EU to EU Internal
STO00526,2024-02-09,F03,F04,P065,85.0,EU to EU Internal
STO00527,2024-02-14,F03,F04,P066,2.0,EU to EU Internal
STO00528,2024-02-13,F03,F04,P067,6.0,EU to EU Internal
STO00529,2024-02-14,F03,F04,P068,6.0,EU to EU Internal
STO00530,2024-02-20,F03,F04,P069,45.0,EU to EU Internal
STO00531,2024-02-10,F03,F04,P070,42.0,EU to EU Internal
STO00532,2024-02-17,F03,F04,P071,135.0,EU to EU Internal
STO00533,2024-02-15,F03,F04,P072,75.0,EU to EU Internal
STO00534,2024-02-17,F03,F04,P073,111.0,EU to EU Internal
STO00535,2024-02-17,F03,F04,P074,39.0,EU to EU Internal
STO00536,2024-02-19,F03,F04,P075,41.0,EU to EU Internal
STO00537,2024-02-22,F03,F04,P076,45.0,EU to EU Internal
STO00538,2024-02-12,F03,F04,P077,77.0,EU to EU Internal
STO00539,2024-02-15,F03,F04,P078,28.0,EU to EU Internal
STO00540,2024-02-19,F03,F04,P079,113.0,EU to EU Internal
STO00541,2024-02-18,F03,F04,P080,24.0,EU to EU Internal
STO00542,2024-02-11,F03,F04,P081,240.0,EU to EU Internal
STO00543,2024-02-15,F03,F04,P082,143.0,EU to EU Internal
STO00544,2024-02-17,F03,F04,P083,13.0,EU to EU Internal
STO00545,2024-02-10,F03,F04,P084,91.0,EU to EU Internal
STO00546,2024-02-16,F03,F04,P085,134.0,EU to EU Internal
STO00547,2024-02-13,F03,F04,P086,12.0,EU to EU Internal
STO00548,2024-02-21,F03,F04,P087,141.0,EU to EU Internal
STO00549,2024-02-09,F03,F04,P088,79.0,EU to EU Internal
STO00550,2024-02-19,F03,F04,P089,7.0,EU to EU Internal
STO00551,2024-02-10,F03,F04,P091,103.0,EU to EU Internal
STO00552,2024-02-17,F03,F04,P092,111.0,EU to EU Internal
STO00553,2024-02-21,F03,F04,P093,105.0,EU to EU Internal
STO00554,2024-02-12,F03,F04,P094,255.0,EU to EU Internal
STO00555,2024-02-13,F03,F04,P095,53.0,EU to EU Internal
STO00556,2024-02-18,F03,F04,P096,65.0,EU to EU Internal
STO00557,2024-02-12,F03,F04,P097,115.0,EU to EU Internal
STO00558,2024-02-10,F03,F04,P098,208.0,EU to EU Internal
STO00559,2024-02-19,F03,F04,P099,138.0,EU to EU Internal
STO00560,2024-02-15,F03,F04,P100,15.0,EU to EU Internal
STO00561,2024-02-19,F01,F05,P002,10.0,EU to EU Internal
STO00562,2024-02-11,F01,F05,P003,25.0,EU to EU Internal
STO00563,2024-02-16,F01,F05,P005,28.0,EU to EU Internal
STO00564,2024-02-17,F01,F05,P007,10.0,EU to EU Internal
STO00565,2024-02-11,F01,F05,P008,32.0,EU to EU Internal
STO00566,2024-02-14,F01,F05,P009,44.0,EU to EU Internal
STO00567,2024-02-16,F01,F05,P010,15.0,EU to EU Internal
STO00568,2024-02-20,F01,F05,P011,72.0,EU to EU Internal
STO00569,2024-02-15,F01,F05,P012,8.0,EU to EU Internal
STO00570,2024-02-18,F01,F05,P014,6.0,EU to EU Internal
STO00571,2024-02-18,F01,F05,P015,127.0,EU to EU Internal
STO00572,2024-02-10,F01,F05,P017,5.0,EU to EU Internal
STO00573,2024-02-18,F01,F05,P018,17.0,EU to EU Internal
STO00574,2024-02-09,F01,F05,P019,12.0,EU to EU Internal
STO00575,2024-02-17,F01,F05,P020,58.0,EU to EU Internal
STO00576,2024-02-09,F01,F05,P021,26.0,EU to EU Internal
STO00577,2024-02-18,F01,F05,P022,13.0,EU to EU Internal
STO00578,2024-02-16,F01,F05,P023,17.0,EU to EU Internal
STO00579,2024-02-21,F01,F05,P024,36.0,EU to EU Internal
STO00580,2024-02-19,F01,F05,P025,24.0,EU to EU Internal
STO00581,2024-02-14,F01,F05,P026,6.0,EU to EU Internal
STO00582,2024-02-15,F01,F05,P028,21.0,EU to EU Internal
STO00583,2024-02-11,F01,F05,P029,14.0,EU to EU Internal
STO00584,2024-02-19,F01,F05,P030,19.0,EU to EU Internal
STO00585,2024-02-18,F01,F05,P032,21.0,EU to EU Internal
STO00586,2024-02-19,F01,F05,P034,20.0,EU to EU Internal
STO00587,2024-02-20,F01,F05,P035,21.0,EU to EU Internal
STO00588,2024-02-21,F01,F05,P037,19.0,EU to EU Internal
STO00589,2024-02-22,F01,F05,P038,29.0,EU to EU Internal
STO00590,2024-02-20,F01,F05,P039,44.0,EU to EU Internal
STO00591,2024-02-15,F01,F05,P041,17.0,EU to EU Internal
STO00592,2024-02-12,F01,F05,P042,8.0,EU to EU Internal
STO00593,2024-02-11,F01,F05,P043,27.0,EU to EU Internal
STO00594,2024-02-12,F01,F05,P044,15.0,EU to EU Internal
STO00595,2024-02-11,F01,F05,P045,25.0,EU to EU Internal
STO00596,2024-02-15,F01,F05,P046,80.0,EU to EU Internal
STO00597,2024-02-10,F01,F05,P047,13.0,EU to EU Internal
STO00598,2024-02-19,F01,F05,P048,13.0,EU to EU Internal
STO00599,2024-02-10,F01,F05,P050,12.0,EU to EU Internal
STO00600,2024-02-18,F01,F05,P051,47.0,EU to EU Internal
STO00601,2024-02-09,F01,F05,P052,13.0,EU to EU Internal
STO00602,2024-02-17,F01,F05,P055,10.0,EU to EU Internal
STO00603,2024-02-18,F01,F05,P056,20.0,EU to EU Internal
STO00604,2024-02-14,F01,F05,P057,66.0,EU to EU Internal
STO00605,2024-02-11,F01,F05,P059,42.0,EU to EU Internal
STO00606,2024-02-10,F01,F05,P061,30.0,EU to EU Internal
STO00607,2024-02-22,F01,F05,P062,9.0,EU to EU Internal
STO00608,2024-02-16,F01,F05,P063,25.0,EU to EU Internal
STO00609,2024-02-13,F01,F05,P064,19.0,EU to EU Internal
STO00610,2024-02-10,F01,F05,P065,32.0,EU to EU Internal
STO00611,2024-02-22,F01,F05,P067,20.0,EU to EU Internal
STO00612,2024-02-09,F01,F05,P069,13.0,EU to EU Internal
STO00613,2024-02-21,F01,F05,P070,42.0,EU to EU Internal
STO00614,2024-02-16,F01,F05,P071,23.0,EU to EU Internal
STO00615,2024-02-19,F01,F05,P072,4.0,EU to EU Internal
STO00616,2024-02-14,F01,F05,P073,48.0,EU to EU Internal
STO00617,2024-02-14,F01,F05,P076,19.0,EU to EU Internal
STO00618,2024-02-19,F01,F05,P077,30.0,EU to EU Internal
STO00619,2024-02-10,F01,F05,P079,5.0,EU to EU Internal
STO00620,2024-02-12,F01,F05,P080,26.0,EU to EU Internal
STO00621,2024-02-19,F01,F05,P081,70.0,EU to EU Internal
STO00622,2024-02-13,F01,F05,P083,8.0,EU to EU Internal
STO00623,2024-02-18,F01,F05,P084,31.0,EU to EU Internal
STO00624,2024-02-11,F01,F05,P085,21.0,EU to EU Internal
STO00625,2024-02-20,F01,F05,P086,14.0,EU to EU Internal
STO00626,2024-02-19,F01,F05,P087,70.0,EU to EU Internal
STO00627,2024-02-11,F01,F05,P088,49.0,EU to EU Internal
STO00628,2024-02-13,F01,F05,P089,43.0,EU to EU Internal
STO00629,2024-02-14,F01,F05,P090,9.0,EU to EU Internal
STO00630,2024-02-11,F01,F05,P091,9.0,EU to EU Internal
STO00631,2024-02-13,F01,F05,P092,18.0,EU to EU Internal
STO00632,2024-02-16,F01,F05,P093,49.0,EU to EU Internal
STO00633,2024-02-13,F01,F05,P094,7.0,EU to EU Internal
STO00634,2024-02-21,F01,F05,P095,6.0,EU to EU Internal
STO00635,2024-02-10,F01,F05,P096,26.0,EU to EU Internal
STO00636,2024-02-18,F01,F05,P097,64.0,EU to EU Internal
STO00637,2024-02-20,F01,F05,P099,14.0,EU to EU Internal
STO00638,2024-02-14,F01,F06,P001,101.0,EU to EU Internal
STO00639,2024-02-12,F01,F06,P002,30.0,EU to EU Internal
STO00640,2024-02-17,F01,F06,P003,3.0,EU to EU Internal
STO00641,2024-02-20,F01,F06,P004,153.0,EU to EU Internal
STO00642,2024-02-12,F01,F06,P005,157.0,EU to EU Internal
STO00643,2024-02-21,F01,F06,P006,9.0,EU to EU Internal
STO00644,2024-02-14,F01,F06,P007,32.0,EU to EU Internal
STO00645,2024-02-09,F01,F06,P008,61.0,EU to EU Internal
STO00646,2024-02-10,F01,F06,P009,74.0,EU to EU Internal
STO00647,2024-02-09,F01,F06,P010,91.0,EU to EU Internal
STO00648,2024-02-22,F01,F06,P011,79.0,EU to EU Internal
STO00649,2024-02-17,F01,F06,P012,25.0,EU to EU Internal
STO00650,2024-02-21,F01,F06,P013,28.0,EU to EU Internal
STO00651,2024-02-16,F01,F06,P014,44.0,EU to EU Internal
STO00652,2024-02-14,F01,F06,P015,34.0,EU to EU Internal
STO00653,2024-02-20,F01,F06,P016,77.0,EU to EU Internal
STO00654,2024-02-19,F01,F06,P017,79.0,EU to EU Internal
STO00655,2024-02-21,F01,F06,P018,48.0,EU to EU Internal
STO00656,2024-02-10,F01,F06,P019,54.0,EU to EU Internal
STO00657,2024-02-20,F01,F06,P020,42.0,EU to EU Internal
STO00658,2024-02-09,F01,F06,P021,36.0,EU to EU Internal
STO00659,2024-02-17,F01,F06,P022,38.0,EU to EU Internal
STO00660,2024-02-15,F01,F06,P023,23.0,EU to EU Internal
STO00661,2024-02-11,F01,F06,P024,32.0,EU to EU Internal
STO00662,2024-02-09,F01,F06,P025,60.0,EU to EU Internal
STO00663,2024-02-10,F01,F06,P026,38.0,EU to EU Internal
STO00664,2024-02-17,F01,F06,P027,63.0,EU to EU Internal
STO00665,2024-02-09,F01,F06,P028,41.0,EU to EU Internal
STO00666,2024-02-16,F01,F06,P029,24.0,EU to EU Internal
STO00667,2024-02-18,F01,F06,P030,62.0,EU to EU Internal
STO00668,2024-02-20,F01,F06,P031,111.0,EU to EU Internal
STO00669,2024-02-09,F01,F06,P032,61.0,EU to EU Internal
STO00670,2024-02-17,F01,F06,P033,45.0,EU to EU Internal
STO00671,2024-02-16,F01,F06,P034,27.0,EU to EU Internal
STO00672,2024-02-10,F01,F06,P035,8.0,EU to EU Internal
STO00673,2024-02-18,F01,F06,P036,21.0,EU to EU Internal
STO00674,2024-02-15,F01,F06,P037,21.0,EU to EU Internal
STO00675,2024-02-19,F01,F06,P038,49.0,EU to EU Internal
STO00676,2024-02-13,F01,F06,P039,93.0,EU to EU Internal
STO00677,2024-02-09,F01,F06,P040,41.0,EU to EU Internal
STO00678,2024-02-14,F01,F06,P041,50.0,EU to EU Internal
STO00679,2024-02-11,F01,F06,P042,45.0,EU to EU Internal
STO00680,2024-02-19,F01,F06,P043,27.0,EU to EU Internal
STO00681,2024-02-12,F01,F06,P044,47.0,EU to EU Internal
STO00682,2024-02-19,F01,F06,P045,44.0,EU to EU Internal
STO00683,2024-02-11,F01,F06,P046,157.0,EU to EU Internal
STO00684,2024-02-21,F01,F06,P047,50.0,EU to EU Internal
STO00685,2024-02-11,F01,F06,P048,88.0,EU to EU Internal
STO00686,2024-02-20,F01,F06,P049,34.0,EU to EU Internal
STO00687,2024-02-10,F01,F06,P050,80.0,EU to EU Internal
STO00688,2024-02-22,F01,F06,P051,116.0,EU to EU Internal
STO00689,2024-02-13,F01,F06,P052,58.0,EU to EU Internal
STO00690,2024-02-14,F01,F06,P053,28.0,EU to EU Internal
STO00691,2024-02-20,F01,F06,P054,15.0,EU to EU Internal
STO00692,2024-02-21,F01,F06,P055,35.0,EU to EU Internal
STO00693,2024-02-10,F01,F06,P056,12.0,EU to EU Internal
STO00694,2024-02-20,F01,F06,P057,134.0,EU to EU Internal
STO00695,2024-02-16,F01,F06,P058,45.0,EU to EU Internal
STO00696,2024-02-21,F01,F06,P059,112.0,EU to EU Internal
STO00697,2024-02-22,F01,F06,P060,32.0,EU to EU Internal
STO00698,2024-02-13,F01,F06,P061,82.0,EU to EU Internal
STO00699,2024-02-20,F01,F06,P062,59.0,EU to EU Internal
STO00700,2024-02-14,F01,F06,P063,105.0,EU to EU Internal
STO00701,2024-02-16,F01,F06,P064,51.0,EU to EU Internal
STO00702,2024-02-12,F01,F06,P065,60.0,EU to EU Internal
STO00703,2024-02-12,F01,F06,P066,14.0,EU to EU Internal
STO00704,2024-02-14,F01,F06,P067,45.0,EU to EU Internal
STO00705,2024-02-12,F01,F06,P068,27.0,EU to EU Internal
STO00706,2024-02-22,F01,F06,P069,23.0,EU to EU Internal
STO00707,2024-02-21,F01,F06,P070,47.0,EU to EU Internal
STO00708,2024-02-13,F01,F06,P071,36.0,EU to EU Internal
STO00709,2024-02-11,F01,F06,P072,60.0,EU to EU Internal
STO00710,2024-02-09,F01,F06,P073,149.0,EU to EU Internal
STO00711,2024-02-20,F01,F06,P074,35.0,EU to EU Internal
STO00712,2024-02-18,F01,F06,P075,11.0,EU to EU Internal
STO00713,2024-02-22,F01,F06,P076,52.0,EU to EU Internal
STO00714,2024-02-17,F01,F06,P077,177.0,EU to EU Internal
STO00715,2024-02-14,F01,F06,P078,24.0,EU to EU Internal
STO00716,2024-02-15,F01,F06,P079,41.0,EU to EU Internal
STO00717,2024-02-14,F01,F06,P080,29.0,EU to EU Internal
STO00718,2024-02-17,F01,F06,P081,133.0,EU to EU Internal
STO00719,2024-02-12,F01,F06,P082,136.0,EU to EU Internal
STO00720,2024-02-10,F01,F06,P083,42.0,EU to EU Internal
STO00721,2024-02-13,F01,F06,P084,34.0,EU to EU Internal
STO00722,2024-02-19,F01,F06,P085,69.0,EU to EU Internal
STO00723,2024-02-10,F01,F06,P086,65.0,EU to EU Internal
STO00724,2024-02-20,F01,F06,P087,104.0,EU to EU Internal
STO00725,2024-02-22,F01,F06,P088,62.0,EU to EU Internal
STO00726,2024-02-20,F01,F06,P089,55.0,EU to EU Internal
STO00727,2024-02-10,F01,F06,P090,24.0,EU to EU Internal
STO00728,2024-02-20,F01,F06,P091,20.0,EU to EU Internal
STO00729,2024-02-17,F01,F06,P092,46.0,EU to EU Internal
STO00730,2024-02-13,F01,F06,P093,120.0,EU to EU Internal
STO00731,2024-02-17,F01,F06,P094,83.0,EU to EU Internal
STO00732,2024-02-17,F01,F06,P095,63.0,EU to EU Internal
STO00733,2024-02-18,F01,F06,P096,94.0,EU to EU Internal
STO00734,2024-02-14,F01,F06,P097,51.0,EU to EU Internal
STO00735,2024-02-19,F01,F06,P098,75.0,EU to EU Internal
STO00736,2024-02-15,F01,F06,P099,25.0,EU to EU Internal
STO00737,2024-02-16,F01,F06,P100,95.0,EU to EU Internal
STO00738,2024-03-14,F03,F02,P001,68.0,EU to EU Internal
STO00739,2024-03-21,F03,F02,P002,36.0,EU to EU Internal
STO00740,2024-03-18,F03,F02,P003,43.0,EU to EU Internal
STO00741,2024-03-20,F03,F02,P004,62.0,EU to EU Internal
STO00742,2024-03-23,F03,F02,P005,110.0,EU to EU Internal
STO00743,2024-03-16,F03,F02,P006,19.0,EU to EU Internal
STO00744,2024-03-19,F03,F02,P008,42.0,EU to EU Internal
STO00745,2024-03-18,F03,F02,P009,11.0,EU to EU Internal
STO00746,2024-03-11,F03,F02,P010,57.0,EU to EU Internal
STO00747,2024-03-12,F03,F02,P011,38.0,EU to EU Internal
STO00748,2024-03-23,F03,F02,P012,20.0,EU to EU Internal
STO00749,2024-03-24,F03,F02,P013,36.0,EU to EU Internal
STO00750,2024-03-23,F03,F02,P014,68.0,EU to EU Internal
STO00751,2024-03-19,F03,F02,P015,1.0,EU to EU Internal
STO00752,2024-03-13,F03,F02,P016,99.0,EU to EU Internal
STO00753,2024-03-18,F03,F02,P017,13.0,EU to EU Internal
STO00754,2024-03-17,F03,F02,P018,35.0,EU to EU Internal
STO00755,2024-03-20,F03,F02,P019,85.0,EU to EU Internal
STO00756,2024-03-21,F03,F02,P020,5.0,EU to EU Internal
STO00757,2024-03-14,F03,F02,P021,44.0,EU to EU Internal
STO00758,2024-03-20,F03,F02,P022,52.0,EU to EU Internal
STO00759,2024-03-17,F03,F02,P023,32.0,EU to EU Internal
STO00760,2024-03-18,F03,F02,P024,31.0,EU to EU Internal
STO00761,2024-03-14,F03,F02,P026,20.0,EU to EU Internal
STO00762,2024-03-16,F03,F02,P027,60.0,EU to EU Internal
STO00763,2024-03-17,F03,F02,P028,62.0,EU to EU Internal
STO00764,2024-03-12,F03,F02,P029,103.0,EU to EU Internal
STO00765,2024-03-20,F03,F02,P030,13.0,EU to EU Internal
STO00766,2024-03-22,F03,F02,P031,157.0,EU to EU Internal
STO00767,2024-03-16,F03,F02,P032,1.0,EU to EU Internal
STO00768,2024-03-11,F03,F02,P033,11.0,EU to EU Internal
STO00769,2024-03-14,F03,F02,P034,47.0,EU to EU Internal
STO00770,2024-03-17,F03,F02,P035,29.0,EU to EU Internal
STO00771,2024-03-12,F03,F02,P036,56.0,EU to EU Internal
STO00772,2024-03-20,F03,F02,P037,21.0,EU to EU Internal
STO00773,2024-03-23,F03,F02,P038,134.0,EU to EU Internal
STO00774,2024-03-16,F03,F02,P039,20.0,EU to EU Internal
STO00775,2024-03-11,F03,F02,P040,10.0,EU to EU Internal
STO00776,2024-03-24,F03,F02,P041,42.0,EU to EU Internal
STO00777,2024-03-24,F03,F02,P042,98.0,EU to EU Internal
STO00778,2024-03-16,F03,F02,P043,115.0,EU to EU Internal
STO00779,2024-03-21,F03,F02,P044,24.0,EU to EU Internal
STO00780,2024-03-11,F03,F02,P045,35.0,EU to EU Internal
STO00781,2024-03-16,F03,F02,P046,91.0,EU to EU Internal
STO00782,2024-03-22,F03,F02,P047,153.0,EU to EU Internal
STO00783,2024-03-23,F03,F02,P048,19.0,EU to EU Internal
STO00784,2024-03-13,F03,F02,P049,44.0,EU to EU Internal
STO00785,2024-03-22,F03,F02,P050,90.0,EU to EU Internal
STO00786,2024-03-23,F03,F02,P051,61.0,EU to EU Internal
STO00787,2024-03-16,F03,F02,P052,18.0,EU to EU Internal
STO00788,2024-03-20,F03,F02,P053,27.0,EU to EU Internal
STO00789,2024-03-12,F03,F02,P054,5.0,EU to EU Internal
STO00790,2024-03-12,F03,F02,P055,24.0,EU to EU Internal
STO00791,2024-03-16,F03,F02,P056,78.0,EU to EU Internal
STO00792,2024-03-13,F03,F02,P057,85.0,EU to EU Internal
STO00793,2024-03-23,F03,F02,P058,37.0,EU to EU Internal
STO00794,2024-03-13,F03,F02,P060,28.0,EU to EU Internal
STO00795,2024-03-13,F03,F02,P061,51.0,EU to EU Internal
STO00796,2024-03-11,F03,F02,P062,54.0,EU to EU Internal
STO00797,2024-03-18,F03,F02,P063,64.0,EU to EU Internal
STO00798,2024-03-20,F03,F02,P064,28.0,EU to EU Internal
STO00799,2024-03-13,F03,F02,P065,83.0,EU to EU Internal
STO00800,2024-03-24,F03,F02,P068,17.0,EU to EU Internal
STO00801,2024-03-11,F03,F02,P069,35.0,EU to EU Internal
STO00802,2024-03-21,F03,F02,P070,119.0,EU to EU Internal
STO00803,2024-03-22,F03,F02,P071,42.0,EU to EU Internal
STO00804,2024-03-24,F03,F02,P072,6.0,EU to EU Internal
STO00805,2024-03-20,F03,F02,P074,26.0,EU to EU Internal
STO00806,2024-03-14,F03,F02,P075,31.0,EU to EU Internal
STO00807,2024-03-18,F03,F02,P076,52.0,EU to EU Internal
STO00808,2024-03-16,F03,F02,P077,64.0,EU to EU Internal
STO00809,2024-03-17,F03,F02,P079,75.0,EU to EU Internal
STO00810,2024-03-17,F03,F02,P080,17.0,EU to EU Internal
STO00811,2024-03-22,F03,F02,P081,78.0,EU to EU Internal
STO00812,2024-03-18,F03,F02,P082,16.0,EU to EU Internal
STO00813,2024-03-11,F03,F02,P083,10.0,EU to EU Internal
STO00814,2024-03-15,F03,F02,P084,40.0,EU to EU Internal
STO00815,2024-03-14,F03,F02,P085,50.0,EU to EU Internal
STO00816,2024-03-18,F03,F02,P086,20.0,EU to EU Internal
STO00817,2024-03-19,F03,F02,P087,63.0,EU to EU Internal
STO00818,2024-03-22,F03,F02,P088,27.0,EU to EU Internal
STO00819,2024-03-17,F03,F02,P089,63.0,EU to EU Internal
STO00820,2024-03-19,F03,F02,P091,11.0,EU to EU Internal
STO00821,2024-03-13,F03,F02,P092,62.0,EU to EU Internal
STO00822,2024-03-11,F03,F02,P093,30.0,EU to EU Internal
STO00823,2024-03-21,F03,F02,P094,56.0,EU to EU Internal
STO00824,2024-03-22,F03,F02,P095,48.0,EU to EU Internal
STO00825,2024-03-11,F03,F02,P096,48.0,EU to EU Internal
STO00826,2024-03-20,F03,F02,P097,5.0,EU to EU Internal
STO00827,2024-03-13,F03,F02,P098,33.0,EU to EU Internal
STO00828,2024-03-22,F03,F02,P099,6.0,EU to EU Internal
STO00829,2024-03-19,F03,F02,P100,49.0,EU to EU Internal
STO00830,2024-03-22,F03,F04,P001,91.0,EU to EU Internal
STO00831,2024-03-12,F03,F04,P002,70.0,EU to EU Internal
STO00832,2024-03-12,F03,F04,P003,112.0,EU to EU Internal
STO00833,2024-03-11,F03,F04,P004,86.0,EU to EU Internal
STO00834,2024-03-15,F03,F04,P005,70.0,EU to EU Internal
STO00835,2024-03-20,F03,F04,P006,22.0,EU to EU Internal
STO00836,2024-03-18,F03,F04,P007,27.0,EU to EU Internal
STO00837,2024-03-24,F03,F04,P008,1.0,EU to EU Internal
STO00838,2024-03-15,F03,F04,P009,23.0,EU to EU Internal
STO00839,2024-03-18,F03,F04,P010,42.0,EU to EU Internal
STO00840,2024-03-19,F03,F04,P011,44.0,EU to EU Internal
STO00841,2024-03-16,F03,F04,P012,56.0,EU to EU Internal
STO00842,2024-03-14,F03,F04,P013,120.0,EU to EU Internal
STO00843,2024-03-22,F03,F04,P014,74.0,EU to EU Internal
STO00844,2024-03-24,F03,F04,P015,100.0,EU to EU Internal
STO00845,2024-03-19,F03,F04,P016,158.0,EU to EU Internal
STO00846,2024-03-18,F03,F04,P018,82.0,EU to EU Internal
STO00847,2024-03-16,F03,F04,P019,119.0,EU to EU Internal
STO00848,2024-03-13,F03,F04,P020,96.0,EU to EU Internal
STO00849,2024-03-22,F03,F04,P021,32.0,EU to EU Internal
STO00850,2024-03-21,F03,F04,P022,109.0,EU to EU Internal
STO00851,2024-03-16,F03,F04,P023,48.0,EU to EU Internal
STO00852,2024-03-19,F03,F04,P024,22.0,EU to EU Internal
STO00853,2024-03-16,F03,F04,P025,52.0,EU to EU Internal
STO00854,2024-03-20,F03,F04,P026,77.0,EU to EU Internal
STO00855,2024-03-15,F03,F04,P027,119.0,EU to EU Internal
STO00856,2024-03-22,F03,F04,P028,116.0,EU to EU Internal
STO00857,2024-03-21,F03,F04,P029,143.0,EU to EU Internal
STO00858,2024-03-20,F03,F04,P030,141.0,EU to EU Internal
STO00859,2024-03-15,F03,F04,P031,157.0,EU to EU Internal
STO00860,2024-03-15,F03,F04,P032,81.0,EU to EU Internal
STO00861,2024-03-23,F03,F04,P033,36.0,EU to EU Internal
STO00862,2024-03-15,F03,F04,P034,81.0,EU to EU Internal
STO00863,2024-03-18,F03,F04,P035,68.0,EU to EU Internal
STO00864,2024-03-11,F03,F04,P036,70.0,EU to EU Internal
STO00865,2024-03-12,F03,F04,P037,83.0,EU to EU Internal
STO00866,2024-03-12,F03,F04,P038,61.0,EU to EU Internal
STO00867,2024-03-12,F03,F04,P039,39.0,EU to EU Internal
STO00868,2024-03-18,F03,F04,P040,65.0,EU to EU Internal
STO00869,2024-03-22,F03,F04,P041,22.0,EU to EU Internal
STO00870,2024-03-12,F03,F04,P042,126.0,EU to EU Internal
STO00871,2024-03-12,F03,F04,P043,163.0,EU to EU Internal
STO00872,2024-03-12,F03,F04,P044,43.0,EU to EU Internal
STO00873,2024-03-12,F03,F04,P045,60.0,EU to EU Internal
STO00874,2024-03-16,F03,F04,P046,107.0,EU to EU Internal
STO00875,2024-03-24,F03,F04,P047,107.0,EU to EU Internal
STO00876,2024-03-16,F03,F04,P048,63.0,EU to EU Internal
STO00877,2024-03-18,F03,F04,P049,23.0,EU to EU Internal
STO00878,2024-03-22,F03,F04,P050,183.0,EU to EU Internal
STO00879,2024-03-22,F03,F04,P051,200.0,EU to EU Internal
STO00880,2024-03-13,F03,F04,P052,124.0,EU to EU Internal
STO00881,2024-03-24,F03,F04,P053,88.0,EU to EU Internal
STO00882,2024-03-22,F03,F04,P054,37.0,EU to EU Internal
STO00883,2024-03-23,F03,F04,P055,54.0,EU to EU Internal
STO00884,2024-03-23,F03,F04,P056,100.0,EU to EU Internal
STO00885,2024-03-17,F03,F04,P057,66.0,EU to EU Internal
STO00886,2024-03-15,F03,F04,P058,90.0,EU to EU Internal
STO00887,2024-03-19,F03,F04,P059,54.0,EU to EU Internal
STO00888,2024-03-11,F03,F04,P060,37.0,EU to EU Internal
STO00889,2024-03-12,F03,F04,P061,86.0,EU to EU Internal
STO00890,2024-03-19,F03,F04,P062,53.0,EU to EU Internal
STO00891,2024-03-21,F03,F04,P063,74.0,EU to EU Internal
STO00892,2024-03-15,F03,F04,P064,74.0,EU to EU Internal
STO00893,2024-03-16,F03,F04,P065,130.0,EU to EU Internal
STO00894,2024-03-14,F03,F04,P066,5.0,EU to EU Internal
STO00895,2024-03-23,F03,F04,P067,4.0,EU to EU Internal
STO00896,2024-03-14,F03,F04,P069,51.0,EU to EU Internal
STO00897,2024-03-16,F03,F04,P070,52.0,EU to EU Internal
STO00898,2024-03-13,F03,F04,P071,132.0,EU to EU Internal
STO00899,2024-03-20,F03,F04,P072,71.0,EU to EU Internal
STO00900,2024-03-12,F03,F04,P073,157.0,EU to EU Internal
STO00901,2024-03-14,F03,F04,P074,51.0,EU to EU Internal
STO00902,2024-03-19,F03,F04,P075,50.0,EU to EU Internal
STO00903,2024-03-16,F03,F04,P076,58.0,EU to EU Internal
STO00904,2024-03-22,F03,F04,P077,118.0,EU to EU Internal
STO00905,2024-03-24,F03,F04,P078,27.0,EU to EU Internal
STO00906,2024-03-19,F03,F04,P079,97.0,EU to EU Internal
STO00907,2024-03-15,F03,F04,P080,21.0,EU to EU Internal
STO00908,2024-03-21,F03,F04,P081,180.0,EU to EU Internal
STO00909,2024-03-11,F03,F04,P082,207.0,EU to EU Internal
STO00910,2024-03-19,F03,F04,P083,5.0,EU to EU Internal
STO00911,2024-03-11,F03,F04,P084,124.0,EU to EU Internal
STO00912,2024-03-21,F03,F04,P085,119.0,EU to EU Internal
STO00913,2024-03-18,F03,F04,P086,59.0,EU to EU Internal
STO00914,2024-03-21,F03,F04,P087,180.0,EU to EU Internal
STO00915,2024-03-16,F03,F04,P088,72.0,EU to EU Internal
STO00916,2024-03-22,F03,F04,P089,9.0,EU to EU Internal
STO00917,2024-03-20,F03,F04,P091,111.0,EU to EU Internal
STO00918,2024-03-11,F03,F04,P092,93.0,EU to EU Internal
STO00919,2024-03-11,F03,F04,P093,142.0,EU to EU Internal
STO00920,2024-03-24,F03,F04,P094,213.0,EU to EU Internal
STO00921,2024-03-16,F03,F04,P095,59.0,EU to EU Internal
STO00922,2024-03-12,F03,F04,P096,34.0,EU to EU Internal
STO00923,2024-03-21,F03,F04,P097,184.0,EU to EU Internal
STO00924,2024-03-20,F03,F04,P098,208.0,EU to EU Internal
STO00925,2024-03-24,F03,F04,P099,294.0,EU to EU Internal
STO00926,2024-03-18,F03,F04,P100,15.0,EU to EU Internal
STO00927,2024-03-12,F01,F05,P002,4.0,EU to EU Internal
STO00928,2024-03-17,F01,F05,P003,17.0,EU to EU Internal
STO00929,2024-03-19,F01,F05,P005,25.0,EU to EU Internal
STO00930,2024-03-20,F01,F05,P007,8.0,EU to EU Internal
STO00931,2024-03-12,F01,F05,P008,53.0,EU to EU Internal
STO00932,2024-03-12,F01,F05,P009,31.0,EU to EU Internal
STO00933,2024-03-21,F01,F05,P010,23.0,EU to EU Internal
STO00934,2024-03-14,F01,F05,P011,70.0,EU to EU Internal
STO00935,2024-03-16,F01,F05,P012,11.0,EU to EU Internal
STO00936,2024-03-17,F01,F05,P014,11.0,EU to EU Internal
STO00937,2024-03-11,F01,F05,P015,84.0,EU to EU Internal
STO00938,2024-03-17,F01,F05,P018,27.0,EU to EU Internal
STO00939,2024-03-19,F01,F05,P020,46.0,EU to EU Internal
STO00940,2024-03-23,F01,F05,P021,30.0,EU to EU Internal
STO00941,2024-03-16,F01,F05,P022,10.0,EU to EU Internal
STO00942,2024-03-13,F01,F05,P023,28.0,EU to EU Internal
STO00943,2024-03-23,F01,F05,P024,18.0,EU to EU Internal
STO00944,2024-03-11,F01,F05,P025,15.0,EU to EU Internal
STO00945,2024-03-13,F01,F05,P026,7.0,EU to EU Internal
STO00946,2024-03-23,F01,F05,P028,32.0,EU to EU Internal
STO00947,2024-03-15,F01,F05,P029,31.0,EU to EU Internal
STO00948,2024-03-21,F01,F05,P030,11.0,EU to EU Internal
STO00949,2024-03-15,F01,F05,P032,18.0,EU to EU Internal
STO00950,2024-03-18,F01,F05,P034,24.0,EU to EU Internal
STO00951,2024-03-18,F01,F05,P035,25.0,EU to EU Internal
STO00952,2024-03-15,F01,F05,P037,24.0,EU to EU Internal
STO00953,2024-03-19,F01,F05,P038,21.0,EU to EU Internal
STO00954,2024-03-18,F01,F05,P039,27.0,EU to EU Internal
STO00955,2024-03-22,F01,F05,P041,9.0,EU to EU Internal
STO00956,2024-03-22,F01,F05,P042,17.0,EU to EU Internal
STO00957,2024-03-14,F01,F05,P043,28.0,EU to EU Internal
STO00958,2024-03-16,F01,F05,P044,40.0,EU to EU Internal
STO00959,2024-03-12,F01,F05,P045,17.0,EU to EU Internal
STO00960,2024-03-23,F01,F05,P046,94.0,EU to EU Internal
STO00961,2024-03-21,F01,F05,P048,16.0,EU to EU Internal
STO00962,2024-03-19,F01,F05,P049,9.0,EU to EU Internal
STO00963,2024-03-16,F01,F05,P050,18.0,EU to EU Internal
STO00964,2024-03-13,F01,F05,P051,16.0,EU to EU Internal
STO00965,2024-03-20,F01,F05,P052,13.0,EU to EU Internal
STO00966,2024-03-12,F01,F05,P055,12.0,EU to EU Internal
STO00967,2024-03-18,F01,F05,P056,23.0,EU to EU Internal
STO00968,2024-03-21,F01,F05,P057,12.0,EU to EU Internal
STO00969,2024-03-14,F01,F05,P059,24.0,EU to EU Internal
STO00970,2024-03-19,F01,F05,P061,32.0,EU to EU Internal
STO00971,2024-03-22,F01,F05,P062,7.0,EU to EU Internal
STO00972,2024-03-20,F01,F05,P063,11.0,EU to EU Internal
STO00973,2024-03-21,F01,F05,P064,17.0,EU to EU Internal
STO00974,2024-03-21,F01,F05,P065,15.0,EU to EU Internal
STO00975,2024-03-19,F01,F05,P067,26.0,EU to EU Internal
STO00976,2024-03-24,F01,F05,P069,8.0,EU to EU Internal
STO00977,2024-03-16,F01,F05,P070,53.0,EU to EU Internal
STO00978,2024-03-18,F01,F05,P071,26.0,EU to EU Internal
STO00979,2024-03-23,F01,F05,P072,23.0,EU to EU Internal
STO00980,2024-03-20,F01,F05,P073,23.0,EU to EU Internal
STO00981,2024-03-13,F01,F05,P076,16.0,EU to EU Internal
STO00982,2024-03-13,F01,F05,P077,20.0,EU to EU Internal
STO00983,2024-03-20,F01,F05,P079,27.0,EU to EU Internal
STO00984,2024-03-16,F01,F05,P080,4.0,EU to EU Internal
STO00985,2024-03-11,F01,F05,P081,14.0,EU to EU Internal
STO00986,2024-03-17,F01,F05,P083,14.0,EU to EU Internal
STO00987,2024-03-24,F01,F05,P084,31.0,EU to EU Internal
STO00988,2024-03-22,F01,F05,P085,25.0,EU to EU Internal
STO00989,2024-03-24,F01,F05,P086,32.0,EU to EU Internal
STO00990,2024-03-22,F01,F05,P087,51.0,EU to EU Internal
STO00991,2024-03-21,F01,F05,P088,31.0,EU to EU Internal
STO00992,2024-03-17,F01,F05,P089,15.0,EU to EU Internal
STO00993,2024-03-18,F01,F05,P090,9.0,EU to EU Internal
STO00994,2024-03-13,F01,F05,P091,23.0,EU to EU Internal
STO00995,2024-03-22,F01,F05,P092,46.0,EU to EU Internal
STO00996,2024-03-20,F01,F05,P093,46.0,EU to EU Internal
STO00997,2024-03-22,F01,F05,P094,19.0,EU to EU Internal
STO00998,2024-03-24,F01,F05,P095,3.0,EU to EU Internal
STO00999,2024-03-18,F01,F05,P096,27.0,EU to EU Internal
STO01000,2024-03-16,F01,F05,P097,95.0,EU to EU Internal
STO01001,2024-03-12,F01,F05,P099,21.0,EU to EU Internal
STO01002,2024-03-23,F01,F06,P001,84.0,EU to EU Internal
STO01003,2024-03-13,F01,F06,P002,36.0,EU to EU Internal
STO01004,2024-03-22,F01,F06,P003,12.0,EU to EU Internal
STO01005,2024-03-23,F01,F06,P004,243.0,EU to EU Internal
STO01006,2024-03-19,F01,F06,P005,139.0,EU to EU Internal
STO01007,2024-03-16,F01,F06,P006,39.0,EU to EU Internal
STO01008,2024-03-13,F01,F06,P007,88.0,EU to EU Internal
STO01009,2024-03-12,F01,F06,P008,75.0,EU to EU Internal
STO01010,2024-03-11,F01,F06,P009,75.0,EU to EU Internal
STO01011,2024-03-14,F01,F06,P010,101.0,EU to EU Internal
STO01012,2024-03-12,F01,F06,P011,84.0,EU to EU Internal
STO01013,2024-03-22,F01,F06,P012,26.0,EU to EU Internal
STO01014,2024-03-13,F01,F06,P013,28.0,EU to EU Internal
STO01015,2024-03-21,F01,F06,P014,21.0,EU to EU Internal
STO01016,2024-03-21,F01,F06,P016,113.0,EU to EU Internal
STO01017,2024-03-17,F01,F06,P017,38.0,EU to EU Internal
STO01018,2024-03-15,F01,F06,P018,28.0,EU to EU Internal
STO01019,2024-03-17,F01,F06,P019,96.0,EU to EU Internal
STO01020,2024-03-13,F01,F06,P020,101.0,EU to EU Internal
STO01021,2024-03-19,F01,F06,P021,50.0,EU to EU Internal
STO01022,2024-03-23,F01,F06,P022,40.0,EU to EU Internal
STO01023,2024-03-21,F01,F06,P023,91.0,EU to EU Internal
STO01024,2024-03-19,F01,F06,P024,16.0,EU to EU Internal
STO01025,2024-03-13,F01,F06,P025,58.0,EU to EU Internal
STO01026,2024-03-22,F01,F06,P026,9.0,EU to EU Internal
STO01027,2024-03-24,F01,F06,P027,116.0,EU to EU Internal
STO01028,2024-03-23,F01,F06,P028,53.0,EU to EU Internal
STO01029,2024-03-17,F01,F06,P029,34.0,EU to EU Internal
STO01030,2024-03-15,F01,F06,P030,22.0,EU to EU Internal
STO01031,2024-03-17,F01,F06,P031,135.0,EU to EU Internal
STO01032,2024-03-13,F01,F06,P032,93.0,EU to EU Internal
STO01033,2024-03-13,F01,F06,P033,65.0,EU to EU Internal
STO01034,2024-03-18,F01,F06,P034,25.0,EU to EU Internal
STO01035,2024-03-14,F01,F06,P035,9.0,EU to EU Internal
STO01036,2024-03-16,F01,F06,P036,37.0,EU to EU Internal
STO01037,2024-03-19,F01,F06,P037,15.0,EU to EU Internal
STO01038,2024-03-24,F01,F06,P038,39.0,EU to EU Internal
STO01039,2024-03-23,F01,F06,P039,85.0,EU to EU Internal
STO01040,2024-03-18,F01,F06,P040,36.0,EU to EU Internal
STO01041,2024-03-24,F01,F06,P041,33.0,EU to EU Internal
STO01042,2024-03-12,F01,F06,P042,68.0,EU to EU Internal
STO01043,2024-03-11,F01,F06,P043,23.0,EU to EU Internal
STO01044,2024-03-24,F01,F06,P044,29.0,EU to EU Internal
STO01045,2024-03-14,F01,F06,P045,50.0,EU to EU Internal
STO01046,2024-03-11,F01,F06,P046,98.0,EU to EU Internal
STO01047,2024-03-14,F01,F06,P047,36.0,EU to EU Internal
STO01048,2024-03-17,F01,F06,P048,63.0,EU to EU Internal
STO01049,2024-03-11,F01,F06,P049,38.0,EU to EU Internal
STO01050,2024-03-18,F01,F06,P050,112.0,EU to EU Internal
STO01051,2024-03-15,F01,F06,P051,108.0,EU to EU Internal
STO01052,2024-03-16,F01,F06,P052,48.0,EU to EU Internal
STO01053,2024-03-18,F01,F06,P053,45.0,EU to EU Internal
STO01054,2024-03-14,F01,F06,P054,31.0,EU to EU Internal
STO01055,2024-03-15,F01,F06,P055,14.0,EU to EU Internal
STO01056,2024-03-20,F01,F06,P056,2.0,EU to EU Internal
STO01057,2024-03-23,F01,F06,P057,89.0,EU to EU Internal
STO01058,2024-03-11,F01,F06,P058,70.0,EU to EU Internal
STO01059,2024-03-24,F01,F06,P059,98.0,EU to EU Internal
STO01060,2024-03-15,F01,F06,P060,44.0,EU to EU Internal
STO01061,2024-03-16,F01,F06,P061,78.0,EU to EU Internal
STO01062,2024-03-22,F01,F06,P062,70.0,EU to EU Internal
STO01063,2024-03-11,F01,F06,P063,58.0,EU to EU Internal
STO01064,2024-03-19,F01,F06,P064,60.0,EU to EU Internal
STO01065,2024-03-20,F01,F06,P065,82.0,EU to EU Internal
STO01066,2024-03-23,F01,F06,P066,19.0,EU to EU Internal
STO01067,2024-03-12,F01,F06,P067,21.0,EU to EU Internal
STO01068,2024-03-16,F01,F06,P068,78.0,EU to EU Internal
STO01069,2024-03-14,F01,F06,P069,38.0,EU to EU Internal
STO01070,2024-03-24,F01,F06,P070,26.0,EU to EU Internal
STO01071,2024-03-11,F01,F06,P071,25.0,EU to EU Internal
STO01072,2024-03-24,F01,F06,P072,60.0,EU to EU Internal
STO01073,2024-03-21,F01,F06,P073,86.0,EU to EU Internal
STO01074,2024-03-14,F01,F06,P074,41.0,EU to EU Internal
STO01075,2024-03-16,F01,F06,P075,39.0,EU to EU Internal
STO01076,2024-03-23,F01,F06,P076,63.0,EU to EU Internal
STO01077,2024-03-24,F01,F06,P077,123.0,EU to EU Internal
STO01078,2024-03-13,F01,F06,P078,45.0,EU to EU Internal
STO01079,2024-03-22,F01,F06,P079,30.0,EU to EU Internal
STO01080,2024-03-20,F01,F06,P080,30.0,EU to EU Internal
STO01081,2024-03-16,F01,F06,P081,113.0,EU to EU Internal
STO01082,2024-03-16,F01,F06,P082,110.0,EU to EU Internal
STO01083,2024-03-14,F01,F06,P083,72.0,EU to EU Internal
STO01084,2024-03-13,F01,F06,P084,29.0,EU to EU Internal
STO01085,2024-03-20,F01,F06,P085,66.0,EU to EU Internal
STO01086,2024-03-23,F01,F06,P086,55.0,EU to EU Internal
STO01087,2024-03-20,F01,F06,P087,56.0,EU to EU Internal
STO01088,2024-03-15,F01,F06,P088,31.0,EU to EU Internal
STO01089,2024-03-23,F01,F06,P089,73.0,EU to EU Internal
STO01090,2024-03-20,F01,F06,P090,42.0,EU to EU Internal
STO01091,2024-03-16,F01,F06,P091,25.0,EU to EU Internal
STO01092,2024-03-23,F01,F06,P092,46.0,EU to EU Internal
STO01093,2024-03-19,F01,F06,P093,85.0,EU to EU Internal
STO01094,2024-03-24,F01,F06,P094,72.0,EU to EU Internal
STO01095,2024-03-17,F01,F06,P095,56.0,EU to EU Internal
STO01096,2024-03-19,F01,F06,P096,55.0,EU to EU Internal
STO01097,2024-03-14,F01,F06,P097,79.0,EU to EU Internal
STO01098,2024-03-20,F01,F06,P098,151.0,EU to EU Internal
STO01099,2024-03-16,F01,F06,P099,30.0,EU to EU Internal
STO01100,2024-03-16,F01,F06,P100,49.0,EU to EU Internal
STO01101,2024-04-16,F03,F02,P001,79.0,EU to EU Internal
STO01102,2024-04-18,F03,F02,P002,33.0,EU to EU Internal
STO01103,2024-04-12,F03,F02,P003,32.0,EU to EU Internal
STO01104,2024-04-13,F03,F02,P004,90.0,EU to EU Internal
STO01105,2024-04-13,F03,F02,P005,83.0,EU to EU Internal
STO01106,2024-04-23,F03,F02,P006,8.0,EU to EU Internal
STO01107,2024-04-12,F03,F02,P008,50.0,EU to EU Internal
STO01108,2024-04-18,F03,F02,P009,23.0,EU to EU Internal
STO01109,2024-04-22,F03,F02,P010,60.0,EU to EU Internal
STO01110,2024-04-17,F03,F02,P012,7.0,EU to EU Internal
STO01111,2024-04-10,F03,F02,P013,18.0,EU to EU Internal
STO01112,2024-04-18,F03,F02,P014,64.0,EU to EU Internal
STO01113,2024-04-14,F03,F02,P015,9.0,EU to EU Internal
STO01114,2024-04-22,F03,F02,P016,101.0,EU to EU Internal
STO01115,2024-04-17,F03,F02,P017,11.0,EU to EU Internal
STO01116,2024-04-12,F03,F02,P018,30.0,EU to EU Internal
STO01117,2024-04-17,F03,F02,P019,90.0,EU to EU Internal
STO01118,2024-04-21,F03,F02,P020,18.0,EU to EU Internal
STO01119,2024-04-19,F03,F02,P021,54.0,EU to EU Internal
STO01120,2024-04-19,F03,F02,P022,13.0,EU to EU Internal
STO01121,2024-04-11,F03,F02,P023,106.0,EU to EU Internal
STO01122,2024-04-11,F03,F02,P024,31.0,EU to EU Internal
STO01123,2024-04-11,F03,F02,P026,14.0,EU to EU Internal
STO01124,2024-04-16,F03,F02,P027,56.0,EU to EU Internal
STO01125,2024-04-18,F03,F02,P028,47.0,EU to EU Internal
STO01126,2024-04-19,F03,F02,P029,42.0,EU to EU Internal
STO01127,2024-04-11,F03,F02,P030,69.0,EU to EU Internal
STO01128,2024-04-22,F03,F02,P031,179.0,EU to EU Internal
STO01129,2024-04-23,F03,F02,P032,7.0,EU to EU Internal
STO01130,2024-04-19,F03,F02,P033,8.0,EU to EU Internal
STO01131,2024-04-17,F03,F02,P034,54.0,EU to EU Internal
STO01132,2024-04-17,F03,F02,P035,37.0,EU to EU Internal
STO01133,2024-04-16,F03,F02,P036,58.0,EU to EU Internal
STO01134,2024-04-22,F03,F02,P037,28.0,EU to EU Internal
STO01135,2024-04-14,F03,F02,P038,86.0,EU to EU Internal
STO01136,2024-04-18,F03,F02,P039,6.0,EU to EU Internal
STO01137,2024-04-11,F03,F02,P040,19.0,EU to EU Internal
STO01138,2024-04-22,F03,F02,P041,33.0,EU to EU Internal
STO01139,2024-04-18,F03,F02,P042,100.0,EU to EU Internal
STO01140,2024-04-16,F03,F02,P043,86.0,EU to EU Internal
STO01141,2024-04-20,F03,F02,P044,21.0,EU to EU Internal
STO01142,2024-04-16,F03,F02,P045,58.0,EU to EU Internal
STO01143,2024-04-11,F03,F02,P046,49.0,EU to EU Internal
STO01144,2024-04-14,F03,F02,P047,94.0,EU to EU Internal
STO01145,2024-04-15,F03,F02,P048,14.0,EU to EU Internal
STO01146,2024-04-17,F03,F02,P049,16.0,EU to EU Internal
STO01147,2024-04-21,F03,F02,P050,34.0,EU to EU Internal
STO01148,2024-04-22,F03,F02,P051,17.0,EU to EU Internal
STO01149,2024-04-12,F03,F02,P052,7.0,EU to EU Internal
STO01150,2024-04-16,F03,F02,P053,28.0,EU to EU Internal
STO01151,2024-04-11,F03,F02,P054,16.0,EU to EU Internal
STO01152,2024-04-10,F03,F02,P055,6.0,EU to EU Internal
STO01153,2024-04-17,F03,F02,P056,61.0,EU to EU Internal
STO01154,2024-04-12,F03,F02,P057,135.0,EU to EU Internal
STO01155,2024-04-19,F03,F02,P058,41.0,EU to EU Internal
STO01156,2024-04-10,F03,F02,P059,24.0,EU to EU Internal
STO01157,2024-04-15,F03,F02,P060,25.0,EU to EU Internal
STO01158,2024-04-22,F03,F02,P061,32.0,EU to EU Internal
STO01159,2024-04-18,F03,F02,P062,27.0,EU to EU Internal
STO01160,2024-04-11,F03,F02,P063,105.0,EU to EU Internal
STO01161,2024-04-20,F03,F02,P064,30.0,EU to EU Internal
STO01162,2024-04-13,F03,F02,P065,69.0,EU to EU Internal
STO01163,2024-04-12,F03,F02,P068,21.0,EU to EU Internal
STO01164,2024-04-18,F03,F02,P069,60.0,EU to EU Internal
STO01165,2024-04-23,F03,F02,P070,91.0,EU to EU Internal
STO01166,2024-04-18,F03,F02,P071,53.0,EU to EU Internal
STO01167,2024-04-22,F03,F02,P072,17.0,EU to EU Internal
STO01168,2024-04-16,F03,F02,P074,36.0,EU to EU Internal
STO01169,2024-04-19,F03,F02,P075,35.0,EU to EU Internal
STO01170,2024-04-21,F03,F02,P076,51.0,EU to EU Internal
STO01171,2024-04-14,F03,F02,P077,110.0,EU to EU Internal
STO01172,2024-04-22,F03,F02,P079,41.0,EU to EU Internal
STO01173,2024-04-16,F03,F02,P080,23.0,EU to EU Internal
STO01174,2024-04-22,F03,F02,P081,103.0,EU to EU Internal
STO01175,2024-04-15,F03,F02,P082,8.0,EU to EU Internal
STO01176,2024-04-22,F03,F02,P083,8.0,EU to EU Internal
STO01177,2024-04-14,F03,F02,P084,6.0,EU to EU Internal
STO01178,2024-04-20,F03,F02,P085,56.0,EU to EU Internal
STO01179,2024-04-12,F03,F02,P086,18.0,EU to EU Internal
STO01180,2024-04-17,F03,F02,P087,51.0,EU to EU Internal
STO01181,2024-04-22,F03,F02,P088,34.0,EU to EU Internal
STO01182,2024-04-21,F03,F02,P089,8.0,EU to EU Internal
STO01183,2024-04-10,F03,F02,P091,15.0,EU to EU Internal
STO01184,2024-04-12,F03,F02,P092,60.0,EU to EU Internal
STO01185,2024-04-18,F03,F02,P093,69.0,EU to EU Internal
STO01186,2024-04-15,F03,F02,P094,126.0,EU to EU Internal
STO01187,2024-04-19,F03,F02,P095,68.0,EU to EU Internal
STO01188,2024-04-10,F03,F02,P096,25.0,EU to EU Internal
STO01189,2024-04-12,F03,F02,P097,49.0,EU to EU Internal
STO01190,2024-04-20,F03,F02,P098,41.0,EU to EU Internal
STO01191,2024-04-17,F03,F02,P099,11.0,EU to EU Internal
STO01192,2024-04-14,F03,F02,P100,55.0,EU to EU Internal
STO01193,2024-04-21,F03,F04,P001,35.0,EU to EU Internal
STO01194,2024-04-14,F03,F04,P002,41.0,EU to EU Internal
STO01195,2024-04-11,F03,F04,P003,144.0,EU to EU Internal
STO01196,2024-04-17,F03,F04,P004,83.0,EU to EU Internal
STO01197,2024-04-11,F03,F04,P005,74.0,EU to EU Internal
STO01198,2024-04-15,F03,F04,P006,29.0,EU to EU Internal
STO01199,2024-04-11,F03,F04,P007,14.0,EU to EU Internal
STO01200,2024-04-20,F03,F04,P008,14.0,EU to EU Internal
STO01201,2024-04-21,F03,F04,P009,30.0,EU to EU Internal
STO01202,2024-04-22,F03,F04,P010,60.0,EU to EU Internal
STO01203,2024-04-20,F03,F04,P011,59.0,EU to EU Internal
STO01204,2024-04-23,F03,F04,P012,18.0,EU to EU Internal
STO01205,2024-04-19,F03,F04,P013,156.0,EU to EU Internal
STO01206,2024-04-20,F03,F04,P014,78.0,EU to EU Internal
STO01207,2024-04-15,F03,F04,P015,171.0,EU to EU Internal
STO01208,2024-04-17,F03,F04,P016,161.0,EU to EU Internal
STO01209,2024-04-10,F03,F04,P018,116.0,EU to EU Internal
STO01210,2024-04-11,F03,F04,P019,135.0,EU to EU Internal
STO01211,2024-04-18,F03,F04,P020,122.0,EU to EU Internal
STO01212,2024-04-14,F03,F04,P021,21.0,EU to EU Internal
STO01213,2024-04-15,F03,F04,P022,97.0,EU to EU Internal
STO01214,2024-04-21,F03,F04,P023,113.0,EU to EU Internal
STO01215,2024-04-12,F03,F04,P024,38.0,EU to EU Internal
STO01216,2024-04-19,F03,F04,P025,25.0,EU to EU Internal
STO01217,2024-04-23,F03,F04,P026,84.0,EU to EU Internal
STO01218,2024-04-21,F03,F04,P027,200.0,EU to EU Internal
STO01219,2024-04-18,F03,F04,P028,128.0,EU to EU Internal
STO01220,2024-04-23,F03,F04,P029,132.0,EU to EU Internal
STO01221,2024-04-14,F03,F04,P030,132.0,EU to EU Internal
STO01222,2024-04-19,F03,F04,P031,80.0,EU to EU Internal
STO01223,2024-04-15,F03,F04,P032,129.0,EU to EU Internal
STO01224,2024-04-12,F03,F04,P033,32.0,EU to EU Internal
STO01225,2024-04-14,F03,F04,P034,92.0,EU to EU Internal
STO01226,2024-04-10,F03,F04,P035,24.0,EU to EU Internal
STO01227,2024-04-21,F03,F04,P036,55.0,EU to EU Internal
STO01228,2024-04-15,F03,F04,P037,106.0,EU to EU Internal
STO01229,2024-04-22,F03,F04,P038,59.0,EU to EU Internal
STO01230,2024-04-19,F03,F04,P039,34.0,EU to EU Internal
STO01231,2024-04-11,F03,F04,P040,154.0,EU to EU Internal
STO01232,2024-04-12,F03,F04,P041,12.0,EU to EU Internal
STO01233,2024-04-12,F03,F04,P042,131.0,EU to EU Internal
STO01234,2024-04-17,F03,F04,P043,113.0,EU to EU Internal
STO01235,2024-04-19,F03,F04,P044,19.0,EU to EU Internal
STO01236,2024-04-23,F03,F04,P045,100.0,EU to EU Internal
STO01237,2024-04-14,F03,F04,P046,179.0,EU to EU Internal
STO01238,2024-04-10,F03,F04,P047,114.0,EU to EU Internal
STO01239,2024-04-23,F03,F04,P048,50.0,EU to EU Internal
STO01240,2024-04-10,F03,F04,P049,52.0,EU to EU Internal
STO01241,2024-04-14,F03,F04,P050,189.0,EU to EU Internal
STO01242,2024-04-21,F03,F04,P051,227.0,EU to EU Internal
STO01243,2024-04-23,F03,F04,P052,103.0,EU to EU Internal
STO01244,2024-04-14,F03,F04,P053,166.0,EU to EU Internal
STO01245,2024-04-16,F03,F04,P054,18.0,EU to EU Internal
STO01246,2024-04-16,F03,F04,P055,38.0,EU to EU Internal
STO01247,2024-04-13,F03,F04,P056,128.0,EU to EU Internal
STO01248,2024-04-17,F03,F04,P057,141.0,EU to EU Internal
STO01249,2024-04-18,F03,F04,P058,95.0,EU to EU Internal
STO01250,2024-04-13,F03,F04,P059,114.0,EU to EU Internal
STO01251,2024-04-17,F03,F04,P060,19.0,EU to EU Internal
STO01252,2024-04-19,F03,F04,P061,114.0,EU to EU Internal
STO01253,2024-04-15,F03,F04,P062,68.0,EU to EU Internal
STO01254,2024-04-10,F03,F04,P063,92.0,EU to EU Internal
STO01255,2024-04-16,F03,F04,P064,115.0,EU to EU Internal
STO01256,2024-04-16,F03,F04,P065,86.0,EU to EU Internal
STO01257,2024-04-11,F03,F04,P066,9.0,EU to EU Internal
STO01258,2024-04-21,F03,F04,P068,5.0,EU to EU Internal
STO01259,2024-04-10,F03,F04,P069,35.0,EU to EU Internal
STO01260,2024-04-10,F03,F04,P070,25.0,EU to EU Internal
STO01261,2024-04-18,F03,F04,P071,160.0,EU to EU Internal
STO01262,2024-04-18,F03,F04,P072,54.0,EU to EU Internal
STO01263,2024-04-14,F03,F04,P073,137.0,EU to EU Internal
STO01264,2024-04-23,F03,F04,P074,44.0,EU to EU Internal
STO01265,2024-04-15,F03,F04,P075,41.0,EU to EU Internal
STO01266,2024-04-19,F03,F04,P076,40.0,EU to EU Internal
STO01267,2024-04-11,F03,F04,P077,90.0,EU to EU Internal
STO01268,2024-04-17,F03,F04,P078,43.0,EU to EU Internal
STO01269,2024-04-23,F03,F04,P079,95.0,EU to EU Internal
STO01270,2024-04-23,F03,F04,P080,25.0,EU to EU Internal
STO01271,2024-04-19,F03,F04,P081,205.0,EU to EU Internal
STO01272,2024-04-22,F03,F04,P082,179.0,EU to EU Internal
STO01273,2024-04-19,F03,F04,P083,6.0,EU to EU Internal
STO01274,2024-04-14,F03,F04,P084,131.0,EU to EU Internal
STO01275,2024-04-10,F03,F04,P085,109.0,EU to EU Internal
STO01276,2024-04-10,F03,F04,P086,46.0,EU to EU Internal
STO01277,2024-04-23,F03,F04,P087,148.0,EU to EU Internal
STO01278,2024-04-11,F03,F04,P088,54.0,EU to EU Internal
STO01279,2024-04-18,F03,F04,P089,18.0,EU to EU Internal
STO01280,2024-04-18,F03,F04,P091,103.0,EU to EU Internal
STO01281,2024-04-14,F03,F04,P092,119.0,EU to EU Internal
STO01282,2024-04-15,F03,F04,P093,138.0,EU to EU Internal
STO01283,2024-04-19,F03,F04,P094,199.0,EU to EU Internal
STO01284,2024-04-11,F03,F04,P095,55.0,EU to EU Internal
STO01285,2024-04-16,F03,F04,P096,44.0,EU to EU Internal
STO01286,2024-04-23,F03,F04,P097,211.0,EU to EU Internal
STO01287,2024-04-16,F03,F04,P098,237.0,EU to EU Internal
STO01288,2024-04-17,F03,F04,P099,302.0,EU to EU Internal
STO01289,2024-04-14,F03,F04,P100,17.0,EU to EU Internal
STO01290,2024-04-20,F01,F05,P002,9.0,EU to EU Internal
STO01291,2024-04-12,F01,F05,P003,21.0,EU to EU Internal
STO01292,2024-04-19,F01,F05,P005,24.0,EU to EU Internal
STO01293,2024-04-12,F01,F05,P007,1.0,EU to EU Internal
STO01294,2024-04-20,F01,F05,P008,39.0,EU to EU Internal
STO01295,2024-04-15,F01,F05,P009,54.0,EU to EU Internal
STO01296,2024-04-12,F01,F05,P010,22.0,EU to EU Internal
STO01297,2024-04-18,F01,F05,P011,81.0,EU to EU Internal
STO01298,2024-04-10,F01,F05,P012,22.0,EU to EU Internal
STO01299,2024-04-12,F01,F05,P014,6.0,EU to EU Internal
STO01300,2024-04-17,F01,F05,P015,172.0,EU to EU Internal
STO01301,2024-04-12,F01,F05,P017,5.0,EU to EU Internal
STO01302,2024-04-14,F01,F05,P018,13.0,EU to EU Internal
STO01303,2024-04-23,F01,F05,P019,68.0,EU to EU Internal
STO01304,2024-04-13,F01,F05,P020,73.0,EU to EU Internal
STO01305,2024-04-12,F01,F05,P021,36.0,EU to EU Internal
STO01306,2024-04-13,F01,F05,P022,11.0,EU to EU Internal
STO01307,2024-04-17,F01,F05,P023,14.0,EU to EU Internal
STO01308,2024-04-11,F01,F05,P024,30.0,EU to EU Internal
STO01309,2024-04-15,F01,F05,P025,23.0,EU to EU Internal
STO01310,2024-04-22,F01,F05,P026,13.0,EU to EU Internal
STO01311,2024-04-18,F01,F05,P028,34.0,EU to EU Internal
STO01312,2024-04-11,F01,F05,P029,9.0,EU to EU Internal
STO01313,2024-04-17,F01,F05,P030,11.0,EU to EU Internal
STO01314,2024-04-16,F01,F05,P032,19.0,EU to EU Internal
STO01315,2024-04-22,F01,F05,P034,25.0,EU to EU Internal
STO01316,2024-04-18,F01,F05,P035,21.0,EU to EU Internal
STO01317,2024-04-16,F01,F05,P037,4.0,EU to EU Internal
STO01318,2024-04-14,F01,F05,P038,18.0,EU to EU Internal
STO01319,2024-04-16,F01,F05,P039,53.0,EU to EU Internal
STO01320,2024-04-15,F01,F05,P041,21.0,EU to EU Internal
STO01321,2024-04-11,F01,F05,P042,10.0,EU to EU Internal
STO01322,2024-04-22,F01,F05,P043,12.0,EU to EU Internal
STO01323,2024-04-15,F01,F05,P044,12.0,EU to EU Internal
STO01324,2024-04-20,F01,F05,P045,44.0,EU to EU Internal
STO01325,2024-04-10,F01,F05,P046,97.0,EU to EU Internal
STO01326,2024-04-20,F01,F05,P047,3.0,EU to EU Internal
STO01327,2024-04-10,F01,F05,P048,22.0,EU to EU Internal
STO01328,2024-04-12,F01,F05,P049,9.0,EU to EU Internal
STO01329,2024-04-11,F01,F05,P050,2.0,EU to EU Internal
STO01330,2024-04-20,F01,F05,P051,36.0,EU to EU Internal
STO01331,2024-04-14,F01,F05,P052,18.0,EU to EU Internal
STO01332,2024-04-22,F01,F05,P055,2.0,EU to EU Internal
STO01333,2024-04-19,F01,F05,P056,26.0,EU to EU Internal
STO01334,2024-04-17,F01,F05,P057,38.0,EU to EU Internal
STO01335,2024-04-20,F01,F05,P059,86.0,EU to EU Internal
STO01336,2024-04-17,F01,F05,P061,53.0,EU to EU Internal
STO01337,2024-04-22,F01,F05,P062,31.0,EU to EU Internal
STO01338,2024-04-10,F01,F05,P063,19.0,EU to EU Internal
STO01339,2024-04-13,F01,F05,P064,10.0,EU to EU Internal
STO01340,2024-04-22,F01,F05,P065,19.0,EU to EU Internal
STO01341,2024-04-19,F01,F05,P067,25.0,EU to EU Internal
STO01342,2024-04-15,F01,F05,P069,14.0,EU to EU Internal
STO01343,2024-04-14,F01,F05,P070,50.0,EU to EU Internal
STO01344,2024-04-21,F01,F05,P071,28.0,EU to EU Internal
STO01345,2024-04-12,F01,F05,P072,6.0,EU to EU Internal
STO01346,2024-04-18,F01,F05,P073,25.0,EU to EU Internal
STO01347,2024-04-13,F01,F05,P076,13.0,EU to EU Internal
STO01348,2024-04-14,F01,F05,P077,32.0,EU to EU Internal
STO01349,2024-04-19,F01,F05,P079,38.0,EU to EU Internal
STO01350,2024-04-15,F01,F05,P080,8.0,EU to EU Internal
STO01351,2024-04-13,F01,F05,P081,44.0,EU to EU Internal
STO01352,2024-04-12,F01,F05,P083,9.0,EU to EU Internal
STO01353,2024-04-19,F01,F05,P084,27.0,EU to EU Internal
STO01354,2024-04-15,F01,F05,P085,33.0,EU to EU Internal
STO01355,2024-04-22,F01,F05,P086,20.0,EU to EU Internal
STO01356,2024-04-11,F01,F05,P087,73.0,EU to EU Internal
STO01357,2024-04-13,F01,F05,P088,108.0,EU to EU Internal
STO01358,2024-04-11,F01,F05,P089,55.0,EU to EU Internal
STO01359,2024-04-20,F01,F05,P090,4.0,EU to EU Internal
STO01360,2024-04-17,F01,F05,P091,20.0,EU to EU Internal
STO01361,2024-04-10,F01,F05,P092,17.0,EU to EU Internal
STO01362,2024-04-22,F01,F05,P093,56.0,EU to EU Internal
STO01363,2024-04-21,F01,F05,P094,9.0,EU to EU Internal
STO01364,2024-04-19,F01,F05,P096,17.0,EU to EU Internal
STO01365,2024-04-13,F01,F05,P097,40.0,EU to EU Internal
STO01366,2024-04-12,F01,F05,P099,25.0,EU to EU Internal
STO01367,2024-04-20,F01,F06,P001,41.0,EU to EU Internal
STO01368,2024-04-23,F01,F06,P002,24.0,EU to EU Internal
STO01369,2024-04-11,F01,F06,P003,10.0,EU to EU Internal
STO01370,2024-04-15,F01,F06,P004,74.0,EU to EU Internal
STO01371,2024-04-12,F01,F06,P005,82.0,EU to EU Internal
STO01372,2024-04-16,F01,F06,P006,27.0,EU to EU Internal
STO01373,2024-04-21,F01,F06,P007,46.0,EU to EU Internal
STO01374,2024-04-14,F01,F06,P008,29.0,EU to EU Internal
STO01375,2024-04-17,F01,F06,P009,96.0,EU to EU Internal
STO01376,2024-04-23,F01,F06,P010,85.0,EU to EU Internal
STO01377,2024-04-12,F01,F06,P011,62.0,EU to EU Internal
STO01378,2024-04-12,F01,F06,P012,48.0,EU to EU Internal
STO01379,2024-04-17,F01,F06,P013,10.0,EU to EU Internal
STO01380,2024-04-13,F01,F06,P014,43.0,EU to EU Internal
STO01381,2024-04-16,F01,F06,P015,28.0,EU to EU Internal
STO01382,2024-04-20,F01,F06,P016,82.0,EU to EU Internal
STO01383,2024-04-18,F01,F06,P017,41.0,EU to EU Internal
STO01384,2024-04-11,F01,F06,P018,18.0,EU to EU Internal
STO01385,2024-04-18,F01,F06,P019,107.0,EU to EU Internal
STO01386,2024-04-23,F01,F06,P020,126.0,EU to EU Internal
STO01387,2024-04-21,F01,F06,P021,38.0,EU to EU Internal
STO01388,2024-04-11,F01,F06,P022,48.0,EU to EU Internal
STO01389,2024-04-23,F01,F06,P023,133.0,EU to EU Internal
STO01390,2024-04-17,F01,F06,P024,31.0,EU to EU Internal
STO01391,2024-04-16,F01,F06,P025,39.0,EU to EU Internal
STO01392,2024-04-11,F01,F06,P026,43.0,EU to EU Internal
STO01393,2024-04-20,F01,F06,P027,85.0,EU to EU Internal
STO01394,2024-04-13,F01,F06,P028,32.0,EU to EU Internal
STO01395,2024-04-12,F01,F06,P029,50.0,EU to EU Internal
STO01396,2024-04-10,F01,F06,P030,71.0,EU to EU Internal
STO01397,2024-04-14,F01,F06,P031,128.0,EU to EU Internal
STO01398,2024-04-19,F01,F06,P032,59.0,EU to EU Internal
STO01399,2024-04-18,F01,F06,P033,68.0,EU to EU Internal
STO01400,2024-04-23,F01,F06,P034,46.0,EU to EU Internal
STO01401,2024-04-14,F01,F06,P035,16.0,EU to EU Internal
STO01402,2024-04-18,F01,F06,P036,36.0,EU to EU Internal
STO01403,2024-04-20,F01,F06,P037,43.0,EU to EU Internal
STO01404,2024-04-19,F01,F06,P038,62.0,EU to EU Internal
STO01405,2024-04-20,F01,F06,P039,80.0,EU to EU Internal
STO01406,2024-04-16,F01,F06,P040,47.0,EU to EU Internal
STO01407,2024-04-15,F01,F06,P041,39.0,EU to EU Internal
STO01408,2024-04-17,F01,F06,P042,68.0,EU to EU Internal
STO01409,2024-04-21,F01,F06,P043,10.0,EU to EU Internal
STO01410,2024-04-12,F01,F06,P044,49.0,EU to EU Internal
STO01411,2024-04-14,F01,F06,P045,56.0,EU to EU Internal
STO01412,2024-04-20,F01,F06,P046,84.0,EU to EU Internal
STO01413,2024-04-10,F01,F06,P047,54.0,EU to EU Internal
STO01414,2024-04-20,F01,F06,P048,60.0,EU to EU Internal
STO01415,2024-04-10,F01,F06,P049,33.0,EU to EU Internal
STO01416,2024-04-15,F01,F06,P050,105.0,EU to EU Internal
STO01417,2024-04-16,F01,F06,P051,120.0,EU to EU Internal
STO01418,2024-04-19,F01,F06,P052,40.0,EU to EU Internal
STO01419,2024-04-13,F01,F06,P053,34.0,EU to EU Internal
STO01420,2024-04-14,F01,F06,P054,37.0,EU to EU Internal
STO01421,2024-04-18,F01,F06,P055,29.0,EU to EU Internal
STO01422,2024-04-10,F01,F06,P056,13.0,EU to EU Internal
STO01423,2024-04-10,F01,F06,P057,86.0,EU to EU Internal
STO01424,2024-04-21,F01,F06,P058,61.0,EU to EU Internal
STO01425,2024-04-17,F01,F06,P059,75.0,EU to EU Internal
STO01426,2024-04-21,F01,F06,P060,51.0,EU to EU Internal
STO01427,2024-04-23,F01,F06,P061,60.0,EU to EU Internal
STO01428,2024-04-22,F01,F06,P062,30.0,EU to EU Internal
STO01429,2024-04-10,F01,F06,P063,43.0,EU to EU Internal
STO01430,2024-04-19,F01,F06,P064,74.0,EU to EU Internal
STO01431,2024-04-16,F01,F06,P065,51.0,EU to EU Internal
STO01432,2024-04-15,F01,F06,P066,29.0,EU to EU Internal
STO01433,2024-04-17,F01,F06,P067,27.0,EU to EU Internal
STO01434,2024-04-15,F01,F06,P068,17.0,EU to EU Internal
STO01435,2024-04-19,F01,F06,P069,34.0,EU to EU Internal
STO01436,2024-04-13,F01,F06,P070,28.0,EU to EU Internal
STO01437,2024-04-13,F01,F06,P071,24.0,EU to EU Internal
STO01438,2024-04-20,F01,F06,P072,59.0,EU to EU Internal
STO01439,2024-04-11,F01,F06,P073,56.0,EU to EU Internal
STO01440,2024-04-21,F01,F06,P074,53.0,EU to EU Internal
STO01441,2024-04-19,F01,F06,P075,36.0,EU to EU Internal
STO01442,2024-04-11,F01,F06,P076,50.0,EU to EU Internal
STO01443,2024-04-22,F01,F06,P077,125.0,EU to EU Internal
STO01444,2024-04-20,F01,F06,P078,25.0,EU to EU Internal
STO01445,2024-04-13,F01,F06,P079,22.0,EU to EU Internal
STO01446,2024-04-15,F01,F06,P080,21.0,EU to EU Internal
STO01447,2024-04-13,F01,F06,P081,172.0,EU to EU Internal
STO01448,2024-04-20,F01,F06,P082,46.0,EU to EU Internal
STO01449,2024-04-15,F01,F06,P083,28.0,EU to EU Internal
STO01450,2024-04-12,F01,F06,P084,22.0,EU to EU Internal
STO01451,2024-04-19,F01,F06,P085,35.0,EU to EU Internal
STO01452,2024-04-23,F01,F06,P086,92.0,EU to EU Internal
STO01453,2024-04-16,F01,F06,P087,85.0,EU to EU Internal
STO01454,2024-04-21,F01,F06,P088,81.0,EU to EU Internal
STO01455,2024-04-18,F01,F06,P089,69.0,EU to EU Internal
STO01456,2024-04-23,F01,F06,P090,10.0,EU to EU Internal
STO01457,2024-04-19,F01,F06,P091,41.0,EU to EU Internal
STO01458,2024-04-23,F01,F06,P092,35.0,EU to EU Internal
STO01459,2024-04-13,F01,F06,P093,120.0,EU to EU Internal
STO01460,2024-04-10,F01,F06,P094,100.0,EU to EU Internal
STO01461,2024-04-21,F01,F06,P095,26.0,EU to EU Internal
STO01462,2024-04-21,F01,F06,P096,71.0,EU to EU Internal
STO01463,2024-04-23,F01,F06,P097,101.0,EU to EU Internal
STO01464,2024-04-22,F01,F06,P098,82.0,EU to EU Internal
STO01465,2024-04-19,F01,F06,P099,52.0,EU to EU Internal
STO01466,2024-04-11,F01,F06,P100,29.0,EU to EU Internal
STO01467,2024-05-15,F03,F02,P001,76.0,EU to EU Internal
STO01468,2024-05-20,F03,F02,P002,39.0,EU to EU Internal
STO01469,2024-05-18,F03,F02,P003,50.0,EU to EU Internal
STO01470,2024-05-20,F03,F02,P004,136.0,EU to EU Internal
STO01471,2024-05-24,F03,F02,P005,92.0,EU to EU Internal
STO01472,2024-05-17,F03,F02,P006,21.0,EU to EU Internal
STO01473,2024-05-11,F03,F02,P008,54.0,EU to EU Internal
STO01474,2024-05-17,F03,F02,P009,22.0,EU to EU Internal
STO01475,2024-05-21,F03,F02,P010,38.0,EU to EU Internal
STO01476,2024-05-15,F03,F02,P011,16.0,EU to EU Internal
STO01477,2024-05-14,F03,F02,P012,15.0,EU to EU Internal
STO01478,2024-05-18,F03,F02,P013,14.0,EU to EU Internal
STO01479,2024-05-22,F03,F02,P014,77.0,EU to EU Internal
STO01480,2024-05-22,F03,F02,P015,45.0,EU to EU Internal
STO01481,2024-05-15,F03,F02,P016,137.0,EU to EU Internal
STO01482,2024-05-14,F03,F02,P017,14.0,EU to EU Internal
STO01483,2024-05-18,F03,F02,P018,68.0,EU to EU Internal
STO01484,2024-05-23,F03,F02,P019,50.0,EU to EU Internal
STO01485,2024-05-16,F03,F02,P020,11.0,EU to EU Internal
STO01486,2024-05-17,F03,F02,P021,42.0,EU to EU Internal
STO01487,2024-05-16,F03,F02,P022,36.0,EU to EU Internal
STO01488,2024-05-19,F03,F02,P023,37.0,EU to EU Internal
STO01489,2024-05-18,F03,F02,P024,44.0,EU to EU Internal
STO01490,2024-05-11,F03,F02,P026,27.0,EU to EU Internal
STO01491,2024-05-21,F03,F02,P027,46.0,EU to EU Internal
STO01492,2024-05-16,F03,F02,P028,59.0,EU to EU Internal
STO01493,2024-05-14,F03,F02,P029,118.0,EU to EU Internal
STO01494,2024-05-24,F03,F02,P030,85.0,EU to EU Internal
STO01495,2024-05-12,F03,F02,P031,130.0,EU to EU Internal
STO01496,2024-05-16,F03,F02,P032,7.0,EU to EU Internal
STO01497,2024-05-14,F03,F02,P033,5.0,EU to EU Internal
STO01498,2024-05-14,F03,F02,P034,45.0,EU to EU Internal
STO01499,2024-05-17,F03,F02,P035,26.0,EU to EU Internal
STO01500,2024-05-19,F03,F02,P036,100.0,EU to EU Internal
STO01501,2024-05-14,F03,F02,P037,31.0,EU to EU Internal
STO01502,2024-05-13,F03,F02,P038,90.0,EU to EU Internal
STO01503,2024-05-14,F03,F02,P039,16.0,EU to EU Internal
STO01504,2024-05-11,F03,F02,P040,8.0,EU to EU Internal
STO01505,2024-05-19,F03,F02,P041,23.0,EU to EU Internal
STO01506,2024-05-12,F03,F02,P042,58.0,EU to EU Internal
STO01507,2024-05-16,F03,F02,P043,120.0,EU to EU Internal
STO01508,2024-05-24,F03,F02,P044,24.0,EU to EU Internal
STO01509,2024-05-21,F03,F02,P045,39.0,EU to EU Internal
STO01510,2024-05-17,F03,F02,P046,60.0,EU to EU Internal
STO01511,2024-05-19,F03,F02,P047,107.0,EU to EU Internal
STO01512,2024-05-23,F03,F02,P048,61.0,EU to EU Internal
STO01513,2024-05-20,F03,F02,P049,26.0,EU to EU Internal
STO01514,2024-05-12,F03,F02,P050,47.0,EU to EU Internal
STO01515,2024-05-13,F03,F02,P051,23.0,EU to EU Internal
STO01516,2024-05-15,F03,F02,P052,25.0,EU to EU Internal
STO01517,2024-05-19,F03,F02,P053,30.0,EU to EU Internal
STO01518,2024-05-21,F03,F02,P054,32.0,EU to EU Internal
STO01519,2024-05-17,F03,F02,P055,14.0,EU to EU Internal
STO01520,2024-05-16,F03,F02,P056,51.0,EU to EU Internal
STO01521,2024-05-21,F03,F02,P057,55.0,EU to EU Internal
STO01522,2024-05-24,F03,F02,P058,52.0,EU to EU Internal
STO01523,2024-05-19,F03,F02,P059,14.0,EU to EU Internal
STO01524,2024-05-22,F03,F02,P060,38.0,EU to EU Internal
STO01525,2024-05-21,F03,F02,P061,77.0,EU to EU Internal
STO01526,2024-05-22,F03,F02,P062,22.0,EU to EU Internal
STO01527,2024-05-19,F03,F02,P063,83.0,EU to EU Internal
STO01528,2024-05-16,F03,F02,P064,27.0,EU to EU Internal
STO01529,2024-05-20,F03,F02,P065,89.0,EU to EU Internal
STO01530,2024-05-19,F03,F02,P067,12.0,EU to EU Internal
STO01531,2024-05-22,F03,F02,P068,10.0,EU to EU Internal
STO01532,2024-05-13,F03,F02,P069,32.0,EU to EU Internal
STO01533,2024-05-12,F03,F02,P070,139.0,EU to EU Internal
STO01534,2024-05-24,F03,F02,P071,48.0,EU to EU Internal
STO01535,2024-05-15,F03,F02,P072,8.0,EU to EU Internal
STO01536,2024-05-16,F03,F02,P074,9.0,EU to EU Internal
STO01537,2024-05-14,F03,F02,P075,44.0,EU to EU Internal
STO01538,2024-05-13,F03,F02,P076,25.0,EU to EU Internal
STO01539,2024-05-17,F03,F02,P077,93.0,EU to EU Internal
STO01540,2024-05-22,F03,F02,P079,44.0,EU to EU Internal
STO01541,2024-05-19,F03,F02,P080,27.0,EU to EU Internal
STO01542,2024-05-23,F03,F02,P081,132.0,EU to EU Internal
STO01543,2024-05-20,F03,F02,P082,30.0,EU to EU Internal
STO01544,2024-05-13,F03,F02,P083,3.0,EU to EU Internal
STO01545,2024-05-23,F03,F02,P084,17.0,EU to EU Internal
STO01546,2024-05-22,F03,F02,P085,30.0,EU to EU Internal
STO01547,2024-05-24,F03,F02,P086,23.0,EU to EU Internal
STO01548,2024-05-19,F03,F02,P087,84.0,EU to EU Internal
STO01549,2024-05-14,F03,F02,P088,80.0,EU to EU Internal
STO01550,2024-05-24,F03,F02,P089,35.0,EU to EU Internal
STO01551,2024-05-24,F03,F02,P091,20.0,EU to EU Internal
STO01552,2024-05-21,F03,F02,P092,59.0,EU to EU Internal
STO01553,2024-05-13,F03,F02,P093,45.0,EU to EU Internal
STO01554,2024-05-19,F03,F02,P094,68.0,EU to EU Internal
STO01555,2024-05-11,F03,F02,P095,47.0,EU to EU Internal
STO01556,2024-05-12,F03,F02,P096,47.0,EU to EU Internal
STO01557,2024-05-14,F03,F02,P097,64.0,EU to EU Internal
STO01558,2024-05-12,F03,F02,P098,33.0,EU to EU Internal
STO01559,2024-05-12,F03,F02,P099,14.0,EU to EU Internal
STO01560,2024-05-21,F03,F02,P100,32.0,EU to EU Internal
STO01561,2024-05-17,F03,F04,P001,65.0,EU to EU Internal
STO01562,2024-05-21,F03,F04,P002,89.0,EU to EU Internal
STO01563,2024-05-12,F03,F04,P003,119.0,EU to EU Internal
STO01564,2024-05-15,F03,F04,P004,85.0,EU to EU Internal
STO01565,2024-05-24,F03,F04,P005,41.0,EU to EU Internal
STO01566,2024-05-19,F03,F04,P006,36.0,EU to EU Internal
STO01567,2024-05-12,F03,F04,P007,58.0,EU to EU Internal
STO01568,2024-05-20,F03,F04,P008,28.0,EU to EU Internal
STO01569,2024-05-15,F03,F04,P009,35.0,EU to EU Internal
STO01570,2024-05-14,F03,F04,P010,61.0,EU to EU Internal
STO01571,2024-05-24,F03,F04,P011,21.0,EU to EU Internal
STO01572,2024-05-19,F03,F04,P012,38.0,EU to EU Internal
STO01573,2024-05-23,F03,F04,P013,110.0,EU to EU Internal
STO01574,2024-05-14,F03,F04,P014,75.0,EU to EU Internal
STO01575,2024-05-17,F03,F04,P015,119.0,EU to EU Internal
STO01576,2024-05-22,F03,F04,P016,139.0,EU to EU Internal
STO01577,2024-05-12,F03,F04,P018,121.0,EU to EU Internal
STO01578,2024-05-19,F03,F04,P019,109.0,EU to EU Internal
STO01579,2024-05-14,F03,F04,P020,135.0,EU to EU Internal
STO01580,2024-05-21,F03,F04,P021,49.0,EU to EU Internal
STO01581,2024-05-13,F03,F04,P022,134.0,EU to EU Internal
STO01582,2024-05-19,F03,F04,P023,77.0,EU to EU Internal
STO01583,2024-05-13,F03,F04,P024,42.0,EU to EU Internal
STO01584,2024-05-11,F03,F04,P026,59.0,EU to EU Internal
STO01585,2024-05-13,F03,F04,P027,136.0,EU to EU Internal
STO01586,2024-05-24,F03,F04,P028,98.0,EU to EU Internal
STO01587,2024-05-11,F03,F04,P029,79.0,EU to EU Internal
STO01588,2024-05-16,F03,F04,P030,173.0,EU to EU Internal
STO01589,2024-05-15,F03,F04,P031,109.0,EU to EU Internal
STO01590,2024-05-21,F03,F04,P032,77.0,EU to EU Internal
STO01591,2024-05-24,F03,F04,P033,31.0,EU to EU Internal
STO01592,2024-05-14,F03,F04,P034,59.0,EU to EU Internal
STO01593,2024-05-16,F03,F04,P035,59.0,EU to EU Internal
STO01594,2024-05-11,F03,F04,P036,89.0,EU to EU Internal
STO01595,2024-05-14,F03,F04,P037,91.0,EU to EU Internal
STO01596,2024-05-16,F03,F04,P038,73.0,EU to EU Internal
STO01597,2024-05-18,F03,F04,P039,47.0,EU to EU Internal
STO01598,2024-05-11,F03,F04,P040,106.0,EU to EU Internal
STO01599,2024-05-18,F03,F04,P041,13.0,EU to EU Internal
STO01600,2024-05-16,F03,F04,P042,131.0,EU to EU Internal
STO01601,2024-05-16,F03,F04,P043,89.0,EU to EU Internal
STO01602,2024-05-19,F03,F04,P044,25.0,EU to EU Internal
STO01603,2024-05-16,F03,F04,P045,115.0,EU to EU Internal
STO01604,2024-05-13,F03,F04,P046,171.0,EU to EU Internal
STO01605,2024-05-24,F03,F04,P047,64.0,EU to EU Internal
STO01606,2024-05-14,F03,F04,P048,49.0,EU to EU Internal
STO01607,2024-05-18,F03,F04,P049,31.0,EU to EU Internal
STO01608,2024-05-22,F03,F04,P050,134.0,EU to EU Internal
STO01609,2024-05-21,F03,F04,P051,188.0,EU to EU Internal
STO01610,2024-05-15,F03,F04,P052,128.0,EU to EU Internal
STO01611,2024-05-20,F03,F04,P053,128.0,EU to EU Internal
STO01612,2024-05-12,F03,F04,P054,35.0,EU to EU Internal
STO01613,2024-05-21,F03,F04,P055,14.0,EU to EU Internal
STO01614,2024-05-11,F03,F04,P056,151.0,EU to EU Internal
STO01615,2024-05-22,F03,F04,P057,150.0,EU to EU Internal
STO01616,2024-05-16,F03,F04,P058,121.0,EU to EU Internal
STO01617,2024-05-16,F03,F04,P059,66.0,EU to EU Internal
STO01618,2024-05-17,F03,F04,P060,53.0,EU to EU Internal
STO01619,2024-05-17,F03,F04,P061,137.0,EU to EU Internal
STO01620,2024-05-17,F03,F04,P062,52.0,EU to EU Internal
STO01621,2024-05-19,F03,F04,P063,58.0,EU to EU Internal
STO01622,2024-05-17,F03,F04,P064,83.0,EU to EU Internal
STO01623,2024-05-11,F03,F04,P065,105.0,EU to EU Internal
STO01624,2024-05-14,F03,F04,P066,6.0,EU to EU Internal
STO01625,2024-05-20,F03,F04,P067,13.0,EU to EU Internal
STO01626,2024-05-23,F03,F04,P068,13.0,EU to EU Internal
STO01627,2024-05-12,F03,F04,P069,36.0,EU to EU Internal
STO01628,2024-05-13,F03,F04,P070,30.0,EU to EU Internal
STO01629,2024-05-21,F03,F04,P071,198.0,EU to EU Internal
STO01630,2024-05-17,F03,F04,P072,45.0,EU to EU Internal
STO01631,2024-05-17,F03,F04,P073,197.0,EU to EU Internal
STO01632,2024-05-19,F03,F04,P074,29.0,EU to EU Internal
STO01633,2024-05-21,F03,F04,P075,53.0,EU to EU Internal
STO01634,2024-05-21,F03,F04,P076,53.0,EU to EU Internal
STO01635,2024-05-23,F03,F04,P077,135.0,EU to EU Internal
STO01636,2024-05-24,F03,F04,P078,5.0,EU to EU Internal
STO01637,2024-05-11,F03,F04,P079,98.0,EU to EU Internal
STO01638,2024-05-19,F03,F04,P080,23.0,EU to EU Internal
STO01639,2024-05-19,F03,F04,P081,175.0,EU to EU Internal
STO01640,2024-05-24,F03,F04,P082,133.0,EU to EU Internal
STO01641,2024-05-17,F03,F04,P083,10.0,EU to EU Internal
STO01642,2024-05-24,F03,F04,P084,62.0,EU to EU Internal
STO01643,2024-05-19,F03,F04,P085,130.0,EU to EU Internal
STO01644,2024-05-19,F03,F04,P086,5.0,EU to EU Internal
STO01645,2024-05-14,F03,F04,P087,189.0,EU to EU Internal
STO01646,2024-05-12,F03,F04,P088,46.0,EU to EU Internal
STO01647,2024-05-19,F03,F04,P089,7.0,EU to EU Internal
STO01648,2024-05-15,F03,F04,P091,80.0,EU to EU Internal
STO01649,2024-05-22,F03,F04,P092,91.0,EU to EU Internal
STO01650,2024-05-23,F03,F04,P093,198.0,EU to EU Internal
STO01651,2024-05-18,F03,F04,P094,283.0,EU to EU Internal
STO01652,2024-05-12,F03,F04,P095,79.0,EU to EU Internal
STO01653,2024-05-18,F03,F04,P096,43.0,EU to EU Internal
STO01654,2024-05-18,F03,F04,P097,285.0,EU to EU Internal
STO01655,2024-05-17,F03,F04,P098,192.0,EU to EU Internal
STO01656,2024-05-24,F03,F04,P099,219.0,EU to EU Internal
STO01657,2024-05-21,F03,F04,P100,16.0,EU to EU Internal
STO01658,2024-05-18,F01,F05,P002,8.0,EU to EU Internal
STO01659,2024-05-19,F01,F05,P003,16.0,EU to EU Internal
STO01660,2024-05-17,F01,F05,P005,44.0,EU to EU Internal
STO01661,2024-05-16,F01,F05,P007,3.0,EU to EU Internal
STO01662,2024-05-13,F01,F05,P008,14.0,EU to EU Internal
STO01663,2024-05-24,F01,F05,P009,49.0,EU to EU Internal
STO01664,2024-05-11,F01,F05,P010,39.0,EU to EU Internal
STO01665,2024-05-13,F01,F05,P011,50.0,EU to EU Internal
STO01666,2024-05-16,F01,F05,P012,12.0,EU to EU Internal
STO01667,2024-05-18,F01,F05,P014,6.0,EU to EU Internal
STO01668,2024-05-17,F01,F05,P015,64.0,EU to EU Internal
STO01669,2024-05-22,F01,F05,P017,11.0,EU to EU Internal
STO01670,2024-05-18,F01,F05,P018,14.0,EU to EU Internal
STO01671,2024-05-19,F01,F05,P019,15.0,EU to EU Internal
STO01672,2024-05-14,F01,F05,P020,62.0,EU to EU Internal
STO01673,2024-05-16,F01,F05,P021,35.0,EU to EU Internal
STO01674,2024-05-24,F01,F05,P022,16.0,EU to EU Internal
STO01675,2024-05-12,F01,F05,P023,29.0,EU to EU Internal
STO01676,2024-05-14,F01,F05,P024,20.0,EU to EU Internal
STO01677,2024-05-16,F01,F05,P025,23.0,EU to EU Internal
STO01678,2024-05-14,F01,F05,P026,6.0,EU to EU Internal
STO01679,2024-05-24,F01,F05,P028,30.0,EU to EU Internal
STO01680,2024-05-11,F01,F05,P029,13.0,EU to EU Internal
STO01681,2024-05-12,F01,F05,P030,27.0,EU to EU Internal
STO01682,2024-05-15,F01,F05,P032,24.0,EU to EU Internal
STO01683,2024-05-14,F01,F05,P034,21.0,EU to EU Internal
STO01684,2024-05-16,F01,F05,P035,35.0,EU to EU Internal
STO01685,2024-05-15,F01,F05,P037,15.0,EU to EU Internal
STO01686,2024-05-17,F01,F05,P038,25.0,EU to EU Internal
STO01687,2024-05-16,F01,F05,P039,55.0,EU to EU Internal
STO01688,2024-05-15,F01,F05,P041,14.0,EU to EU Internal
STO01689,2024-05-19,F01,F05,P042,6.0,EU to EU Internal
STO01690,2024-05-20,F01,F05,P043,17.0,EU to EU Internal
STO01691,2024-05-12,F01,F05,P044,44.0,EU to EU Internal
STO01692,2024-05-20,F01,F05,P045,42.0,EU to EU Internal
STO01693,2024-05-13,F01,F05,P046,126.0,EU to EU Internal
STO01694,2024-05-17,F01,F05,P047,20.0,EU to EU Internal
STO01695,2024-05-19,F01,F05,P048,28.0,EU to EU Internal
STO01696,2024-05-18,F01,F05,P049,12.0,EU to EU Internal
STO01697,2024-05-22,F01,F05,P050,15.0,EU to EU Internal
STO01698,2024-05-17,F01,F05,P051,45.0,EU to EU Internal
STO01699,2024-05-15,F01,F05,P052,4.0,EU to EU Internal
STO01700,2024-05-21,F01,F05,P055,6.0,EU to EU Internal
STO01701,2024-05-13,F01,F05,P056,47.0,EU to EU Internal
STO01702,2024-05-21,F01,F05,P057,57.0,EU to EU Internal
STO01703,2024-05-13,F01,F05,P059,102.0,EU to EU Internal
STO01704,2024-05-21,F01,F05,P061,40.0,EU to EU Internal
STO01705,2024-05-17,F01,F05,P062,22.0,EU to EU Internal
STO01706,2024-05-18,F01,F05,P063,15.0,EU to EU Internal
STO01707,2024-05-16,F01,F05,P064,8.0,EU to EU Internal
STO01708,2024-05-22,F01,F05,P065,28.0,EU to EU Internal
STO01709,2024-05-18,F01,F05,P067,18.0,EU to EU Internal
STO01710,2024-05-24,F01,F05,P069,23.0,EU to EU Internal
STO01711,2024-05-14,F01,F05,P070,49.0,EU to EU Internal
STO01712,2024-05-16,F01,F05,P071,26.0,EU to EU Internal
STO01713,2024-05-22,F01,F05,P072,18.0,EU to EU Internal
STO01714,2024-05-23,F01,F05,P073,27.0,EU to EU Internal
STO01715,2024-05-14,F01,F05,P076,17.0,EU to EU Internal
STO01716,2024-05-18,F01,F05,P077,12.0,EU to EU Internal
STO01717,2024-05-14,F01,F05,P079,27.0,EU to EU Internal
STO01718,2024-05-11,F01,F05,P080,20.0,EU to EU Internal
STO01719,2024-05-20,F01,F05,P081,62.0,EU to EU Internal
STO01720,2024-05-23,F01,F05,P083,5.0,EU to EU Internal
STO01721,2024-05-14,F01,F05,P084,5.0,EU to EU Internal
STO01722,2024-05-18,F01,F05,P085,59.0,EU to EU Internal
STO01723,2024-05-16,F01,F05,P086,19.0,EU to EU Internal
STO01724,2024-05-24,F01,F05,P087,45.0,EU to EU Internal
STO01725,2024-05-14,F01,F05,P088,20.0,EU to EU Internal
STO01726,2024-05-24,F01,F05,P089,43.0,EU to EU Internal
STO01727,2024-05-13,F01,F05,P090,9.0,EU to EU Internal
STO01728,2024-05-19,F01,F05,P091,20.0,EU to EU Internal
STO01729,2024-05-12,F01,F05,P092,35.0,EU to EU Internal
STO01730,2024-05-23,F01,F05,P093,56.0,EU to EU Internal
STO01731,2024-05-23,F01,F05,P094,16.0,EU to EU Internal
STO01732,2024-05-19,F01,F05,P095,2.0,EU to EU Internal
STO01733,2024-05-24,F01,F05,P096,34.0,EU to EU Internal
STO01734,2024-05-18,F01,F05,P097,80.0,EU to EU Internal
STO01735,2024-05-11,F01,F05,P099,6.0,EU to EU Internal
STO01736,2024-05-17,F01,F06,P001,71.0,EU to EU Internal
STO01737,2024-05-22,F01,F06,P002,29.0,EU to EU Internal
STO01738,2024-05-14,F01,F06,P003,4.0,EU to EU Internal
STO01739,2024-05-23,F01,F06,P004,168.0,EU to EU Internal
STO01740,2024-05-21,F01,F06,P005,94.0,EU to EU Internal
STO01741,2024-05-11,F01,F06,P006,31.0,EU to EU Internal
STO01742,2024-05-13,F01,F06,P007,33.0,EU to EU Internal
STO01743,2024-05-17,F01,F06,P008,50.0,EU to EU Internal
STO01744,2024-05-24,F01,F06,P009,98.0,EU to EU Internal
STO01745,2024-05-17,F01,F06,P010,82.0,EU to EU Internal
STO01746,2024-05-22,F01,F06,P011,64.0,EU to EU Internal
STO01747,2024-05-19,F01,F06,P012,25.0,EU to EU Internal
STO01748,2024-05-17,F01,F06,P013,7.0,EU to EU Internal
STO01749,2024-05-14,F01,F06,P014,55.0,EU to EU Internal
STO01750,2024-05-17,F01,F06,P015,21.0,EU to EU Internal
STO01751,2024-05-24,F01,F06,P016,60.0,EU to EU Internal
STO01752,2024-05-13,F01,F06,P017,42.0,EU to EU Internal
STO01753,2024-05-24,F01,F06,P018,46.0,EU to EU Internal
STO01754,2024-05-20,F01,F06,P019,85.0,EU to EU Internal
STO01755,2024-05-20,F01,F06,P020,108.0,EU to EU Internal
STO01756,2024-05-14,F01,F06,P021,63.0,EU to EU Internal
STO01757,2024-05-21,F01,F06,P022,38.0,EU to EU Internal
STO01758,2024-05-18,F01,F06,P023,52.0,EU to EU Internal
STO01759,2024-05-20,F01,F06,P024,18.0,EU to EU Internal
STO01760,2024-05-12,F01,F06,P025,23.0,EU to EU Internal
STO01761,2024-05-19,F01,F06,P026,34.0,EU to EU Internal
STO01762,2024-05-17,F01,F06,P027,107.0,EU to EU Internal
STO01763,2024-05-22,F01,F06,P028,88.0,EU to EU Internal
STO01764,2024-05-12,F01,F06,P029,79.0,EU to EU Internal
STO01765,2024-05-12,F01,F06,P030,33.0,EU to EU Internal
STO01766,2024-05-20,F01,F06,P031,120.0,EU to EU Internal
STO01767,2024-05-24,F01,F06,P032,91.0,EU to EU Internal
STO01768,2024-05-20,F01,F06,P033,40.0,EU to EU Internal
STO01769,2024-05-24,F01,F06,P034,34.0,EU to EU Internal
STO01770,2024-05-14,F01,F06,P035,13.0,EU to EU Internal
STO01771,2024-05-12,F01,F06,P036,19.0,EU to EU Internal
STO01772,2024-05-19,F01,F06,P037,39.0,EU to EU Internal
STO01773,2024-05-17,F01,F06,P038,49.0,EU to EU Internal
STO01774,2024-05-20,F01,F06,P039,61.0,EU to EU Internal
STO01775,2024-05-11,F01,F06,P040,40.0,EU to EU Internal
STO01776,2024-05-22,F01,F06,P041,21.0,EU to EU Internal
STO01777,2024-05-11,F01,F06,P042,48.0,EU to EU Internal
STO01778,2024-05-21,F01,F06,P043,9.0,EU to EU Internal
STO01779,2024-05-19,F01,F06,P044,56.0,EU to EU Internal
STO01780,2024-05-13,F01,F06,P045,68.0,EU to EU Internal
STO01781,2024-05-14,F01,F06,P046,113.0,EU to EU Internal
STO01782,2024-05-16,F01,F06,P047,46.0,EU to EU Internal
STO01783,2024-05-12,F01,F06,P048,56.0,EU to EU Internal
STO01784,2024-05-24,F01,F06,P049,30.0,EU to EU Internal
STO01785,2024-05-11,F01,F06,P050,87.0,EU to EU Internal
STO01786,2024-05-15,F01,F06,P051,112.0,EU to EU Internal
STO01787,2024-05-18,F01,F06,P052,84.0,EU to EU Internal
STO01788,2024-05-21,F01,F06,P053,17.0,EU to EU Internal
STO01789,2024-05-19,F01,F06,P054,38.0,EU to EU Internal
STO01790,2024-05-16,F01,F06,P055,24.0,EU to EU Internal
STO01791,2024-05-14,F01,F06,P056,30.0,EU to EU Internal
STO01792,2024-05-17,F01,F06,P057,51.0,EU to EU Internal
STO01793,2024-05-16,F01,F06,P058,40.0,EU to EU Internal
STO01794,2024-05-16,F01,F06,P059,104.0,EU to EU Internal
STO01795,2024-05-13,F01,F06,P060,47.0,EU to EU Internal
STO01796,2024-05-15,F01,F06,P061,101.0,EU to EU Internal
STO01797,2024-05-11,F01,F06,P062,42.0,EU to EU Internal
STO01798,2024-05-17,F01,F06,P063,97.0,EU to EU Internal
STO01799,2024-05-21,F01,F06,P064,40.0,EU to EU Internal
STO01800,2024-05-13,F01,F06,P065,51.0,EU to EU Internal
STO01801,2024-05-24,F01,F06,P066,11.0,EU to EU Internal
STO01802,2024-05-21,F01,F06,P067,26.0,EU to EU Internal
STO01803,2024-05-23,F01,F06,P068,14.0,EU to EU Internal
STO01804,2024-05-13,F01,F06,P069,45.0,EU to EU Internal
STO01805,2024-05-24,F01,F06,P070,70.0,EU to EU Internal
STO01806,2024-05-22,F01,F06,P071,27.0,EU to EU Internal
STO01807,2024-05-12,F01,F06,P072,69.0,EU to EU Internal
STO01808,2024-05-20,F01,F06,P073,83.0,EU to EU Internal
STO01809,2024-05-24,F01,F06,P074,49.0,EU to EU Internal
STO01810,2024-05-22,F01,F06,P075,18.0,EU to EU Internal
STO01811,2024-05-15,F01,F06,P076,71.0,EU to EU Internal
STO01812,2024-05-15,F01,F06,P077,88.0,EU to EU Internal
STO01813,2024-05-24,F01,F06,P078,36.0,EU to EU Internal
STO01814,2024-05-17,F01,F06,P079,35.0,EU to EU Internal
STO01815,2024-05-11,F01,F06,P080,27.0,EU to EU Internal
STO01816,2024-05-14,F01,F06,P081,142.0,EU to EU Internal
STO01817,2024-05-21,F01,F06,P082,57.0,EU to EU Internal
STO01818,2024-05-23,F01,F06,P083,50.0,EU to EU Internal
STO01819,2024-05-19,F01,F06,P084,32.0,EU to EU Internal
STO01820,2024-05-16,F01,F06,P085,83.0,EU to EU Internal
STO01821,2024-05-17,F01,F06,P086,72.0,EU to EU Internal
STO01822,2024-05-22,F01,F06,P087,92.0,EU to EU Internal
STO01823,2024-05-19,F01,F06,P088,82.0,EU to EU Internal
STO01824,2024-05-23,F01,F06,P089,129.0,EU to EU Internal
STO01825,2024-05-19,F01,F06,P090,34.0,EU to EU Internal
STO01826,2024-05-18,F01,F06,P091,13.0,EU to EU Internal
STO01827,2024-05-12,F01,F06,P092,35.0,EU to EU Internal
STO01828,2024-05-18,F01,F06,P093,68.0,EU to EU Internal
STO01829,2024-05-24,F01,F06,P094,92.0,EU to EU Internal
STO01830,2024-05-20,F01,F06,P095,57.0,EU to EU Internal
STO01831,2024-05-12,F01,F06,P096,67.0,EU to EU Internal
STO01832,2024-05-21,F01,F06,P097,217.0,EU to EU Internal
STO01833,2024-05-24,F01,F06,P098,140.0,EU to EU Internal
STO01834,2024-05-18,F01,F06,P099,40.0,EU to EU Internal
STO01835,2024-05-20,F01,F06,P100,66.0,EU to EU Internal
STO01836,2024-06-12,F03,F02,P001,69.0,EU to EU Internal
STO01837,2024-06-22,F03,F02,P002,24.0,EU to EU Internal
STO01838,2024-06-19,F03,F02,P003,34.0,EU to EU Internal
STO01839,2024-06-10,F03,F02,P004,101.0,EU to EU Internal
STO01840,2024-06-22,F03,F02,P005,71.0,EU to EU Internal
STO01841,2024-06-17,F03,F02,P008,15.0,EU to EU Internal
STO01842,2024-06-21,F03,F02,P009,7.0,EU to EU Internal
STO01843,2024-06-14,F03,F02,P010,97.0,EU to EU Internal
STO01844,2024-06-14,F03,F02,P012,9.0,EU to EU Internal
STO01845,2024-06-12,F03,F02,P013,23.0,EU to EU Internal
STO01846,2024-06-14,F03,F02,P014,122.0,EU to EU Internal
STO01847,2024-06-23,F03,F02,P015,15.0,EU to EU Internal
STO01848,2024-06-23,F03,F02,P016,80.0,EU to EU Internal
STO01849,2024-06-19,F03,F02,P017,14.0,EU to EU Internal
STO01850,2024-06-13,F03,F02,P018,39.0,EU to EU Internal
STO01851,2024-06-11,F03,F02,P019,73.0,EU to EU Internal
STO01852,2024-06-15,F03,F02,P020,13.0,EU to EU Internal
STO01853,2024-06-10,F03,F02,P021,63.0,EU to EU Internal
STO01854,2024-06-11,F03,F02,P022,28.0,EU to EU Internal
STO01855,2024-06-14,F03,F02,P023,68.0,EU to EU Internal
STO01856,2024-06-11,F03,F02,P024,32.0,EU to EU Internal
STO01857,2024-06-21,F03,F02,P026,35.0,EU to EU Internal
STO01858,2024-06-12,F03,F02,P027,55.0,EU to EU Internal
STO01859,2024-06-16,F03,F02,P028,46.0,EU to EU Internal
STO01860,2024-06-12,F03,F02,P029,77.0,EU to EU Internal
STO01861,2024-06-22,F03,F02,P030,72.0,EU to EU Internal
STO01862,2024-06-21,F03,F02,P031,208.0,EU to EU Internal
STO01863,2024-06-13,F03,F02,P032,2.0,EU to EU Internal
STO01864,2024-06-16,F03,F02,P033,14.0,EU to EU Internal
STO01865,2024-06-22,F03,F02,P034,52.0,EU to EU Internal
STO01866,2024-06-10,F03,F02,P035,6.0,EU to EU Internal
STO01867,2024-06-17,F03,F02,P036,53.0,EU to EU Internal
STO01868,2024-06-18,F03,F02,P037,45.0,EU to EU Internal
STO01869,2024-06-20,F03,F02,P038,80.0,EU to EU Internal
STO01870,2024-06-18,F03,F02,P039,8.0,EU to EU Internal
STO01871,2024-06-23,F03,F02,P040,9.0,EU to EU Internal
STO01872,2024-06-18,F03,F02,P041,13.0,EU to EU Internal
STO01873,2024-06-18,F03,F02,P042,31.0,EU to EU Internal
STO01874,2024-06-22,F03,F02,P043,89.0,EU to EU Internal
STO01875,2024-06-18,F03,F02,P044,35.0,EU to EU Internal
STO01876,2024-06-17,F03,F02,P045,19.0,EU to EU Internal
STO01877,2024-06-16,F03,F02,P046,60.0,EU to EU Internal
STO01878,2024-06-20,F03,F02,P047,91.0,EU to EU Internal
STO01879,2024-06-13,F03,F02,P048,22.0,EU to EU Internal
STO01880,2024-06-23,F03,F02,P049,20.0,EU to EU Internal
STO01881,2024-06-19,F03,F02,P050,77.0,EU to EU Internal
STO01882,2024-06-10,F03,F02,P051,36.0,EU to EU Internal
STO01883,2024-06-15,F03,F02,P052,14.0,EU to EU Internal
STO01884,2024-06-17,F03,F02,P053,22.0,EU to EU Internal
STO01885,2024-06-20,F03,F02,P054,28.0,EU to EU Internal
STO01886,2024-06-13,F03,F02,P055,21.0,EU to EU Internal
STO01887,2024-06-16,F03,F02,P056,56.0,EU to EU Internal
STO01888,2024-06-15,F03,F02,P057,76.0,EU to EU Internal
STO01889,2024-06-16,F03,F02,P058,40.0,EU to EU Internal
STO01890,2024-06-18,F03,F02,P059,20.0,EU to EU Internal
STO01891,2024-06-21,F03,F02,P060,30.0,EU to EU Internal
STO01892,2024-06-18,F03,F02,P061,39.0,EU to EU Internal
STO01893,2024-06-14,F03,F02,P062,28.0,EU to EU Internal
STO01894,2024-06-13,F03,F02,P063,115.0,EU to EU Internal
STO01895,2024-06-16,F03,F02,P064,23.0,EU to EU Internal
STO01896,2024-06-14,F03,F02,P065,68.0,EU to EU Internal
STO01897,2024-06-10,F03,F02,P067,12.0,EU to EU Internal
STO01898,2024-06-13,F03,F02,P068,8.0,EU to EU Internal
STO01899,2024-06-21,F03,F02,P069,60.0,EU to EU Internal
STO01900,2024-06-13,F03,F02,P070,123.0,EU to EU Internal
STO01901,2024-06-21,F03,F02,P071,55.0,EU to EU Internal
STO01902,2024-06-16,F03,F02,P072,13.0,EU to EU Internal
STO01903,2024-06-22,F03,F02,P073,21.0,EU to EU Internal
STO01904,2024-06-21,F03,F02,P074,29.0,EU to EU Internal
STO01905,2024-06-21,F03,F02,P075,55.0,EU to EU Internal
STO01906,2024-06-12,F03,F02,P076,51.0,EU to EU Internal
STO01907,2024-06-11,F03,F02,P077,78.0,EU to EU Internal
STO01908,2024-06-10,F03,F02,P079,58.0,EU to EU Internal
STO01909,2024-06-11,F03,F02,P080,13.0,EU to EU Internal
STO01910,2024-06-21,F03,F02,P081,103.0,EU to EU Internal
STO01911,2024-06-13,F03,F02,P082,29.0,EU to EU Internal
STO01912,2024-06-11,F03,F02,P083,6.0,EU to EU Internal
STO01913,2024-06-10,F03,F02,P084,22.0,EU to EU Internal
STO01914,2024-06-21,F03,F02,P085,55.0,EU to EU Internal
STO01915,2024-06-13,F03,F02,P086,16.0,EU to EU Internal
STO01916,2024-06-11,F03,F02,P087,128.0,EU to EU Internal
STO01917,2024-06-23,F03,F02,P088,43.0,EU to EU Internal
STO01918,2024-06-21,F03,F02,P089,49.0,EU to EU Internal
STO01919,2024-06-10,F03,F02,P091,26.0,EU to EU Internal
STO01920,2024-06-10,F03,F02,P092,99.0,EU to EU Internal
STO01921,2024-06-12,F03,F02,P093,39.0,EU to EU Internal
STO01922,2024-06-20,F03,F02,P094,81.0,EU to EU Internal
STO01923,2024-06-11,F03,F02,P095,58.0,EU to EU Internal
STO01924,2024-06-16,F03,F02,P096,61.0,EU to EU Internal
STO01925,2024-06-10,F03,F02,P097,52.0,EU to EU Internal
STO01926,2024-06-18,F03,F02,P098,32.0,EU to EU Internal
STO01927,2024-06-11,F03,F02,P099,19.0,EU to EU Internal
STO01928,2024-06-18,F03,F02,P100,24.0,EU to EU Internal
STO01929,2024-06-13,F03,F04,P001,58.0,EU to EU Internal
STO01930,2024-06-10,F03,F04,P002,98.0,EU to EU Internal
STO01931,2024-06-18,F03,F04,P003,137.0,EU to EU Internal
STO01932,2024-06-23,F03,F04,P004,133.0,EU to EU Internal
STO01933,2024-06-23,F03,F04,P005,61.0,EU to EU Internal
STO01934,2024-06-22,F03,F04,P006,27.0,EU to EU Internal
STO01935,2024-06-17,F03,F04,P007,54.0,EU to EU Internal
STO01936,2024-06-17,F03,F04,P008,27.0,EU to EU Internal
STO01937,2024-06-12,F03,F04,P009,25.0,EU to EU Internal
STO01938,2024-06-23,F03,F04,P010,29.0,EU to EU Internal
STO01939,2024-06-23,F03,F04,P011,26.0,EU to EU Internal
STO01940,2024-06-22,F03,F04,P012,28.0,EU to EU Internal
STO01941,2024-06-10,F03,F04,P013,96.0,EU to EU Internal
STO01942,2024-06-16,F03,F04,P014,55.0,EU to EU Internal
STO01943,2024-06-17,F03,F04,P015,108.0,EU to EU Internal
STO01944,2024-06-21,F03,F04,P016,102.0,EU to EU Internal
STO01945,2024-06-21,F03,F04,P018,81.0,EU to EU Internal
STO01946,2024-06-22,F03,F04,P019,109.0,EU to EU Internal
STO01947,2024-06-13,F03,F04,P020,89.0,EU to EU Internal
STO01948,2024-06-19,F03,F04,P021,27.0,EU to EU Internal
STO01949,2024-06-17,F03,F04,P022,120.0,EU to EU Internal
STO01950,2024-06-22,F03,F04,P023,58.0,EU to EU Internal
STO01951,2024-06-13,F03,F04,P024,11.0,EU to EU Internal
STO01952,2024-06-12,F03,F04,P025,26.0,EU to EU Internal
STO01953,2024-06-10,F03,F04,P026,52.0,EU to EU Internal
STO01954,2024-06-21,F03,F04,P027,80.0,EU to EU Internal
STO01955,2024-06-15,F03,F04,P028,74.0,EU to EU Internal
STO01956,2024-06-21,F03,F04,P029,110.0,EU to EU Internal
STO01957,2024-06-13,F03,F04,P030,193.0,EU to EU Internal
STO01958,2024-06-19,F03,F04,P031,135.0,EU to EU Internal
STO01959,2024-06-14,F03,F04,P032,109.0,EU to EU Internal
STO01960,2024-06-18,F03,F04,P033,33.0,EU to EU Internal
STO01961,2024-06-22,F03,F04,P034,76.0,EU to EU Internal
STO01962,2024-06-16,F03,F04,P035,36.0,EU to EU Internal
STO01963,2024-06-19,F03,F04,P036,49.0,EU to EU Internal
STO01964,2024-06-23,F03,F04,P037,85.0,EU to EU Internal
STO01965,2024-06-18,F03,F04,P038,75.0,EU to EU Internal
STO01966,2024-06-22,F03,F04,P039,17.0,EU to EU Internal
STO01967,2024-06-17,F03,F04,P040,71.0,EU to EU Internal
STO01968,2024-06-21,F03,F04,P041,15.0,EU to EU Internal
STO01969,2024-06-15,F03,F04,P042,199.0,EU to EU Internal
STO01970,2024-06-18,F03,F04,P043,120.0,EU to EU Internal
STO01971,2024-06-14,F03,F04,P044,38.0,EU to EU Internal
STO01972,2024-06-19,F03,F04,P045,93.0,EU to EU Internal
STO01973,2024-06-22,F03,F04,P046,139.0,EU to EU Internal
STO01974,2024-06-21,F03,F04,P047,123.0,EU to EU Internal
STO01975,2024-06-18,F03,F04,P048,62.0,EU to EU Internal
STO01976,2024-06-21,F03,F04,P049,30.0,EU to EU Internal
STO01977,2024-06-18,F03,F04,P050,169.0,EU to EU Internal
STO01978,2024-06-23,F03,F04,P051,216.0,EU to EU Internal
STO01979,2024-06-15,F03,F04,P052,177.0,EU to EU Internal
STO01980,2024-06-14,F03,F04,P053,111.0,EU to EU Internal
STO01981,2024-06-19,F03,F04,P054,35.0,EU to EU Internal
STO01982,2024-06-15,F03,F04,P055,36.0,EU to EU Internal
STO01983,2024-06-12,F03,F04,P056,73.0,EU to EU Internal
STO01984,2024-06-14,F03,F04,P057,183.0,EU to EU Internal
STO01985,2024-06-20,F03,F04,P058,88.0,EU to EU Internal
STO01986,2024-06-19,F03,F04,P059,130.0,EU to EU Internal
STO01987,2024-06-12,F03,F04,P060,38.0,EU to EU Internal
STO01988,2024-06-20,F03,F04,P061,147.0,EU to EU Internal
STO01989,2024-06-23,F03,F04,P062,52.0,EU to EU Internal
STO01990,2024-06-13,F03,F04,P063,116.0,EU to EU Internal
STO01991,2024-06-18,F03,F04,P064,79.0,EU to EU Internal
STO01992,2024-06-12,F03,F04,P065,103.0,EU to EU Internal
STO01993,2024-06-13,F03,F04,P066,6.0,EU to EU Internal
STO01994,2024-06-17,F03,F04,P067,3.0,EU to EU Internal
STO01995,2024-06-10,F03,F04,P069,45.0,EU to EU Internal
STO01996,2024-06-19,F03,F04,P070,20.0,EU to EU Internal
STO01997,2024-06-22,F03,F04,P071,118.0,EU to EU Internal
STO01998,2024-06-13,F03,F04,P072,85.0,EU to EU Internal
STO01999,2024-06-10,F03,F04,P073,155.0,EU to EU Internal
STO02000,2024-06-11,F03,F04,P074,62.0,EU to EU Internal
STO02001,2024-06-18,F03,F04,P075,47.0,EU to EU Internal
STO02002,2024-06-11,F03,F04,P076,47.0,EU to EU Internal
STO02003,2024-06-23,F03,F04,P077,128.0,EU to EU Internal
STO02004,2024-06-15,F03,F04,P078,27.0,EU to EU Internal
STO02005,2024-06-15,F03,F04,P079,94.0,EU to EU Internal
STO02006,2024-06-22,F03,F04,P080,19.0,EU to EU Internal
STO02007,2024-06-10,F03,F04,P081,147.0,EU to EU Internal
STO02008,2024-06-10,F03,F04,P082,132.0,EU to EU Internal
STO02009,2024-06-19,F03,F04,P083,10.0,EU to EU Internal
STO02010,2024-06-11,F03,F04,P084,86.0,EU to EU Internal
STO02011,2024-06-15,F03,F04,P085,127.0,EU to EU Internal
STO02012,2024-06-23,F03,F04,P086,18.0,EU to EU Internal
STO02013,2024-06-19,F03,F04,P087,122.0,EU to EU Internal
STO02014,2024-06-15,F03,F04,P088,64.0,EU to EU Internal
STO02015,2024-06-22,F03,F04,P089,7.0,EU to EU Internal
STO02016,2024-06-17,F03,F04,P091,103.0,EU to EU Internal
STO02017,2024-06-13,F03,F04,P092,102.0,EU to EU Internal
STO02018,2024-06-10,F03,F04,P093,105.0,EU to EU Internal
STO02019,2024-06-13,F03,F04,P094,235.0,EU to EU Internal
STO02020,2024-06-12,F03,F04,P095,46.0,EU to EU Internal
STO02021,2024-06-12,F03,F04,P096,67.0,EU to EU Internal
STO02022,2024-06-19,F03,F04,P097,221.0,EU to EU Internal
STO02023,2024-06-16,F03,F04,P098,202.0,EU to EU Internal
STO02024,2024-06-17,F03,F04,P099,249.0,EU to EU Internal
STO02025,2024-06-14,F03,F04,P100,2.0,EU to EU Internal
STO02026,2024-06-13,F01,F05,P002,11.0,EU to EU Internal
STO02027,2024-06-11,F01,F05,P003,24.0,EU to EU Internal
STO02028,2024-06-15,F01,F05,P005,72.0,EU to EU Internal
STO02029,2024-06-18,F01,F05,P007,14.0,EU to EU Internal
STO02030,2024-06-23,F01,F05,P008,7.0,EU to EU Internal
STO02031,2024-06-15,F01,F05,P009,41.0,EU to EU Internal
STO02032,2024-06-22,F01,F05,P010,31.0,EU to EU Internal
STO02033,2024-06-13,F01,F05,P011,29.0,EU to EU Internal
STO02034,2024-06-18,F01,F05,P012,34.0,EU to EU Internal
STO02035,2024-06-16,F01,F05,P015,101.0,EU to EU Internal
STO02036,2024-06-21,F01,F05,P017,13.0,EU to EU Internal
STO02037,2024-06-16,F01,F05,P018,18.0,EU to EU Internal
STO02038,2024-06-18,F01,F05,P019,10.0,EU to EU Internal
STO02039,2024-06-23,F01,F05,P020,83.0,EU to EU Internal
STO02040,2024-06-15,F01,F05,P021,15.0,EU to EU Internal
STO02041,2024-06-20,F01,F05,P022,12.0,EU to EU Internal
STO02042,2024-06-20,F01,F05,P023,14.0,EU to EU Internal
STO02043,2024-06-20,F01,F05,P024,42.0,EU to EU Internal
STO02044,2024-06-22,F01,F05,P025,51.0,EU to EU Internal
STO02045,2024-06-22,F01,F05,P026,4.0,EU to EU Internal
STO02046,2024-06-17,F01,F05,P028,19.0,EU to EU Internal
STO02047,2024-06-16,F01,F05,P029,11.0,EU to EU Internal
STO02048,2024-06-16,F01,F05,P030,6.0,EU to EU Internal
STO02049,2024-06-21,F01,F05,P032,34.0,EU to EU Internal
STO02050,2024-06-18,F01,F05,P034,45.0,EU to EU Internal
STO02051,2024-06-10,F01,F05,P035,6.0,EU to EU Internal
STO02052,2024-06-19,F01,F05,P037,22.0,EU to EU Internal
STO02053,2024-06-23,F01,F05,P038,14.0,EU to EU Internal
STO02054,2024-06-19,F01,F05,P039,47.0,EU to EU Internal
STO02055,2024-06-12,F01,F05,P041,2.0,EU to EU Internal
STO02056,2024-06-11,F01,F05,P042,7.0,EU to EU Internal
STO02057,2024-06-23,F01,F05,P043,21.0,EU to EU Internal
STO02058,2024-06-11,F01,F05,P044,24.0,EU to EU Internal
STO02059,2024-06-22,F01,F05,P045,15.0,EU to EU Internal
STO02060,2024-06-10,F01,F05,P046,68.0,EU to EU Internal
STO02061,2024-06-18,F01,F05,P047,8.0,EU to EU Internal
STO02062,2024-06-19,F01,F05,P048,25.0,EU to EU Internal
STO02063,2024-06-18,F01,F05,P049,8.0,EU to EU Internal
STO02064,2024-06-21,F01,F05,P050,16.0,EU to EU Internal
STO02065,2024-06-15,F01,F05,P051,82.0,EU to EU Internal
STO02066,2024-06-12,F01,F05,P052,24.0,EU to EU Internal
STO02067,2024-06-19,F01,F05,P055,8.0,EU to EU Internal
STO02068,2024-06-21,F01,F05,P056,12.0,EU to EU Internal
STO02069,2024-06-13,F01,F05,P057,25.0,EU to EU Internal
STO02070,2024-06-21,F01,F05,P059,51.0,EU to EU Internal
STO02071,2024-06-23,F01,F05,P061,29.0,EU to EU Internal
STO02072,2024-06-19,F01,F05,P062,13.0,EU to EU Internal
STO02073,2024-06-20,F01,F05,P063,18.0,EU to EU Internal
STO02074,2024-06-22,F01,F05,P064,4.0,EU to EU Internal
STO02075,2024-06-23,F01,F05,P065,9.0,EU to EU Internal
STO02076,2024-06-12,F01,F05,P067,21.0,EU to EU Internal
STO02077,2024-06-23,F01,F05,P069,25.0,EU to EU Internal
STO02078,2024-06-16,F01,F05,P070,73.0,EU to EU Internal
STO02079,2024-06-10,F01,F05,P071,50.0,EU to EU Internal
STO02080,2024-06-23,F01,F05,P072,1.0,EU to EU Internal
STO02081,2024-06-13,F01,F05,P073,26.0,EU to EU Internal
STO02082,2024-06-17,F01,F05,P076,27.0,EU to EU Internal
STO02083,2024-06-12,F01,F05,P077,20.0,EU to EU Internal
STO02084,2024-06-19,F01,F05,P079,25.0,EU to EU Internal
STO02085,2024-06-12,F01,F05,P080,4.0,EU to EU Internal
STO02086,2024-06-12,F01,F05,P081,85.0,EU to EU Internal
STO02087,2024-06-10,F01,F05,P083,17.0,EU to EU Internal
STO02088,2024-06-19,F01,F05,P084,33.0,EU to EU Internal
STO02089,2024-06-10,F01,F05,P085,30.0,EU to EU Internal
STO02090,2024-06-23,F01,F05,P086,27.0,EU to EU Internal
STO02091,2024-06-17,F01,F05,P087,78.0,EU to EU Internal
STO02092,2024-06-17,F01,F05,P088,33.0,EU to EU Internal
STO02093,2024-06-16,F01,F05,P089,91.0,EU to EU Internal
STO02094,2024-06-11,F01,F05,P090,2.0,EU to EU Internal
STO02095,2024-06-20,F01,F05,P091,17.0,EU to EU Internal
STO02096,2024-06-16,F01,F05,P092,41.0,EU to EU Internal
STO02097,2024-06-18,F01,F05,P093,39.0,EU to EU Internal
STO02098,2024-06-17,F01,F05,P094,27.0,EU to EU Internal
STO02099,2024-06-13,F01,F05,P095,6.0,EU to EU Internal
STO02100,2024-06-10,F01,F05,P096,16.0,EU to EU Internal
STO02101,2024-06-21,F01,F05,P097,76.0,EU to EU Internal
STO02102,2024-06-18,F01,F06,P001,32.0,EU to EU Internal
STO02103,2024-06-23,F01,F06,P002,36.0,EU to EU Internal
STO02104,2024-06-11,F01,F06,P003,12.0,EU to EU Internal
STO02105,2024-06-17,F01,F06,P004,194.0,EU to EU Internal
STO02106,2024-06-20,F01,F06,P005,188.0,EU to EU Internal
STO02107,2024-06-21,F01,F06,P006,24.0,EU to EU Internal
STO02108,2024-06-10,F01,F06,P007,20.0,EU to EU Internal
STO02109,2024-06-12,F01,F06,P008,66.0,EU to EU Internal
STO02110,2024-06-10,F01,F06,P009,103.0,EU to EU Internal
STO02111,2024-06-20,F01,F06,P010,60.0,EU to EU Internal
STO02112,2024-06-21,F01,F06,P011,102.0,EU to EU Internal
STO02113,2024-06-20,F01,F06,P012,37.0,EU to EU Internal
STO02114,2024-06-13,F01,F06,P013,16.0,EU to EU Internal
STO02115,2024-06-11,F01,F06,P014,36.0,EU to EU Internal
STO02116,2024-06-16,F01,F06,P015,22.0,EU to EU Internal
STO02117,2024-06-23,F01,F06,P016,103.0,EU to EU Internal
STO02118,2024-06-20,F01,F06,P017,38.0,EU to EU Internal
STO02119,2024-06-10,F01,F06,P018,52.0,EU to EU Internal
STO02120,2024-06-14,F01,F06,P019,62.0,EU to EU Internal
STO02121,2024-06-19,F01,F06,P020,91.0,EU to EU Internal
STO02122,2024-06-23,F01,F06,P021,63.0,EU to EU Internal
STO02123,2024-06-10,F01,F06,P022,82.0,EU to EU Internal
STO02124,2024-06-10,F01,F06,P023,89.0,EU to EU Internal
STO02125,2024-06-23,F01,F06,P024,30.0,EU to EU Internal
STO02126,2024-06-12,F01,F06,P025,36.0,EU to EU Internal
STO02127,2024-06-11,F01,F06,P026,8.0,EU to EU Internal
STO02128,2024-06-18,F01,F06,P027,73.0,EU to EU Internal
STO02129,2024-06-10,F01,F06,P028,67.0,EU to EU Internal
STO02130,2024-06-19,F01,F06,P029,50.0,EU to EU Internal
STO02131,2024-06-13,F01,F06,P030,53.0,EU to EU Internal
STO02132,2024-06-14,F01,F06,P031,111.0,EU to EU Internal
STO02133,2024-06-15,F01,F06,P032,64.0,EU to EU Internal
STO02134,2024-06-11,F01,F06,P033,53.0,EU to EU Internal
STO02135,2024-06-15,F01,F06,P034,26.0,EU to EU Internal
STO02136,2024-06-15,F01,F06,P035,19.0,EU to EU Internal
STO02137,2024-06-17,F01,F06,P036,22.0,EU to EU Internal
STO02138,2024-06-10,F01,F06,P037,28.0,EU to EU Internal
STO02139,2024-06-19,F01,F06,P038,59.0,EU to EU Internal
STO02140,2024-06-11,F01,F06,P039,108.0,EU to EU Internal
STO02141,2024-06-21,F01,F06,P040,56.0,EU to EU Internal
STO02142,2024-06-19,F01,F06,P041,36.0,EU to EU Internal
STO02143,2024-06-12,F01,F06,P042,101.0,EU to EU Internal
STO02144,2024-06-11,F01,F06,P043,12.0,EU to EU Internal
STO02145,2024-06-19,F01,F06,P044,33.0,EU to EU Internal
STO02146,2024-06-22,F01,F06,P045,75.0,EU to EU Internal
STO02147,2024-06-23,F01,F06,P046,98.0,EU to EU Internal
STO02148,2024-06-20,F01,F06,P047,29.0,EU to EU Internal
STO02149,2024-06-13,F01,F06,P048,51.0,EU to EU Internal
STO02150,2024-06-18,F01,F06,P049,34.0,EU to EU Internal
STO02151,2024-06-14,F01,F06,P050,82.0,EU to EU Internal
STO02152,2024-06-11,F01,F06,P051,64.0,EU to EU Internal
STO02153,2024-06-21,F01,F06,P052,74.0,EU to EU Internal
STO02154,2024-06-13,F01,F06,P053,17.0,EU to EU Internal
STO02155,2024-06-18,F01,F06,P054,32.0,EU to EU Internal
STO02156,2024-06-14,F01,F06,P055,35.0,EU to EU Internal
STO02157,2024-06-21,F01,F06,P056,11.0,EU to EU Internal
STO02158,2024-06-21,F01,F06,P057,104.0,EU to EU Internal
STO02159,2024-06-21,F01,F06,P058,84.0,EU to EU Internal
STO02160,2024-06-20,F01,F06,P059,92.0,EU to EU Internal
STO02161,2024-06-12,F01,F06,P060,55.0,EU to EU Internal
STO02162,2024-06-20,F01,F06,P061,66.0,EU to EU Internal
STO02163,2024-06-17,F01,F06,P062,28.0,EU to EU Internal
STO02164,2024-06-11,F01,F06,P063,82.0,EU to EU Internal
STO02165,2024-06-18,F01,F06,P064,49.0,EU to EU Internal
STO02166,2024-06-20,F01,F06,P065,61.0,EU to EU Internal
STO02167,2024-06-23,F01,F06,P066,18.0,EU to EU Internal
STO02168,2024-06-12,F01,F06,P067,43.0,EU to EU Internal
STO02169,2024-06-14,F01,F06,P068,61.0,EU to EU Internal
STO02170,2024-06-13,F01,F06,P069,35.0,EU to EU Internal
STO02171,2024-06-13,F01,F06,P070,22.0,EU to EU Internal
STO02172,2024-06-22,F01,F06,P071,27.0,EU to EU Internal
STO02173,2024-06-14,F01,F06,P072,47.0,EU to EU Internal
STO02174,2024-06-22,F01,F06,P073,140.0,EU to EU Internal
STO02175,2024-06-13,F01,F06,P074,24.0,EU to EU Internal
STO02176,2024-06-13,F01,F06,P075,19.0,EU to EU Internal
STO02177,2024-06-19,F01,F06,P076,60.0,EU to EU Internal
STO02178,2024-06-20,F01,F06,P077,58.0,EU to EU Internal
STO02179,2024-06-22,F01,F06,P078,47.0,EU to EU Internal
STO02180,2024-06-10,F01,F06,P079,43.0,EU to EU Internal
STO02181,2024-06-18,F01,F06,P080,24.0,EU to EU Internal
STO02182,2024-06-13,F01,F06,P081,133.0,EU to EU Internal
STO02183,2024-06-12,F01,F06,P082,91.0,EU to EU Internal
STO02184,2024-06-19,F01,F06,P083,34.0,EU to EU Internal
STO02185,2024-06-16,F01,F06,P084,7.0,EU to EU Internal
STO02186,2024-06-16,F01,F06,P085,67.0,EU to EU Internal
STO02187,2024-06-15,F01,F06,P086,78.0,EU to EU Internal
STO02188,2024-06-17,F01,F06,P087,58.0,EU to EU Internal
STO02189,2024-06-20,F01,F06,P088,48.0,EU to EU Internal
STO02190,2024-06-17,F01,F06,P089,49.0,EU to EU Internal
STO02191,2024-06-19,F01,F06,P090,30.0,EU to EU Internal
STO02192,2024-06-20,F01,F06,P091,44.0,EU to EU Internal
STO02193,2024-06-14,F01,F06,P092,36.0,EU to EU Internal
STO02194,2024-06-23,F01,F06,P093,78.0,EU to EU Internal
STO02195,2024-06-21,F01,F06,P094,99.0,EU to EU Internal
STO02196,2024-06-21,F01,F06,P095,41.0,EU to EU Internal
STO02197,2024-06-15,F01,F06,P096,58.0,EU to EU Internal
STO02198,2024-06-16,F01,F06,P097,119.0,EU to EU Internal
STO02199,2024-06-22,F01,F06,P098,104.0,EU to EU Internal
STO02200,2024-06-20,F01,F06,P099,51.0,EU to EU Internal
STO02201,2024-06-20,F01,F06,P100,56.0,EU to EU Internal
STO02202,2024-07-13,F03,F02,P001,50.0,EU to EU Internal
STO02203,2024-07-16,F03,F02,P002,38.0,EU to EU Internal
STO02204,2024-07-11,F03,F02,P003,68.0,EU to EU Internal
STO02205,2024-07-19,F03,F02,P004,255.0,EU to EU Internal
STO02206,2024-07-13,F03,F02,P005,127.0,EU to EU Internal
STO02207,2024-07-20,F03,F02,P006,11.0,EU to EU Internal
STO02208,2024-07-22,F03,F02,P008,26.0,EU to EU Internal
STO02209,2024-07-22,F03,F02,P009,18.0,EU to EU Internal
STO02210,2024-07-16,F03,F02,P010,61.0,EU to EU Internal
STO02211,2024-07-17,F03,F02,P011,13.0,EU to EU Internal
STO02212,2024-07-17,F03,F02,P012,2.0,EU to EU Internal
STO02213,2024-07-16,F03,F02,P013,32.0,EU to EU Internal
STO02214,2024-07-22,F03,F02,P014,85.0,EU to EU Internal
STO02215,2024-07-24,F03,F02,P015,41.0,EU to EU Internal
STO02216,2024-07-23,F03,F02,P016,51.0,EU to EU Internal
STO02217,2024-07-13,F03,F02,P017,5.0,EU to EU Internal
STO02218,2024-07-14,F03,F02,P018,56.0,EU to EU Internal
STO02219,2024-07-20,F03,F02,P019,120.0,EU to EU Internal
STO02220,2024-07-23,F03,F02,P020,17.0,EU to EU Internal
STO02221,2024-07-13,F03,F02,P021,45.0,EU to EU Internal
STO02222,2024-07-21,F03,F02,P022,37.0,EU to EU Internal
STO02223,2024-07-20,F03,F02,P023,37.0,EU to EU Internal
STO02224,2024-07-20,F03,F02,P024,28.0,EU to EU Internal
STO02225,2024-07-13,F03,F02,P026,44.0,EU to EU Internal
STO02226,2024-07-23,F03,F02,P027,81.0,EU to EU Internal
STO02227,2024-07-15,F03,F02,P028,79.0,EU to EU Internal
STO02228,2024-07-20,F03,F02,P029,106.0,EU to EU Internal
STO02229,2024-07-19,F03,F02,P030,68.0,EU to EU Internal
STO02230,2024-07-14,F03,F02,P031,167.0,EU to EU Internal
STO02231,2024-07-23,F03,F02,P032,13.0,EU to EU Internal
STO02232,2024-07-24,F03,F02,P033,10.0,EU to EU Internal
STO02233,2024-07-18,F03,F02,P034,88.0,EU to EU Internal
STO02234,2024-07-23,F03,F02,P035,29.0,EU to EU Internal
STO02235,2024-07-23,F03,F02,P036,56.0,EU to EU Internal
STO02236,2024-07-18,F03,F02,P037,40.0,EU to EU Internal
STO02237,2024-07-14,F03,F02,P038,136.0,EU to EU Internal
STO02238,2024-07-11,F03,F02,P040,25.0,EU to EU Internal
STO02239,2024-07-23,F03,F02,P041,25.0,EU to EU Internal
STO02240,2024-07-11,F03,F02,P042,84.0,EU to EU Internal
STO02241,2024-07-21,F03,F02,P043,51.0,EU to EU Internal
STO02242,2024-07-11,F03,F02,P044,25.0,EU to EU Internal
STO02243,2024-07-12,F03,F02,P045,39.0,EU to EU Internal
STO02244,2024-07-17,F03,F02,P046,59.0,EU to EU Internal
STO02245,2024-07-14,F03,F02,P047,98.0,EU to EU Internal
STO02246,2024-07-12,F03,F02,P048,38.0,EU to EU Internal
STO02247,2024-07-23,F03,F02,P049,26.0,EU to EU Internal
STO02248,2024-07-24,F03,F02,P050,73.0,EU to EU Internal
STO02249,2024-07-16,F03,F02,P051,53.0,EU to EU Internal
STO02250,2024-07-18,F03,F02,P052,22.0,EU to EU Internal
STO02251,2024-07-23,F03,F02,P053,24.0,EU to EU Internal
STO02252,2024-07-23,F03,F02,P054,29.0,EU to EU Internal
STO02253,2024-07-24,F03,F02,P055,29.0,EU to EU Internal
STO02254,2024-07-24,F03,F02,P056,64.0,EU to EU Internal
STO02255,2024-07-24,F03,F02,P057,70.0,EU to EU Internal
STO02256,2024-07-22,F03,F02,P058,43.0,EU to EU Internal
STO02257,2024-07-12,F03,F02,P059,18.0,EU to EU Internal
STO02258,2024-07-17,F03,F02,P060,20.0,EU to EU Internal
STO02259,2024-07-16,F03,F02,P061,60.0,EU to EU Internal
STO02260,2024-07-14,F03,F02,P062,27.0,EU to EU Internal
STO02261,2024-07-22,F03,F02,P063,64.0,EU to EU Internal
STO02262,2024-07-18,F03,F02,P064,35.0,EU to EU Internal
STO02263,2024-07-23,F03,F02,P065,81.0,EU to EU Internal
STO02264,2024-07-13,F03,F02,P067,14.0,EU to EU Internal
STO02265,2024-07-20,F03,F02,P068,40.0,EU to EU Internal
STO02266,2024-07-23,F03,F02,P069,95.0,EU to EU Internal
STO02267,2024-07-21,F03,F02,P070,113.0,EU to EU Internal
STO02268,2024-07-21,F03,F02,P071,35.0,EU to EU Internal
STO02269,2024-07-12,F03,F02,P072,11.0,EU to EU Internal
STO02270,2024-07-15,F03,F02,P073,11.0,EU to EU Internal
STO02271,2024-07-22,F03,F02,P074,13.0,EU to EU Internal
STO02272,2024-07-19,F03,F02,P075,21.0,EU to EU Internal
STO02273,2024-07-14,F03,F02,P076,31.0,EU to EU Internal
STO02274,2024-07-23,F03,F02,P077,78.0,EU to EU Internal
STO02275,2024-07-16,F03,F02,P079,62.0,EU to EU Internal
STO02276,2024-07-14,F03,F02,P080,12.0,EU to EU Internal
STO02277,2024-07-14,F03,F02,P081,140.0,EU to EU Internal
STO02278,2024-07-23,F03,F02,P082,31.0,EU to EU Internal
STO02279,2024-07-19,F03,F02,P083,6.0,EU to EU Internal
STO02280,2024-07-14,F03,F02,P084,5.0,EU to EU Internal
STO02281,2024-07-20,F03,F02,P085,78.0,EU to EU Internal
STO02282,2024-07-13,F03,F02,P086,22.0,EU to EU Internal
STO02283,2024-07-13,F03,F02,P087,71.0,EU to EU Internal
STO02284,2024-07-21,F03,F02,P088,25.0,EU to EU Internal
STO02285,2024-07-18,F03,F02,P089,17.0,EU to EU Internal
STO02286,2024-07-17,F03,F02,P091,14.0,EU to EU Internal
STO02287,2024-07-16,F03,F02,P092,87.0,EU to EU Internal
STO02288,2024-07-24,F03,F02,P093,3.0,EU to EU Internal
STO02289,2024-07-24,F03,F02,P094,38.0,EU to EU Internal
STO02290,2024-07-20,F03,F02,P095,34.0,EU to EU Internal
STO02291,2024-07-15,F03,F02,P096,40.0,EU to EU Internal
STO02292,2024-07-16,F03,F02,P097,94.0,EU to EU Internal
STO02293,2024-07-12,F03,F02,P098,8.0,EU to EU Internal
STO02294,2024-07-21,F03,F02,P099,18.0,EU to EU Internal
STO02295,2024-07-22,F03,F02,P100,71.0,EU to EU Internal
STO02296,2024-07-14,F03,F04,P001,113.0,EU to EU Internal
STO02297,2024-07-12,F03,F04,P002,64.0,EU to EU Internal
STO02298,2024-07-11,F03,F04,P003,103.0,EU to EU Internal
STO02299,2024-07-23,F03,F04,P004,72.0,EU to EU Internal
STO02300,2024-07-13,F03,F04,P005,55.0,EU to EU Internal
STO02301,2024-07-22,F03,F04,P006,25.0,EU to EU Internal
STO02302,2024-07-17,F03,F04,P007,40.0,EU to EU Internal
STO02303,2024-07-11,F03,F04,P008,25.0,EU to EU Internal
STO02304,2024-07-15,F03,F04,P009,29.0,EU to EU Internal
STO02305,2024-07-19,F03,F04,P010,60.0,EU to EU Internal
STO02306,2024-07-16,F03,F04,P011,6.0,EU to EU Internal
STO02307,2024-07-21,F03,F04,P012,14.0,EU to EU Internal
STO02308,2024-07-23,F03,F04,P013,111.0,EU to EU Internal
STO02309,2024-07-23,F03,F04,P014,82.0,EU to EU Internal
STO02310,2024-07-14,F03,F04,P015,130.0,EU to EU Internal
STO02311,2024-07-12,F03,F04,P016,224.0,EU to EU Internal
STO02312,2024-07-19,F03,F04,P018,88.0,EU to EU Internal
STO02313,2024-07-20,F03,F04,P019,48.0,EU to EU Internal
STO02314,2024-07-19,F03,F04,P020,105.0,EU to EU Internal
STO02315,2024-07-17,F03,F04,P021,33.0,EU to EU Internal
STO02316,2024-07-13,F03,F04,P022,184.0,EU to EU Internal
STO02317,2024-07-14,F03,F04,P023,56.0,EU to EU Internal
STO02318,2024-07-21,F03,F04,P024,8.0,EU to EU Internal
STO02319,2024-07-16,F03,F04,P025,18.0,EU to EU Internal
STO02320,2024-07-20,F03,F04,P026,63.0,EU to EU Internal
STO02321,2024-07-12,F03,F04,P027,209.0,EU to EU Internal
STO02322,2024-07-22,F03,F04,P028,127.0,EU to EU Internal
STO02323,2024-07-12,F03,F04,P029,84.0,EU to EU Internal
STO02324,2024-07-15,F03,F04,P030,192.0,EU to EU Internal
STO02325,2024-07-13,F03,F04,P031,65.0,EU to EU Internal
STO02326,2024-07-17,F03,F04,P032,102.0,EU to EU Internal
STO02327,2024-07-15,F03,F04,P033,38.0,EU to EU Internal
STO02328,2024-07-24,F03,F04,P034,44.0,EU to EU Internal
STO02329,2024-07-23,F03,F04,P035,40.0,EU to EU Internal
STO02330,2024-07-20,F03,F04,P036,61.0,EU to EU Internal
STO02331,2024-07-15,F03,F04,P037,83.0,EU to EU Internal
STO02332,2024-07-12,F03,F04,P038,73.0,EU to EU Internal
STO02333,2024-07-13,F03,F04,P039,20.0,EU to EU Internal
STO02334,2024-07-21,F03,F04,P040,78.0,EU to EU Internal
STO02335,2024-07-23,F03,F04,P041,17.0,EU to EU Internal
STO02336,2024-07-12,F03,F04,P042,114.0,EU to EU Internal
STO02337,2024-07-23,F03,F04,P043,110.0,EU to EU Internal
STO02338,2024-07-21,F03,F04,P044,62.0,EU to EU Internal
STO02339,2024-07-22,F03,F04,P045,70.0,EU to EU Internal
STO02340,2024-07-23,F03,F04,P046,125.0,EU to EU Internal
STO02341,2024-07-23,F03,F04,P047,146.0,EU to EU Internal
STO02342,2024-07-14,F03,F04,P048,47.0,EU to EU Internal
STO02343,2024-07-17,F03,F04,P049,16.0,EU to EU Internal
STO02344,2024-07-14,F03,F04,P050,101.0,EU to EU Internal
STO02345,2024-07-23,F03,F04,P051,235.0,EU to EU Internal
STO02346,2024-07-20,F03,F04,P052,152.0,EU to EU Internal
STO02347,2024-07-24,F03,F04,P053,88.0,EU to EU Internal
STO02348,2024-07-21,F03,F04,P054,56.0,EU to EU Internal
STO02349,2024-07-13,F03,F04,P055,49.0,EU to EU Internal
STO02350,2024-07-22,F03,F04,P056,85.0,EU to EU Internal
STO02351,2024-07-19,F03,F04,P057,137.0,EU to EU Internal
STO02352,2024-07-17,F03,F04,P058,129.0,EU to EU Internal
STO02353,2024-07-23,F03,F04,P059,108.0,EU to EU Internal
STO02354,2024-07-18,F03,F04,P060,11.0,EU to EU Internal
STO02355,2024-07-12,F03,F04,P061,129.0,EU to EU Internal
STO02356,2024-07-12,F03,F04,P062,54.0,EU to EU Internal
STO02357,2024-07-18,F03,F04,P063,83.0,EU to EU Internal
STO02358,2024-07-23,F03,F04,P064,49.0,EU to EU Internal
STO02359,2024-07-24,F03,F04,P065,76.0,EU to EU Internal
STO02360,2024-07-23,F03,F04,P066,9.0,EU to EU Internal
STO02361,2024-07-22,F03,F04,P067,6.0,EU to EU Internal
STO02362,2024-07-13,F03,F04,P068,4.0,EU to EU Internal
STO02363,2024-07-17,F03,F04,P069,35.0,EU to EU Internal
STO02364,2024-07-19,F03,F04,P070,23.0,EU to EU Internal
STO02365,2024-07-20,F03,F04,P071,126.0,EU to EU Internal
STO02366,2024-07-23,F03,F04,P072,65.0,EU to EU Internal
STO02367,2024-07-24,F03,F04,P073,121.0,EU to EU Internal
STO02368,2024-07-14,F03,F04,P074,47.0,EU to EU Internal
STO02369,2024-07-14,F03,F04,P075,72.0,EU to EU Internal
STO02370,2024-07-13,F03,F04,P076,67.0,EU to EU Internal
STO02371,2024-07-15,F03,F04,P077,135.0,EU to EU Internal
STO02372,2024-07-18,F03,F04,P078,29.0,EU to EU Internal
STO02373,2024-07-18,F03,F04,P079,105.0,EU to EU Internal
STO02374,2024-07-16,F03,F04,P080,12.0,EU to EU Internal
STO02375,2024-07-22,F03,F04,P081,203.0,EU to EU Internal
STO02376,2024-07-14,F03,F04,P082,187.0,EU to EU Internal
STO02377,2024-07-17,F03,F04,P083,13.0,EU to EU Internal
STO02378,2024-07-14,F03,F04,P084,97.0,EU to EU Internal
STO02379,2024-07-17,F03,F04,P085,152.0,EU to EU Internal
STO02380,2024-07-12,F03,F04,P086,16.0,EU to EU Internal
STO02381,2024-07-19,F03,F04,P087,88.0,EU to EU Internal
STO02382,2024-07-13,F03,F04,P088,53.0,EU to EU Internal
STO02383,2024-07-23,F03,F04,P089,4.0,EU to EU Internal
STO02384,2024-07-22,F03,F04,P091,131.0,EU to EU Internal
STO02385,2024-07-14,F03,F04,P092,116.0,EU to EU Internal
STO02386,2024-07-17,F03,F04,P093,141.0,EU to EU Internal
STO02387,2024-07-11,F03,F04,P094,265.0,EU to EU Internal
STO02388,2024-07-11,F03,F04,P095,74.0,EU to EU Internal
STO02389,2024-07-13,F03,F04,P096,54.0,EU to EU Internal
STO02390,2024-07-15,F03,F04,P097,88.0,EU to EU Internal
STO02391,2024-07-11,F03,F04,P098,167.0,EU to EU Internal
STO02392,2024-07-11,F03,F04,P099,302.0,EU to EU Internal
STO02393,2024-07-11,F03,F04,P100,8.0,EU to EU Internal
STO02394,2024-07-11,F01,F05,P002,17.0,EU to EU Internal
STO02395,2024-07-22,F01,F05,P003,5.0,EU to EU Internal
STO02396,2024-07-19,F01,F05,P005,52.0,EU to EU Internal
STO02397,2024-07-13,F01,F05,P007,3.0,EU to EU Internal
STO02398,2024-07-13,F01,F05,P008,13.0,EU to EU Internal
STO02399,2024-07-12,F01,F05,P009,24.0,EU to EU Internal
STO02400,2024-07-24,F01,F05,P010,16.0,EU to EU Internal
STO02401,2024-07-17,F01,F05,P011,49.0,EU to EU Internal
STO02402,2024-07-13,F01,F05,P012,13.0,EU to EU Internal
STO02403,2024-07-23,F01,F05,P015,124.0,EU to EU Internal
STO02404,2024-07-16,F01,F05,P018,23.0,EU to EU Internal
STO02405,2024-07-17,F01,F05,P019,17.0,EU to EU Internal
STO02406,2024-07-17,F01,F05,P020,85.0,EU to EU Internal
STO02407,2024-07-22,F01,F05,P021,35.0,EU to EU Internal
STO02408,2024-07-18,F01,F05,P022,17.0,EU to EU Internal
STO02409,2024-07-11,F01,F05,P023,7.0,EU to EU Internal
STO02410,2024-07-11,F01,F05,P024,12.0,EU to EU Internal
STO02411,2024-07-20,F01,F05,P025,17.0,EU to EU Internal
STO02412,2024-07-11,F01,F05,P026,31.0,EU to EU Internal
STO02413,2024-07-15,F01,F05,P028,17.0,EU to EU Internal
STO02414,2024-07-18,F01,F05,P029,14.0,EU to EU Internal
STO02415,2024-07-14,F01,F05,P030,39.0,EU to EU Internal
STO02416,2024-07-19,F01,F05,P032,17.0,EU to EU Internal
STO02417,2024-07-12,F01,F05,P034,18.0,EU to EU Internal
STO02418,2024-07-12,F01,F05,P035,23.0,EU to EU Internal
STO02419,2024-07-15,F01,F05,P037,10.0,EU to EU Internal
STO02420,2024-07-20,F01,F05,P038,35.0,EU to EU Internal
STO02421,2024-07-24,F01,F05,P039,25.0,EU to EU Internal
STO02422,2024-07-20,F01,F05,P041,9.0,EU to EU Internal
STO02423,2024-07-12,F01,F05,P042,19.0,EU to EU Internal
STO02424,2024-07-23,F01,F05,P043,23.0,EU to EU Internal
STO02425,2024-07-16,F01,F05,P044,32.0,EU to EU Internal
STO02426,2024-07-15,F01,F05,P045,15.0,EU to EU Internal
STO02427,2024-07-22,F01,F05,P046,44.0,EU to EU Internal
STO02428,2024-07-20,F01,F05,P047,13.0,EU to EU Internal
STO02429,2024-07-16,F01,F05,P048,10.0,EU to EU Internal
STO02430,2024-07-11,F01,F05,P049,10.0,EU to EU Internal
STO02431,2024-07-20,F01,F05,P050,10.0,EU to EU Internal
STO02432,2024-07-11,F01,F05,P051,22.0,EU to EU Internal
STO02433,2024-07-20,F01,F05,P052,14.0,EU to EU Internal
STO02434,2024-07-17,F01,F05,P055,4.0,EU to EU Internal
STO02435,2024-07-21,F01,F05,P056,32.0,EU to EU Internal
STO02436,2024-07-19,F01,F05,P057,61.0,EU to EU Internal
STO02437,2024-07-20,F01,F05,P059,55.0,EU to EU Internal
STO02438,2024-07-18,F01,F05,P061,53.0,EU to EU Internal
STO02439,2024-07-11,F01,F05,P062,22.0,EU to EU Internal
STO02440,2024-07-11,F01,F05,P063,52.0,EU to EU Internal
STO02441,2024-07-20,F01,F05,P064,5.0,EU to EU Internal
STO02442,2024-07-18,F01,F05,P065,11.0,EU to EU Internal
STO02443,2024-07-17,F01,F05,P067,16.0,EU to EU Internal
STO02444,2024-07-18,F01,F05,P070,23.0,EU to EU Internal
STO02445,2024-07-18,F01,F05,P071,30.0,EU to EU Internal
STO02446,2024-07-24,F01,F05,P072,7.0,EU to EU Internal
STO02447,2024-07-18,F01,F05,P073,24.0,EU to EU Internal
STO02448,2024-07-13,F01,F05,P076,25.0,EU to EU Internal
STO02449,2024-07-11,F01,F05,P077,16.0,EU to EU Internal
STO02450,2024-07-24,F01,F05,P079,33.0,EU to EU Internal
STO02451,2024-07-19,F01,F05,P080,18.0,EU to EU Internal
STO02452,2024-07-17,F01,F05,P081,27.0,EU to EU Internal
STO02453,2024-07-15,F01,F05,P083,7.0,EU to EU Internal
STO02454,2024-07-16,F01,F05,P084,19.0,EU to EU Internal
STO02455,2024-07-23,F01,F05,P085,33.0,EU to EU Internal
STO02456,2024-07-21,F01,F05,P086,15.0,EU to EU Internal
STO02457,2024-07-15,F01,F05,P087,94.0,EU to EU Internal
STO02458,2024-07-22,F01,F05,P088,46.0,EU to EU Internal
STO02459,2024-07-13,F01,F05,P089,60.0,EU to EU Internal
STO02460,2024-07-18,F01,F05,P090,9.0,EU to EU Internal
STO02461,2024-07-23,F01,F05,P091,22.0,EU to EU Internal
STO02462,2024-07-18,F01,F05,P092,22.0,EU to EU Internal
STO02463,2024-07-14,F01,F05,P093,59.0,EU to EU Internal
STO02464,2024-07-12,F01,F05,P094,16.0,EU to EU Internal
STO02465,2024-07-21,F01,F05,P095,5.0,EU to EU Internal
STO02466,2024-07-13,F01,F05,P096,25.0,EU to EU Internal
STO02467,2024-07-20,F01,F05,P097,68.0,EU to EU Internal
STO02468,2024-07-21,F01,F05,P099,4.0,EU to EU Internal
STO02469,2024-07-15,F01,F06,P001,96.0,EU to EU Internal
STO02470,2024-07-15,F01,F06,P002,16.0,EU to EU Internal
STO02471,2024-07-22,F01,F06,P003,9.0,EU to EU Internal
STO02472,2024-07-12,F01,F06,P004,115.0,EU to EU Internal
STO02473,2024-07-19,F01,F06,P005,90.0,EU to EU Internal
STO02474,2024-07-15,F01,F06,P006,25.0,EU to EU Internal
STO02475,2024-07-17,F01,F06,P007,27.0,EU to EU Internal
STO02476,2024-07-21,F01,F06,P008,52.0,EU to EU Internal
STO02477,2024-07-22,F01,F06,P009,95.0,EU to EU Internal
STO02478,2024-07-17,F01,F06,P010,60.0,EU to EU Internal
STO02479,2024-07-17,F01,F06,P011,81.0,EU to EU Internal
STO02480,2024-07-22,F01,F06,P012,17.0,EU to EU Internal
STO02481,2024-07-12,F01,F06,P013,29.0,EU to EU Internal
STO02482,2024-07-18,F01,F06,P014,61.0,EU to EU Internal
STO02483,2024-07-22,F01,F06,P015,25.0,EU to EU Internal
STO02484,2024-07-14,F01,F06,P016,97.0,EU to EU Internal
STO02485,2024-07-13,F01,F06,P017,15.0,EU to EU Internal
STO02486,2024-07-18,F01,F06,P018,42.0,EU to EU Internal
STO02487,2024-07-11,F01,F06,P019,79.0,EU to EU Internal
STO02488,2024-07-23,F01,F06,P020,96.0,EU to EU Internal
STO02489,2024-07-19,F01,F06,P021,34.0,EU to EU Internal
STO02490,2024-07-11,F01,F06,P022,74.0,EU to EU Internal
STO02491,2024-07-24,F01,F06,P023,109.0,EU to EU Internal
STO02492,2024-07-21,F01,F06,P024,10.0,EU to EU Internal
STO02493,2024-07-15,F01,F06,P025,13.0,EU to EU Internal
STO02494,2024-07-15,F01,F06,P026,32.0,EU to EU Internal
STO02495,2024-07-17,F01,F06,P027,69.0,EU to EU Internal
STO02496,2024-07-15,F01,F06,P028,76.0,EU to EU Internal
STO02497,2024-07-24,F01,F06,P029,42.0,EU to EU Internal
STO02498,2024-07-13,F01,F06,P030,97.0,EU to EU Internal
STO02499,2024-07-11,F01,F06,P031,74.0,EU to EU Internal
STO02500,2024-07-19,F01,F06,P032,40.0,EU to EU Internal
STO02501,2024-07-14,F01,F06,P033,59.0,EU to EU Internal
STO02502,2024-07-23,F01,F06,P034,30.0,EU to EU Internal
STO02503,2024-07-24,F01,F06,P035,7.0,EU to EU Internal
STO02504,2024-07-19,F01,F06,P036,45.0,EU to EU Internal
STO02505,2024-07-20,F01,F06,P037,40.0,EU to EU Internal
STO02506,2024-07-15,F01,F06,P038,35.0,EU to EU Internal
STO02507,2024-07-23,F01,F06,P039,125.0,EU to EU Internal
STO02508,2024-07-21,F01,F06,P040,24.0,EU to EU Internal
STO02509,2024-07-20,F01,F06,P041,45.0,EU to EU Internal
STO02510,2024-07-22,F01,F06,P042,47.0,EU to EU Internal
STO02511,2024-07-21,F01,F06,P043,36.0,EU to EU Internal
STO02512,2024-07-11,F01,F06,P044,68.0,EU to EU Internal
STO02513,2024-07-15,F01,F06,P045,50.0,EU to EU Internal
STO02514,2024-07-17,F01,F06,P046,70.0,EU to EU Internal
STO02515,2024-07-14,F01,F06,P047,30.0,EU to EU Internal
STO02516,2024-07-24,F01,F06,P048,76.0,EU to EU Internal
STO02517,2024-07-19,F01,F06,P049,16.0,EU to EU Internal
STO02518,2024-07-23,F01,F06,P050,116.0,EU to EU Internal
STO02519,2024-07-13,F01,F06,P051,102.0,EU to EU Internal
STO02520,2024-07-17,F01,F06,P052,39.0,EU to EU Internal
STO02521,2024-07-22,F01,F06,P053,28.0,EU to EU Internal
STO02522,2024-07-14,F01,F06,P054,23.0,EU to EU Internal
STO02523,2024-07-22,F01,F06,P055,34.0,EU to EU Internal
STO02524,2024-07-23,F01,F06,P056,11.0,EU to EU Internal
STO02525,2024-07-23,F01,F06,P057,107.0,EU to EU Internal
STO02526,2024-07-23,F01,F06,P058,92.0,EU to EU Internal
STO02527,2024-07-12,F01,F06,P059,79.0,EU to EU Internal
STO02528,2024-07-22,F01,F06,P060,24.0,EU to EU Internal
STO02529,2024-07-22,F01,F06,P061,110.0,EU to EU Internal
STO02530,2024-07-18,F01,F06,P062,41.0,EU to EU Internal
STO02531,2024-07-18,F01,F06,P063,75.0,EU to EU Internal
STO02532,2024-07-11,F01,F06,P064,74.0,EU to EU Internal
STO02533,2024-07-17,F01,F06,P065,68.0,EU to EU Internal
STO02534,2024-07-14,F01,F06,P066,24.0,EU to EU Internal
STO02535,2024-07-16,F01,F06,P067,24.0,EU to EU Internal
STO02536,2024-07-16,F01,F06,P068,26.0,EU to EU Internal
STO02537,2024-07-24,F01,F06,P069,62.0,EU to EU Internal
STO02538,2024-07-21,F01,F06,P070,49.0,EU to EU Internal
STO02539,2024-07-15,F01,F06,P071,25.0,EU to EU Internal
STO02540,2024-07-16,F01,F06,P072,85.0,EU to EU Internal
STO02541,2024-07-20,F01,F06,P073,155.0,EU to EU Internal
STO02542,2024-07-12,F01,F06,P074,58.0,EU to EU Internal
STO02543,2024-07-23,F01,F06,P075,35.0,EU to EU Internal
STO02544,2024-07-23,F01,F06,P076,88.0,EU to EU Internal
STO02545,2024-07-17,F01,F06,P077,136.0,EU to EU Internal
STO02546,2024-07-22,F01,F06,P078,29.0,EU to EU Internal
STO02547,2024-07-14,F01,F06,P079,40.0,EU to EU Internal
STO02548,2024-07-14,F01,F06,P080,25.0,EU to EU Internal
STO02549,2024-07-18,F01,F06,P081,151.0,EU to EU Internal
STO02550,2024-07-24,F01,F06,P082,81.0,EU to EU Internal
STO02551,2024-07-14,F01,F06,P083,29.0,EU to EU Internal
STO02552,2024-07-21,F01,F06,P084,26.0,EU to EU Internal
STO02553,2024-07-13,F01,F06,P085,70.0,EU to EU Internal
STO02554,2024-07-20,F01,F06,P086,83.0,EU to EU Internal
STO02555,2024-07-11,F01,F06,P087,84.0,EU to EU Internal
STO02556,2024-07-13,F01,F06,P088,32.0,EU to EU Internal
STO02557,2024-07-17,F01,F06,P089,72.0,EU to EU Internal
STO02558,2024-07-14,F01,F06,P090,24.0,EU to EU Internal
STO02559,2024-07-20,F01,F06,P091,12.0,EU to EU Internal
STO02560,2024-07-14,F01,F06,P092,82.0,EU to EU Internal
STO02561,2024-07-24,F01,F06,P093,79.0,EU to EU Internal
STO02562,2024-07-22,F01,F06,P094,88.0,EU to EU Internal
STO02563,2024-07-23,F01,F06,P095,38.0,EU to EU Internal
STO02564,2024-07-23,F01,F06,P096,44.0,EU to EU Internal
STO02565,2024-07-20,F01,F06,P097,220.0,EU to EU Internal
STO02566,2024-07-24,F01,F06,P098,145.0,EU to EU Internal
STO02567,2024-07-20,F01,F06,P099,32.0,EU to EU Internal
STO02568,2024-07-13,F01,F06,P100,43.0,EU to EU Internal
STO02569,2024-08-12,F03,F02,P001,63.0,EU to EU Internal
STO02570,2024-08-20,F03,F02,P002,48.0,EU to EU Internal
STO02571,2024-08-14,F03,F02,P003,52.0,EU to EU Internal
STO02572,2024-08-14,F03,F02,P004,142.0,EU to EU Internal
STO02573,2024-08-21,F03,F02,P005,113.0,EU to EU Internal
STO02574,2024-08-23,F03,F02,P006,4.0,EU to EU Internal
STO02575,2024-08-14,F03,F02,P008,18.0,EU to EU Internal
STO02576,2024-08-20,F03,F02,P009,19.0,EU to EU Internal
STO02577,2024-08-16,F03,F02,P010,77.0,EU to EU Internal
STO02578,2024-08-15,F03,F02,P011,8.0,EU to EU Internal
STO02579,2024-08-13,F03,F02,P012,22.0,EU to EU Internal
STO02580,2024-08-19,F03,F02,P013,28.0,EU to EU Internal
STO02581,2024-08-14,F03,F02,P014,59.0,EU to EU Internal
STO02582,2024-08-21,F03,F02,P015,14.0,EU to EU Internal
STO02583,2024-08-18,F03,F02,P016,51.0,EU to EU Internal
STO02584,2024-08-19,F03,F02,P017,12.0,EU to EU Internal
STO02585,2024-08-17,F03,F02,P018,21.0,EU to EU Internal
STO02586,2024-08-11,F03,F02,P019,105.0,EU to EU Internal
STO02587,2024-08-13,F03,F02,P020,27.0,EU to EU Internal
STO02588,2024-08-24,F03,F02,P021,38.0,EU to EU Internal
STO02589,2024-08-13,F03,F02,P022,41.0,EU to EU Internal
STO02590,2024-08-21,F03,F02,P023,61.0,EU to EU Internal
STO02591,2024-08-19,F03,F02,P024,36.0,EU to EU Internal
STO02592,2024-08-14,F03,F02,P026,32.0,EU to EU Internal
STO02593,2024-08-14,F03,F02,P027,40.0,EU to EU Internal
STO02594,2024-08-19,F03,F02,P028,33.0,EU to EU Internal
STO02595,2024-08-17,F03,F02,P029,132.0,EU to EU Internal
STO02596,2024-08-20,F03,F02,P030,51.0,EU to EU Internal
STO02597,2024-08-15,F03,F02,P031,150.0,EU to EU Internal
STO02598,2024-08-15,F03,F02,P032,11.0,EU to EU Internal
STO02599,2024-08-22,F03,F02,P033,12.0,EU to EU Internal
STO02600,2024-08-16,F03,F02,P034,44.0,EU to EU Internal
STO02601,2024-08-12,F03,F02,P035,35.0,EU to EU Internal
STO02602,2024-08-23,F03,F02,P036,65.0,EU to EU Internal
STO02603,2024-08-20,F03,F02,P037,27.0,EU to EU Internal
STO02604,2024-08-24,F03,F02,P038,88.0,EU to EU Internal
STO02605,2024-08-23,F03,F02,P040,25.0,EU to EU Internal
STO02606,2024-08-15,F03,F02,P041,6.0,EU to EU Internal
STO02607,2024-08-23,F03,F02,P042,69.0,EU to EU Internal
STO02608,2024-08-15,F03,F02,P043,94.0,EU to EU Internal
STO02609,2024-08-13,F03,F02,P044,26.0,EU to EU Internal
STO02610,2024-08-24,F03,F02,P045,46.0,EU to EU Internal
STO02611,2024-08-23,F03,F02,P046,31.0,EU to EU Internal
STO02612,2024-08-17,F03,F02,P047,141.0,EU to EU Internal
STO02613,2024-08-12,F03,F02,P048,16.0,EU to EU Internal
STO02614,2024-08-16,F03,F02,P049,44.0,EU to EU Internal
STO02615,2024-08-13,F03,F02,P050,51.0,EU to EU Internal
STO02616,2024-08-16,F03,F02,P051,20.0,EU to EU Internal
STO02617,2024-08-24,F03,F02,P052,10.0,EU to EU Internal
STO02618,2024-08-21,F03,F02,P053,26.0,EU to EU Internal
STO02619,2024-08-18,F03,F02,P054,16.0,EU to EU Internal
STO02620,2024-08-16,F03,F02,P055,8.0,EU to EU Internal
STO02621,2024-08-17,F03,F02,P056,46.0,EU to EU Internal
STO02622,2024-08-16,F03,F02,P057,109.0,EU to EU Internal
STO02623,2024-08-20,F03,F02,P058,22.0,EU to EU Internal
STO02624,2024-08-11,F03,F02,P059,16.0,EU to EU Internal
STO02625,2024-08-13,F03,F02,P060,14.0,EU to EU Internal
STO02626,2024-08-11,F03,F02,P061,70.0,EU to EU Internal
STO02627,2024-08-14,F03,F02,P062,14.0,EU to EU Internal
STO02628,2024-08-22,F03,F02,P063,77.0,EU to EU Internal
STO02629,2024-08-17,F03,F02,P064,31.0,EU to EU Internal
STO02630,2024-08-20,F03,F02,P065,85.0,EU to EU Internal
STO02631,2024-08-20,F03,F02,P067,10.0,EU to EU Internal
STO02632,2024-08-16,F03,F02,P068,11.0,EU to EU Internal
STO02633,2024-08-17,F03,F02,P069,52.0,EU to EU Internal
STO02634,2024-08-21,F03,F02,P070,133.0,EU to EU Internal
STO02635,2024-08-23,F03,F02,P071,48.0,EU to EU Internal
STO02636,2024-08-12,F03,F02,P072,3.0,EU to EU Internal
STO02637,2024-08-19,F03,F02,P074,30.0,EU to EU Internal
STO02638,2024-08-21,F03,F02,P075,38.0,EU to EU Internal
STO02639,2024-08-22,F03,F02,P076,21.0,EU to EU Internal
STO02640,2024-08-23,F03,F02,P077,86.0,EU to EU Internal
STO02641,2024-08-21,F03,F02,P079,78.0,EU to EU Internal
STO02642,2024-08-20,F03,F02,P080,23.0,EU to EU Internal
STO02643,2024-08-18,F03,F02,P081,130.0,EU to EU Internal
STO02644,2024-08-24,F03,F02,P082,32.0,EU to EU Internal
STO02645,2024-08-23,F03,F02,P083,14.0,EU to EU Internal
STO02646,2024-08-15,F03,F02,P084,30.0,EU to EU Internal
STO02647,2024-08-18,F03,F02,P085,25.0,EU to EU Internal
STO02648,2024-08-12,F03,F02,P086,16.0,EU to EU Internal
STO02649,2024-08-11,F03,F02,P087,45.0,EU to EU Internal
STO02650,2024-08-13,F03,F02,P088,29.0,EU to EU Internal
STO02651,2024-08-19,F03,F02,P089,14.0,EU to EU Internal
STO02652,2024-08-23,F03,F02,P091,19.0,EU to EU Internal
STO02653,2024-08-12,F03,F02,P092,67.0,EU to EU Internal
STO02654,2024-08-18,F03,F02,P093,24.0,EU to EU Internal
STO02655,2024-08-23,F03,F02,P094,58.0,EU to EU Internal
STO02656,2024-08-15,F03,F02,P095,49.0,EU to EU Internal
STO02657,2024-08-17,F03,F02,P096,37.0,EU to EU Internal
STO02658,2024-08-12,F03,F02,P097,61.0,EU to EU Internal
STO02659,2024-08-19,F03,F02,P098,46.0,EU to EU Internal
STO02660,2024-08-14,F03,F02,P099,15.0,EU to EU Internal
STO02661,2024-08-19,F03,F02,P100,69.0,EU to EU Internal
STO02662,2024-08-21,F03,F04,P001,77.0,EU to EU Internal
STO02663,2024-08-23,F03,F04,P002,77.0,EU to EU Internal
STO02664,2024-08-20,F03,F04,P003,138.0,EU to EU Internal
STO02665,2024-08-11,F03,F04,P004,111.0,EU to EU Internal
STO02666,2024-08-15,F03,F04,P005,43.0,EU to EU Internal
STO02667,2024-08-15,F03,F04,P006,68.0,EU to EU Internal
STO02668,2024-08-13,F03,F04,P007,41.0,EU to EU Internal
STO02669,2024-08-14,F03,F04,P008,8.0,EU to EU Internal
STO02670,2024-08-12,F03,F04,P009,26.0,EU to EU Internal
STO02671,2024-08-17,F03,F04,P010,52.0,EU to EU Internal
STO02672,2024-08-20,F03,F04,P011,27.0,EU to EU Internal
STO02673,2024-08-19,F03,F04,P012,32.0,EU to EU Internal
STO02674,2024-08-24,F03,F04,P013,117.0,EU to EU Internal
STO02675,2024-08-13,F03,F04,P014,84.0,EU to EU Internal
STO02676,2024-08-11,F03,F04,P015,165.0,EU to EU Internal
STO02677,2024-08-16,F03,F04,P016,260.0,EU to EU Internal
STO02678,2024-08-23,F03,F04,P018,91.0,EU to EU Internal
STO02679,2024-08-17,F03,F04,P019,78.0,EU to EU Internal
STO02680,2024-08-22,F03,F04,P020,51.0,EU to EU Internal
STO02681,2024-08-23,F03,F04,P021,32.0,EU to EU Internal
STO02682,2024-08-17,F03,F04,P022,94.0,EU to EU Internal
STO02683,2024-08-23,F03,F04,P023,65.0,EU to EU Internal
STO02684,2024-08-15,F03,F04,P024,35.0,EU to EU Internal
STO02685,2024-08-21,F03,F04,P025,41.0,EU to EU Internal
STO02686,2024-08-15,F03,F04,P026,80.0,EU to EU Internal
STO02687,2024-08-12,F03,F04,P027,197.0,EU to EU Internal
STO02688,2024-08-13,F03,F04,P028,134.0,EU to EU Internal
STO02689,2024-08-20,F03,F04,P029,104.0,EU to EU Internal
STO02690,2024-08-24,F03,F04,P030,195.0,EU to EU Internal
STO02691,2024-08-15,F03,F04,P031,94.0,EU to EU Internal
STO02692,2024-08-24,F03,F04,P032,127.0,EU to EU Internal
STO02693,2024-08-18,F03,F04,P033,22.0,EU to EU Internal
STO02694,2024-08-23,F03,F04,P034,59.0,EU to EU Internal
STO02695,2024-08-20,F03,F04,P035,57.0,EU to EU Internal
STO02696,2024-08-15,F03,F04,P036,84.0,EU to EU Internal
STO02697,2024-08-23,F03,F04,P037,101.0,EU to EU Internal
STO02698,2024-08-19,F03,F04,P038,76.0,EU to EU Internal
STO02699,2024-08-18,F03,F04,P039,29.0,EU to EU Internal
STO02700,2024-08-15,F03,F04,P040,113.0,EU to EU Internal
STO02701,2024-08-24,F03,F04,P041,27.0,EU to EU Internal
STO02702,2024-08-21,F03,F04,P042,127.0,EU to EU Internal
STO02703,2024-08-12,F03,F04,P043,136.0,EU to EU Internal
STO02704,2024-08-22,F03,F04,P044,50.0,EU to EU Internal
STO02705,2024-08-19,F03,F04,P045,111.0,EU to EU Internal
STO02706,2024-08-16,F03,F04,P046,152.0,EU to EU Internal
STO02707,2024-08-24,F03,F04,P047,97.0,EU to EU Internal
STO02708,2024-08-16,F03,F04,P048,22.0,EU to EU Internal
STO02709,2024-08-19,F03,F04,P049,30.0,EU to EU Internal
STO02710,2024-08-18,F03,F04,P050,163.0,EU to EU Internal
STO02711,2024-08-18,F03,F04,P051,277.0,EU to EU Internal
STO02712,2024-08-19,F03,F04,P052,134.0,EU to EU Internal
STO02713,2024-08-16,F03,F04,P053,129.0,EU to EU Internal
STO02714,2024-08-15,F03,F04,P054,13.0,EU to EU Internal
STO02715,2024-08-18,F03,F04,P055,23.0,EU to EU Internal
STO02716,2024-08-18,F03,F04,P056,90.0,EU to EU Internal
STO02717,2024-08-18,F03,F04,P057,96.0,EU to EU Internal
STO02718,2024-08-24,F03,F04,P058,133.0,EU to EU Internal
STO02719,2024-08-18,F03,F04,P059,80.0,EU to EU Internal
STO02720,2024-08-18,F03,F04,P060,35.0,EU to EU Internal
STO02721,2024-08-14,F03,F04,P061,104.0,EU to EU Internal
STO02722,2024-08-20,F03,F04,P062,70.0,EU to EU Internal
STO02723,2024-08-23,F03,F04,P063,66.0,EU to EU Internal
STO02724,2024-08-22,F03,F04,P064,48.0,EU to EU Internal
STO02725,2024-08-16,F03,F04,P065,144.0,EU to EU Internal
STO02726,2024-08-14,F03,F04,P066,2.0,EU to EU Internal
STO02727,2024-08-12,F03,F04,P067,23.0,EU to EU Internal
STO02728,2024-08-23,F03,F04,P068,10.0,EU to EU Internal
STO02729,2024-08-15,F03,F04,P069,72.0,EU to EU Internal
STO02730,2024-08-11,F03,F04,P070,46.0,EU to EU Internal
STO02731,2024-08-13,F03,F04,P071,99.0,EU to EU Internal
STO02732,2024-08-17,F03,F04,P072,59.0,EU to EU Internal
STO02733,2024-08-15,F03,F04,P073,139.0,EU to EU Internal
STO02734,2024-08-16,F03,F04,P074,34.0,EU to EU Internal
STO02735,2024-08-21,F03,F04,P075,42.0,EU to EU Internal
STO02736,2024-08-15,F03,F04,P076,50.0,EU to EU Internal
STO02737,2024-08-15,F03,F04,P077,108.0,EU to EU Internal
STO02738,2024-08-20,F03,F04,P078,23.0,EU to EU Internal
STO02739,2024-08-22,F03,F04,P079,121.0,EU to EU Internal
STO02740,2024-08-13,F03,F04,P080,15.0,EU to EU Internal
STO02741,2024-08-15,F03,F04,P081,164.0,EU to EU Internal
STO02742,2024-08-16,F03,F04,P082,143.0,EU to EU Internal
STO02743,2024-08-12,F03,F04,P083,6.0,EU to EU Internal
STO02744,2024-08-16,F03,F04,P084,98.0,EU to EU Internal
STO02745,2024-08-14,F03,F04,P085,128.0,EU to EU Internal
STO02746,2024-08-13,F03,F04,P086,39.0,EU to EU Internal
STO02747,2024-08-15,F03,F04,P087,100.0,EU to EU Internal
STO02748,2024-08-20,F03,F04,P088,57.0,EU to EU Internal
STO02749,2024-08-13,F03,F04,P089,15.0,EU to EU Internal
STO02750,2024-08-23,F03,F04,P091,103.0,EU to EU Internal
STO02751,2024-08-21,F03,F04,P092,98.0,EU to EU Internal
STO02752,2024-08-12,F03,F04,P093,138.0,EU to EU Internal
STO02753,2024-08-20,F03,F04,P094,264.0,EU to EU Internal
STO02754,2024-08-19,F03,F04,P095,56.0,EU to EU Internal
STO02755,2024-08-14,F03,F04,P096,63.0,EU to EU Internal
STO02756,2024-08-18,F03,F04,P097,249.0,EU to EU Internal
STO02757,2024-08-12,F03,F04,P098,165.0,EU to EU Internal
STO02758,2024-08-23,F03,F04,P099,267.0,EU to EU Internal
STO02759,2024-08-17,F03,F04,P100,31.0,EU to EU Internal
STO02760,2024-08-11,F01,F05,P003,20.0,EU to EU Internal
STO02761,2024-08-18,F01,F05,P005,20.0,EU to EU Internal
STO02762,2024-08-18,F01,F05,P007,7.0,EU to EU Internal
STO02763,2024-08-21,F01,F05,P008,14.0,EU to EU Internal
STO02764,2024-08-24,F01,F05,P009,57.0,EU to EU Internal
STO02765,2024-08-18,F01,F05,P010,11.0,EU to EU Internal
STO02766,2024-08-12,F01,F05,P011,64.0,EU to EU Internal
STO02767,2024-08-19,F01,F05,P012,35.0,EU to EU Internal
STO02768,2024-08-14,F01,F05,P014,11.0,EU to EU Internal
STO02769,2024-08-18,F01,F05,P015,119.0,EU to EU Internal
STO02770,2024-08-11,F01,F05,P017,8.0,EU to EU Internal
STO02771,2024-08-17,F01,F05,P018,29.0,EU to EU Internal
STO02772,2024-08-15,F01,F05,P019,35.0,EU to EU Internal
STO02773,2024-08-11,F01,F05,P020,50.0,EU to EU Internal
STO02774,2024-08-22,F01,F05,P021,46.0,EU to EU Internal
STO02775,2024-08-18,F01,F05,P022,12.0,EU to EU Internal
STO02776,2024-08-23,F01,F05,P023,22.0,EU to EU Internal
STO02777,2024-08-13,F01,F05,P024,14.0,EU to EU Internal
STO02778,2024-08-23,F01,F05,P025,8.0,EU to EU Internal
STO02779,2024-08-20,F01,F05,P026,18.0,EU to EU Internal
STO02780,2024-08-18,F01,F05,P028,42.0,EU to EU Internal
STO02781,2024-08-20,F01,F05,P029,13.0,EU to EU Internal
STO02782,2024-08-19,F01,F05,P030,7.0,EU to EU Internal
STO02783,2024-08-19,F01,F05,P032,7.0,EU to EU Internal
STO02784,2024-08-21,F01,F05,P034,32.0,EU to EU Internal
STO02785,2024-08-23,F01,F05,P035,7.0,EU to EU Internal
STO02786,2024-08-21,F01,F05,P037,29.0,EU to EU Internal
STO02787,2024-08-11,F01,F05,P038,15.0,EU to EU Internal
STO02788,2024-08-16,F01,F05,P039,40.0,EU to EU Internal
STO02789,2024-08-23,F01,F05,P041,26.0,EU to EU Internal
STO02790,2024-08-17,F01,F05,P042,32.0,EU to EU Internal
STO02791,2024-08-15,F01,F05,P043,32.0,EU to EU Internal
STO02792,2024-08-14,F01,F05,P044,11.0,EU to EU Internal
STO02793,2024-08-20,F01,F05,P045,15.0,EU to EU Internal
STO02794,2024-08-21,F01,F05,P046,90.0,EU to EU Internal
STO02795,2024-08-23,F01,F05,P047,9.0,EU to EU Internal
STO02796,2024-08-23,F01,F05,P048,12.0,EU to EU Internal
STO02797,2024-08-22,F01,F05,P049,11.0,EU to EU Internal
STO02798,2024-08-16,F01,F05,P050,27.0,EU to EU Internal
STO02799,2024-08-17,F01,F05,P051,51.0,EU to EU Internal
STO02800,2024-08-16,F01,F05,P052,13.0,EU to EU Internal
STO02801,2024-08-15,F01,F05,P055,7.0,EU to EU Internal
STO02802,2024-08-22,F01,F05,P056,31.0,EU to EU Internal
STO02803,2024-08-18,F01,F05,P057,37.0,EU to EU Internal
STO02804,2024-08-17,F01,F05,P059,79.0,EU to EU Internal
STO02805,2024-08-20,F01,F05,P061,31.0,EU to EU Internal
STO02806,2024-08-19,F01,F05,P062,12.0,EU to EU Internal
STO02807,2024-08-19,F01,F05,P063,37.0,EU to EU Internal
STO02808,2024-08-12,F01,F05,P064,13.0,EU to EU Internal
STO02809,2024-08-18,F01,F05,P065,18.0,EU to EU Internal
STO02810,2024-08-12,F01,F05,P067,23.0,EU to EU Internal
STO02811,2024-08-18,F01,F05,P069,2.0,EU to EU Internal
STO02812,2024-08-12,F01,F05,P070,36.0,EU to EU Internal
STO02813,2024-08-13,F01,F05,P071,25.0,EU to EU Internal
STO02814,2024-08-15,F01,F05,P072,17.0,EU to EU Internal
STO02815,2024-08-18,F01,F05,P073,29.0,EU to EU Internal
STO02816,2024-08-21,F01,F05,P076,20.0,EU to EU Internal
STO02817,2024-08-16,F01,F05,P077,21.0,EU to EU Internal
STO02818,2024-08-14,F01,F05,P079,25.0,EU to EU Internal
STO02819,2024-08-17,F01,F05,P080,24.0,EU to EU Internal
STO02820,2024-08-14,F01,F05,P081,70.0,EU to EU Internal
STO02821,2024-08-18,F01,F05,P083,5.0,EU to EU Internal
STO02822,2024-08-19,F01,F05,P084,15.0,EU to EU Internal
STO02823,2024-08-13,F01,F05,P085,15.0,EU to EU Internal
STO02824,2024-08-11,F01,F05,P086,44.0,EU to EU Internal
STO02825,2024-08-19,F01,F05,P087,48.0,EU to EU Internal
STO02826,2024-08-12,F01,F05,P088,6.0,EU to EU Internal
STO02827,2024-08-17,F01,F05,P089,63.0,EU to EU Internal
STO02828,2024-08-12,F01,F05,P090,13.0,EU to EU Internal
STO02829,2024-08-22,F01,F05,P091,7.0,EU to EU Internal
STO02830,2024-08-15,F01,F05,P092,23.0,EU to EU Internal
STO02831,2024-08-20,F01,F05,P093,32.0,EU to EU Internal
STO02832,2024-08-15,F01,F05,P094,27.0,EU to EU Internal
STO02833,2024-08-15,F01,F05,P095,7.0,EU to EU Internal
STO02834,2024-08-23,F01,F05,P096,19.0,EU to EU Internal
STO02835,2024-08-19,F01,F05,P097,50.0,EU to EU Internal
STO02836,2024-08-15,F01,F05,P099,11.0,EU to EU Internal
STO02837,2024-08-23,F01,F06,P001,61.0,EU to EU Internal
STO02838,2024-08-16,F01,F06,P002,15.0,EU to EU Internal
STO02839,2024-08-21,F01,F06,P003,1.0,EU to EU Internal
STO02840,2024-08-24,F01,F06,P004,175.0,EU to EU Internal
STO02841,2024-08-18,F01,F06,P005,48.0,EU to EU Internal
STO02842,2024-08-12,F01,F06,P006,37.0,EU to EU Internal
STO02843,2024-08-24,F01,F06,P007,42.0,EU to EU Internal
STO02844,2024-08-16,F01,F06,P008,44.0,EU to EU Internal
STO02845,2024-08-12,F01,F06,P009,75.0,EU to EU Internal
STO02846,2024-08-11,F01,F06,P010,80.0,EU to EU Internal
STO02847,2024-08-20,F01,F06,P011,100.0,EU to EU Internal
STO02848,2024-08-19,F01,F06,P012,54.0,EU to EU Internal
STO02849,2024-08-18,F01,F06,P013,13.0,EU to EU Internal
STO02850,2024-08-13,F01,F06,P014,35.0,EU to EU Internal
STO02851,2024-08-13,F01,F06,P015,39.0,EU to EU Internal
STO02852,2024-08-18,F01,F06,P016,59.0,EU to EU Internal
STO02853,2024-08-13,F01,F06,P017,52.0,EU to EU Internal
STO02854,2024-08-11,F01,F06,P018,51.0,EU to EU Internal
STO02855,2024-08-15,F01,F06,P019,111.0,EU to EU Internal
STO02856,2024-08-18,F01,F06,P020,122.0,EU to EU Internal
STO02857,2024-08-13,F01,F06,P021,78.0,EU to EU Internal
STO02858,2024-08-23,F01,F06,P022,44.0,EU to EU Internal
STO02859,2024-08-22,F01,F06,P023,57.0,EU to EU Internal
STO02860,2024-08-12,F01,F06,P024,33.0,EU to EU Internal
STO02861,2024-08-16,F01,F06,P025,45.0,EU to EU Internal
STO02862,2024-08-12,F01,F06,P026,19.0,EU to EU Internal
STO02863,2024-08-22,F01,F06,P027,97.0,EU to EU Internal
STO02864,2024-08-12,F01,F06,P028,38.0,EU to EU Internal
STO02865,2024-08-24,F01,F06,P029,41.0,EU to EU Internal
STO02866,2024-08-12,F01,F06,P030,54.0,EU to EU Internal
STO02867,2024-08-16,F01,F06,P031,118.0,EU to EU Internal
STO02868,2024-08-11,F01,F06,P032,42.0,EU to EU Internal
STO02869,2024-08-22,F01,F06,P033,40.0,EU to EU Internal
STO02870,2024-08-21,F01,F06,P034,31.0,EU to EU Internal
STO02871,2024-08-14,F01,F06,P035,31.0,EU to EU Internal
STO02872,2024-08-17,F01,F06,P036,43.0,EU to EU Internal
STO02873,2024-08-18,F01,F06,P037,41.0,EU to EU Internal
STO02874,2024-08-23,F01,F06,P038,59.0,EU to EU Internal
STO02875,2024-08-15,F01,F06,P039,50.0,EU to EU Internal
STO02876,2024-08-24,F01,F06,P040,38.0,EU to EU Internal
STO02877,2024-08-15,F01,F06,P041,34.0,EU to EU Internal
STO02878,2024-08-18,F01,F06,P042,78.0,EU to EU Internal
STO02879,2024-08-23,F01,F06,P043,19.0,EU to EU Internal
STO02880,2024-08-24,F01,F06,P044,31.0,EU to EU Internal
STO02881,2024-08-24,F01,F06,P045,50.0,EU to EU Internal
STO02882,2024-08-17,F01,F06,P046,121.0,EU to EU Internal
STO02883,2024-08-24,F01,F06,P047,45.0,EU to EU Internal
STO02884,2024-08-23,F01,F06,P048,65.0,EU to EU Internal
STO02885,2024-08-23,F01,F06,P049,32.0,EU to EU Internal
STO02886,2024-08-17,F01,F06,P050,63.0,EU to EU Internal
STO02887,2024-08-22,F01,F06,P051,73.0,EU to EU Internal
STO02888,2024-08-20,F01,F06,P052,47.0,EU to EU Internal
STO02889,2024-08-22,F01,F06,P053,27.0,EU to EU Internal
STO02890,2024-08-23,F01,F06,P054,40.0,EU to EU Internal
STO02891,2024-08-24,F01,F06,P055,31.0,EU to EU Internal
STO02892,2024-08-14,F01,F06,P056,1.0,EU to EU Internal
STO02893,2024-08-20,F01,F06,P057,69.0,EU to EU Internal
STO02894,2024-08-15,F01,F06,P058,56.0,EU to EU Internal
STO02895,2024-08-22,F01,F06,P059,79.0,EU to EU Internal
STO02896,2024-08-16,F01,F06,P060,34.0,EU to EU Internal
STO02897,2024-08-21,F01,F06,P061,99.0,EU to EU Internal
STO02898,2024-08-11,F01,F06,P062,45.0,EU to EU Internal
STO02899,2024-08-23,F01,F06,P063,83.0,EU to EU Internal
STO02900,2024-08-14,F01,F06,P064,62.0,EU to EU Internal
STO02901,2024-08-17,F01,F06,P065,51.0,EU to EU Internal
STO02902,2024-08-12,F01,F06,P066,19.0,EU to EU Internal
STO02903,2024-08-22,F01,F06,P067,52.0,EU to EU Internal
STO02904,2024-08-21,F01,F06,P068,25.0,EU to EU Internal
STO02905,2024-08-18,F01,F06,P069,37.0,EU to EU Internal
STO02906,2024-08-14,F01,F06,P070,23.0,EU to EU Internal
STO02907,2024-08-14,F01,F06,P071,37.0,EU to EU Internal
STO02908,2024-08-11,F01,F06,P072,48.0,EU to EU Internal
STO02909,2024-08-19,F01,F06,P073,166.0,EU to EU Internal
STO02910,2024-08-21,F01,F06,P074,43.0,EU to EU Internal
STO02911,2024-08-24,F01,F06,P075,29.0,EU to EU Internal
STO02912,2024-08-13,F01,F06,P076,65.0,EU to EU Internal
STO02913,2024-08-17,F01,F06,P077,87.0,EU to EU Internal
STO02914,2024-08-19,F01,F06,P078,15.0,EU to EU Internal
STO02915,2024-08-24,F01,F06,P079,62.0,EU to EU Internal
STO02916,2024-08-12,F01,F06,P080,48.0,EU to EU Internal
STO02917,2024-08-12,F01,F06,P081,88.0,EU to EU Internal
STO02918,2024-08-22,F01,F06,P082,90.0,EU to EU Internal
STO02919,2024-08-24,F01,F06,P083,20.0,EU to EU Internal
STO02920,2024-08-17,F01,F06,P084,11.0,EU to EU Internal
STO02921,2024-08-11,F01,F06,P085,32.0,EU to EU Internal
STO02922,2024-08-19,F01,F06,P086,70.0,EU to EU Internal
STO02923,2024-08-17,F01,F06,P087,93.0,EU to EU Internal
STO02924,2024-08-23,F01,F06,P088,38.0,EU to EU Internal
STO02925,2024-08-24,F01,F06,P089,69.0,EU to EU Internal
STO02926,2024-08-18,F01,F06,P090,18.0,EU to EU Internal
STO02927,2024-08-14,F01,F06,P091,22.0,EU to EU Internal
STO02928,2024-08-17,F01,F06,P092,53.0,EU to EU Internal
STO02929,2024-08-17,F01,F06,P093,90.0,EU to EU Internal
STO02930,2024-08-11,F01,F06,P094,46.0,EU to EU Internal
STO02931,2024-08-14,F01,F06,P095,40.0,EU to EU Internal
STO02932,2024-08-16,F01,F06,P096,88.0,EU to EU Internal
STO02933,2024-08-17,F01,F06,P097,90.0,EU to EU Internal
STO02934,2024-08-21,F01,F06,P098,79.0,EU to EU Internal
STO02935,2024-08-21,F01,F06,P099,32.0,EU to EU Internal
STO02936,2024-08-18,F01,F06,P100,60.0,EU to EU Internal
STO02937,2024-09-20,F03,F02,P001,60.0,EU to EU Internal
STO02938,2024-09-22,F03,F02,P002,63.0,EU to EU Internal
STO02939,2024-09-16,F03,F02,P003,41.0,EU to EU Internal
STO02940,2024-09-17,F03,F02,P004,210.0,EU to EU Internal
STO02941,2024-09-15,F03,F02,P005,46.0,EU to EU Internal
STO02942,2024-09-18,F03,F02,P006,11.0,EU to EU Internal
STO02943,2024-09-16,F03,F02,P008,49.0,EU to EU Internal
STO02944,2024-09-17,F03,F02,P009,26.0,EU to EU Internal
STO02945,2024-09-21,F03,F02,P010,93.0,EU to EU Internal
STO02946,2024-09-14,F03,F02,P011,10.0,EU to EU Internal
STO02947,2024-09-22,F03,F02,P012,18.0,EU to EU Internal
STO02948,2024-09-12,F03,F02,P013,16.0,EU to EU Internal
STO02949,2024-09-14,F03,F02,P014,100.0,EU to EU Internal
STO02950,2024-09-20,F03,F02,P015,16.0,EU to EU Internal
STO02951,2024-09-22,F03,F02,P016,161.0,EU to EU Internal
STO02952,2024-09-15,F03,F02,P017,9.0,EU to EU Internal
STO02953,2024-09-18,F03,F02,P018,57.0,EU to EU Internal
STO02954,2024-09-17,F03,F02,P019,73.0,EU to EU Internal
STO02955,2024-09-16,F03,F02,P020,31.0,EU to EU Internal
STO02956,2024-09-16,F03,F02,P021,79.0,EU to EU Internal
STO02957,2024-09-19,F03,F02,P022,11.0,EU to EU Internal
STO02958,2024-09-20,F03,F02,P023,80.0,EU to EU Internal
STO02959,2024-09-13,F03,F02,P024,51.0,EU to EU Internal
STO02960,2024-09-19,F03,F02,P026,48.0,EU to EU Internal
STO02961,2024-09-23,F03,F02,P027,71.0,EU to EU Internal
STO02962,2024-09-12,F03,F02,P028,66.0,EU to EU Internal
STO02963,2024-09-23,F03,F02,P029,121.0,EU to EU Internal
STO02964,2024-09-13,F03,F02,P030,55.0,EU to EU Internal
STO02965,2024-09-21,F03,F02,P031,172.0,EU to EU Internal
STO02966,2024-09-23,F03,F02,P032,23.0,EU to EU Internal
STO02967,2024-09-12,F03,F02,P033,11.0,EU to EU Internal
STO02968,2024-09-20,F03,F02,P034,34.0,EU to EU Internal
STO02969,2024-09-18,F03,F02,P035,18.0,EU to EU Internal
STO02970,2024-09-15,F03,F02,P036,89.0,EU to EU Internal
STO02971,2024-09-17,F03,F02,P037,24.0,EU to EU Internal
STO02972,2024-09-16,F03,F02,P038,108.0,EU to EU Internal
STO02973,2024-09-12,F03,F02,P039,3.0,EU to EU Internal
STO02974,2024-09-18,F03,F02,P040,33.0,EU to EU Internal
STO02975,2024-09-20,F03,F02,P041,8.0,EU to EU Internal
STO02976,2024-09-21,F03,F02,P042,65.0,EU to EU Internal
STO02977,2024-09-11,F03,F02,P043,122.0,EU to EU Internal
STO02978,2024-09-22,F03,F02,P044,9.0,EU to EU Internal
STO02979,2024-09-23,F03,F02,P045,35.0,EU to EU Internal
STO02980,2024-09-12,F03,F02,P046,43.0,EU to EU Internal
STO02981,2024-09-21,F03,F02,P047,104.0,EU to EU Internal
STO02982,2024-09-14,F03,F02,P048,38.0,EU to EU Internal
STO02983,2024-09-16,F03,F02,P049,37.0,EU to EU Internal
STO02984,2024-09-10,F03,F02,P050,53.0,EU to EU Internal
STO02985,2024-09-11,F03,F02,P051,39.0,EU to EU Internal
STO02986,2024-09-19,F03,F02,P052,19.0,EU to EU Internal
STO02987,2024-09-12,F03,F02,P053,18.0,EU to EU Internal
STO02988,2024-09-18,F03,F02,P054,18.0,EU to EU Internal
STO02989,2024-09-17,F03,F02,P055,20.0,EU to EU Internal
STO02990,2024-09-22,F03,F02,P056,50.0,EU to EU Internal
STO02991,2024-09-21,F03,F02,P057,103.0,EU to EU Internal
STO02992,2024-09-14,F03,F02,P058,36.0,EU to EU Internal
STO02993,2024-09-21,F03,F02,P059,16.0,EU to EU Internal
STO02994,2024-09-20,F03,F02,P060,22.0,EU to EU Internal
STO02995,2024-09-16,F03,F02,P061,28.0,EU to EU Internal
STO02996,2024-09-17,F03,F02,P062,16.0,EU to EU Internal
STO02997,2024-09-12,F03,F02,P063,109.0,EU to EU Internal
STO02998,2024-09-17,F03,F02,P064,33.0,EU to EU Internal
STO02999,2024-09-19,F03,F02,P065,100.0,EU to EU Internal
STO03000,2024-09-19,F03,F02,P067,11.0,EU to EU Internal
STO03001,2024-09-22,F03,F02,P068,27.0,EU to EU Internal
STO03002,2024-09-14,F03,F02,P069,86.0,EU to EU Internal
STO03003,2024-09-15,F03,F02,P070,149.0,EU to EU Internal
STO03004,2024-09-11,F03,F02,P071,40.0,EU to EU Internal
STO03005,2024-09-21,F03,F02,P072,13.0,EU to EU Internal
STO03006,2024-09-12,F03,F02,P074,12.0,EU to EU Internal
STO03007,2024-09-20,F03,F02,P075,41.0,EU to EU Internal
STO03008,2024-09-15,F03,F02,P076,16.0,EU to EU Internal
STO03009,2024-09-20,F03,F02,P077,57.0,EU to EU Internal
STO03010,2024-09-22,F03,F02,P079,85.0,EU to EU Internal
STO03011,2024-09-23,F03,F02,P080,14.0,EU to EU Internal
STO03012,2024-09-23,F03,F02,P081,170.0,EU to EU Internal
STO03013,2024-09-21,F03,F02,P082,30.0,EU to EU Internal
STO03014,2024-09-20,F03,F02,P083,5.0,EU to EU Internal
STO03015,2024-09-12,F03,F02,P084,16.0,EU to EU Internal
STO03016,2024-09-14,F03,F02,P085,47.0,EU to EU Internal
STO03017,2024-09-11,F03,F02,P086,24.0,EU to EU Internal
STO03018,2024-09-19,F03,F02,P087,68.0,EU to EU Internal
STO03019,2024-09-20,F03,F02,P088,69.0,EU to EU Internal
STO03020,2024-09-13,F03,F02,P089,61.0,EU to EU Internal
STO03021,2024-09-20,F03,F02,P091,33.0,EU to EU Internal
STO03022,2024-09-13,F03,F02,P092,63.0,EU to EU Internal
STO03023,2024-09-20,F03,F02,P093,13.0,EU to EU Internal
STO03024,2024-09-16,F03,F02,P094,59.0,EU to EU Internal
STO03025,2024-09-17,F03,F02,P095,49.0,EU to EU Internal
STO03026,2024-09-12,F03,F02,P096,42.0,EU to EU Internal
STO03027,2024-09-11,F03,F02,P097,23.0,EU to EU Internal
STO03028,2024-09-11,F03,F02,P098,9.0,EU to EU Internal
STO03029,2024-09-11,F03,F02,P100,41.0,EU to EU Internal
STO03030,2024-09-16,F03,F04,P001,117.0,EU to EU Internal
STO03031,2024-09-19,F03,F04,P002,149.0,EU to EU Internal
STO03032,2024-09-11,F03,F04,P003,125.0,EU to EU Internal
STO03033,2024-09-15,F03,F04,P004,104.0,EU to EU Internal
STO03034,2024-09-11,F03,F04,P005,49.0,EU to EU Internal
STO03035,2024-09-18,F03,F04,P006,31.0,EU to EU Internal
STO03036,2024-09-21,F03,F04,P007,41.0,EU to EU Internal
STO03037,2024-09-10,F03,F04,P008,25.0,EU to EU Internal
STO03038,2024-09-14,F03,F04,P009,50.0,EU to EU Internal
STO03039,2024-09-18,F03,F04,P010,80.0,EU to EU Internal
STO03040,2024-09-20,F03,F04,P011,25.0,EU to EU Internal
STO03041,2024-09-20,F03,F04,P012,25.0,EU to EU Internal
STO03042,2024-09-14,F03,F04,P013,90.0,EU to EU Internal
STO03043,2024-09-10,F03,F04,P014,61.0,EU to EU Internal
STO03044,2024-09-10,F03,F04,P015,131.0,EU to EU Internal
STO03045,2024-09-22,F03,F04,P016,179.0,EU to EU Internal
STO03046,2024-09-10,F03,F04,P018,124.0,EU to EU Internal
STO03047,2024-09-17,F03,F04,P019,127.0,EU to EU Internal
STO03048,2024-09-15,F03,F04,P020,131.0,EU to EU Internal
STO03049,2024-09-22,F03,F04,P021,70.0,EU to EU Internal
STO03050,2024-09-11,F03,F04,P022,122.0,EU to EU Internal
STO03051,2024-09-17,F03,F04,P023,31.0,EU to EU Internal
STO03052,2024-09-14,F03,F04,P024,24.0,EU to EU Internal
STO03053,2024-09-13,F03,F04,P025,2.0,EU to EU Internal
STO03054,2024-09-22,F03,F04,P026,34.0,EU to EU Internal
STO03055,2024-09-23,F03,F04,P027,147.0,EU to EU Internal
STO03056,2024-09-18,F03,F04,P028,105.0,EU to EU Internal
STO03057,2024-09-19,F03,F04,P029,86.0,EU to EU Internal
STO03058,2024-09-21,F03,F04,P030,177.0,EU to EU Internal
STO03059,2024-09-22,F03,F04,P031,108.0,EU to EU Internal
STO03060,2024-09-19,F03,F04,P032,95.0,EU to EU Internal
STO03061,2024-09-22,F03,F04,P033,39.0,EU to EU Internal
STO03062,2024-09-23,F03,F04,P034,69.0,EU to EU Internal
STO03063,2024-09-19,F03,F04,P035,53.0,EU to EU Internal
STO03064,2024-09-22,F03,F04,P036,94.0,EU to EU Internal
STO03065,2024-09-10,F03,F04,P037,40.0,EU to EU Internal
STO03066,2024-09-19,F03,F04,P038,103.0,EU to EU Internal
STO03067,2024-09-15,F03,F04,P039,38.0,EU to EU Internal
STO03068,2024-09-12,F03,F04,P040,70.0,EU to EU Internal
STO03069,2024-09-14,F03,F04,P041,6.0,EU to EU Internal
STO03070,2024-09-10,F03,F04,P042,136.0,EU to EU Internal
STO03071,2024-09-18,F03,F04,P043,103.0,EU to EU Internal
STO03072,2024-09-14,F03,F04,P044,37.0,EU to EU Internal
STO03073,2024-09-15,F03,F04,P045,70.0,EU to EU Internal
STO03074,2024-09-13,F03,F04,P046,121.0,EU to EU Internal
STO03075,2024-09-17,F03,F04,P047,145.0,EU to EU Internal
STO03076,2024-09-13,F03,F04,P048,30.0,EU to EU Internal
STO03077,2024-09-17,F03,F04,P049,23.0,EU to EU Internal
STO03078,2024-09-15,F03,F04,P050,151.0,EU to EU Internal
STO03079,2024-09-21,F03,F04,P051,233.0,EU to EU Internal
STO03080,2024-09-23,F03,F04,P052,177.0,EU to EU Internal
STO03081,2024-09-13,F03,F04,P053,121.0,EU to EU Internal
STO03082,2024-09-20,F03,F04,P054,40.0,EU to EU Internal
STO03083,2024-09-23,F03,F04,P055,41.0,EU to EU Internal
STO03084,2024-09-21,F03,F04,P056,98.0,EU to EU Internal
STO03085,2024-09-21,F03,F04,P057,139.0,EU to EU Internal
STO03086,2024-09-11,F03,F04,P058,138.0,EU to EU Internal
STO03087,2024-09-21,F03,F04,P059,102.0,EU to EU Internal
STO03088,2024-09-21,F03,F04,P060,24.0,EU to EU Internal
STO03089,2024-09-14,F03,F04,P061,200.0,EU to EU Internal
STO03090,2024-09-15,F03,F04,P062,62.0,EU to EU Internal
STO03091,2024-09-10,F03,F04,P063,107.0,EU to EU Internal
STO03092,2024-09-22,F03,F04,P064,75.0,EU to EU Internal
STO03093,2024-09-19,F03,F04,P065,116.0,EU to EU Internal
STO03094,2024-09-12,F03,F04,P066,3.0,EU to EU Internal
STO03095,2024-09-10,F03,F04,P067,11.0,EU to EU Internal
STO03096,2024-09-16,F03,F04,P068,7.0,EU to EU Internal
STO03097,2024-09-10,F03,F04,P069,44.0,EU to EU Internal
STO03098,2024-09-15,F03,F04,P070,43.0,EU to EU Internal
STO03099,2024-09-11,F03,F04,P071,135.0,EU to EU Internal
STO03100,2024-09-20,F03,F04,P072,46.0,EU to EU Internal
STO03101,2024-09-14,F03,F04,P073,119.0,EU to EU Internal
STO03102,2024-09-12,F03,F04,P074,42.0,EU to EU Internal
STO03103,2024-09-22,F03,F04,P075,49.0,EU to EU Internal
STO03104,2024-09-17,F03,F04,P076,37.0,EU to EU Internal
STO03105,2024-09-22,F03,F04,P077,189.0,EU to EU Internal
STO03106,2024-09-18,F03,F04,P078,18.0,EU to EU Internal
STO03107,2024-09-15,F03,F04,P079,98.0,EU to EU Internal
STO03108,2024-09-18,F03,F04,P080,16.0,EU to EU Internal
STO03109,2024-09-14,F03,F04,P081,170.0,EU to EU Internal
STO03110,2024-09-22,F03,F04,P082,165.0,EU to EU Internal
STO03111,2024-09-21,F03,F04,P083,9.0,EU to EU Internal
STO03112,2024-09-18,F03,F04,P084,116.0,EU to EU Internal
STO03113,2024-09-15,F03,F04,P085,100.0,EU to EU Internal
STO03114,2024-09-22,F03,F04,P086,28.0,EU to EU Internal
STO03115,2024-09-18,F03,F04,P087,199.0,EU to EU Internal
STO03116,2024-09-19,F03,F04,P088,64.0,EU to EU Internal
STO03117,2024-09-10,F03,F04,P089,11.0,EU to EU Internal
STO03118,2024-09-15,F03,F04,P091,115.0,EU to EU Internal
STO03119,2024-09-17,F03,F04,P092,101.0,EU to EU Internal
STO03120,2024-09-10,F03,F04,P093,181.0,EU to EU Internal
STO03121,2024-09-11,F03,F04,P094,178.0,EU to EU Internal
STO03122,2024-09-17,F03,F04,P095,42.0,EU to EU Internal
STO03123,2024-09-22,F03,F04,P096,41.0,EU to EU Internal
STO03124,2024-09-14,F03,F04,P097,176.0,EU to EU Internal
STO03125,2024-09-15,F03,F04,P098,135.0,EU to EU Internal
STO03126,2024-09-11,F03,F04,P099,147.0,EU to EU Internal
STO03127,2024-09-13,F03,F04,P100,10.0,EU to EU Internal
STO03128,2024-09-17,F01,F05,P002,7.0,EU to EU Internal
STO03129,2024-09-17,F01,F05,P003,4.0,EU to EU Internal
STO03130,2024-09-21,F01,F05,P005,67.0,EU to EU Internal
STO03131,2024-09-18,F01,F05,P007,6.0,EU to EU Internal
STO03132,2024-09-14,F01,F05,P008,15.0,EU to EU Internal
STO03133,2024-09-22,F01,F05,P009,39.0,EU to EU Internal
STO03134,2024-09-11,F01,F05,P010,3.0,EU to EU Internal
STO03135,2024-09-14,F01,F05,P011,77.0,EU to EU Internal
STO03136,2024-09-22,F01,F05,P012,22.0,EU to EU Internal
STO03137,2024-09-23,F01,F05,P014,16.0,EU to EU Internal
STO03138,2024-09-18,F01,F05,P015,114.0,EU to EU Internal
STO03139,2024-09-11,F01,F05,P017,9.0,EU to EU Internal
STO03140,2024-09-23,F01,F05,P018,16.0,EU to EU Internal
STO03141,2024-09-11,F01,F05,P019,26.0,EU to EU Internal
STO03142,2024-09-15,F01,F05,P020,57.0,EU to EU Internal
STO03143,2024-09-11,F01,F05,P021,25.0,EU to EU Internal
STO03144,2024-09-17,F01,F05,P022,9.0,EU to EU Internal
STO03145,2024-09-11,F01,F05,P023,25.0,EU to EU Internal
STO03146,2024-09-13,F01,F05,P024,32.0,EU to EU Internal
STO03147,2024-09-17,F01,F05,P025,20.0,EU to EU Internal
STO03148,2024-09-15,F01,F05,P026,5.0,EU to EU Internal
STO03149,2024-09-21,F01,F05,P028,31.0,EU to EU Internal
STO03150,2024-09-15,F01,F05,P029,13.0,EU to EU Internal
STO03151,2024-09-17,F01,F05,P030,18.0,EU to EU Internal
STO03152,2024-09-11,F01,F05,P032,20.0,EU to EU Internal
STO03153,2024-09-19,F01,F05,P034,17.0,EU to EU Internal
STO03154,2024-09-11,F01,F05,P035,19.0,EU to EU Internal
STO03155,2024-09-15,F01,F05,P037,3.0,EU to EU Internal
STO03156,2024-09-23,F01,F05,P038,38.0,EU to EU Internal
STO03157,2024-09-12,F01,F05,P039,31.0,EU to EU Internal
STO03158,2024-09-14,F01,F05,P041,11.0,EU to EU Internal
STO03159,2024-09-11,F01,F05,P042,2.0,EU to EU Internal
STO03160,2024-09-23,F01,F05,P043,25.0,EU to EU Internal
STO03161,2024-09-13,F01,F05,P044,15.0,EU to EU Internal
STO03162,2024-09-19,F01,F05,P045,26.0,EU to EU Internal
STO03163,2024-09-13,F01,F05,P046,72.0,EU to EU Internal
STO03164,2024-09-14,F01,F05,P047,1.0,EU to EU Internal
STO03165,2024-09-18,F01,F05,P048,11.0,EU to EU Internal
STO03166,2024-09-14,F01,F05,P049,7.0,EU to EU Internal
STO03167,2024-09-20,F01,F05,P050,23.0,EU to EU Internal
STO03168,2024-09-21,F01,F05,P051,77.0,EU to EU Internal
STO03169,2024-09-18,F01,F05,P052,24.0,EU to EU Internal
STO03170,2024-09-21,F01,F05,P055,5.0,EU to EU Internal
STO03171,2024-09-20,F01,F05,P056,10.0,EU to EU Internal
STO03172,2024-09-18,F01,F05,P057,57.0,EU to EU Internal
STO03173,2024-09-12,F01,F05,P059,66.0,EU to EU Internal
STO03174,2024-09-15,F01,F05,P061,6.0,EU to EU Internal
STO03175,2024-09-21,F01,F05,P062,2.0,EU to EU Internal
STO03176,2024-09-20,F01,F05,P063,45.0,EU to EU Internal
STO03177,2024-09-16,F01,F05,P064,23.0,EU to EU Internal
STO03178,2024-09-13,F01,F05,P065,28.0,EU to EU Internal
STO03179,2024-09-15,F01,F05,P067,24.0,EU to EU Internal
STO03180,2024-09-15,F01,F05,P069,18.0,EU to EU Internal
STO03181,2024-09-16,F01,F05,P070,47.0,EU to EU Internal
STO03182,2024-09-19,F01,F05,P071,24.0,EU to EU Internal
STO03183,2024-09-11,F01,F05,P072,10.0,EU to EU Internal
STO03184,2024-09-16,F01,F05,P073,39.0,EU to EU Internal
STO03185,2024-09-10,F01,F05,P076,34.0,EU to EU Internal
STO03186,2024-09-13,F01,F05,P077,10.0,EU to EU Internal
STO03187,2024-09-17,F01,F05,P079,35.0,EU to EU Internal
STO03188,2024-09-22,F01,F05,P080,15.0,EU to EU Internal
STO03189,2024-09-16,F01,F05,P081,42.0,EU to EU Internal
STO03190,2024-09-20,F01,F05,P083,11.0,EU to EU Internal
STO03191,2024-09-16,F01,F05,P084,40.0,EU to EU Internal
STO03192,2024-09-14,F01,F05,P085,30.0,EU to EU Internal
STO03193,2024-09-15,F01,F05,P086,39.0,EU to EU Internal
STO03194,2024-09-19,F01,F05,P087,52.0,EU to EU Internal
STO03195,2024-09-11,F01,F05,P088,24.0,EU to EU Internal
STO03196,2024-09-16,F01,F05,P089,33.0,EU to EU Internal
STO03197,2024-09-14,F01,F05,P090,7.0,EU to EU Internal
STO03198,2024-09-23,F01,F05,P091,35.0,EU to EU Internal
STO03199,2024-09-14,F01,F05,P092,33.0,EU to EU Internal
STO03200,2024-09-23,F01,F05,P093,40.0,EU to EU Internal
STO03201,2024-09-15,F01,F05,P094,14.0,EU to EU Internal
STO03202,2024-09-19,F01,F05,P096,20.0,EU to EU Internal
STO03203,2024-09-18,F01,F05,P097,58.0,EU to EU Internal
STO03204,2024-09-10,F01,F05,P099,9.0,EU to EU Internal
STO03205,2024-09-15,F01,F06,P001,63.0,EU to EU Internal
STO03206,2024-09-13,F01,F06,P002,16.0,EU to EU Internal
STO03207,2024-09-19,F01,F06,P003,8.0,EU to EU Internal
STO03208,2024-09-10,F01,F06,P004,151.0,EU to EU Internal
STO03209,2024-09-11,F01,F06,P005,125.0,EU to EU Internal
STO03210,2024-09-12,F01,F06,P006,31.0,EU to EU Internal
STO03211,2024-09-17,F01,F06,P007,33.0,EU to EU Internal
STO03212,2024-09-10,F01,F06,P008,33.0,EU to EU Internal
STO03213,2024-09-16,F01,F06,P009,75.0,EU to EU Internal
STO03214,2024-09-16,F01,F06,P010,66.0,EU to EU Internal
STO03215,2024-09-13,F01,F06,P011,57.0,EU to EU Internal
STO03216,2024-09-14,F01,F06,P012,44.0,EU to EU Internal
STO03217,2024-09-17,F01,F06,P013,44.0,EU to EU Internal
STO03218,2024-09-18,F01,F06,P014,48.0,EU to EU Internal
STO03219,2024-09-11,F01,F06,P015,18.0,EU to EU Internal
STO03220,2024-09-20,F01,F06,P016,106.0,EU to EU Internal
STO03221,2024-09-15,F01,F06,P017,30.0,EU to EU Internal
STO03222,2024-09-10,F01,F06,P018,60.0,EU to EU Internal
STO03223,2024-09-10,F01,F06,P019,76.0,EU to EU Internal
STO03224,2024-09-23,F01,F06,P020,72.0,EU to EU Internal
STO03225,2024-09-22,F01,F06,P021,43.0,EU to EU Internal
STO03226,2024-09-11,F01,F06,P022,67.0,EU to EU Internal
STO03227,2024-09-13,F01,F06,P023,54.0,EU to EU Internal
STO03228,2024-09-21,F01,F06,P024,28.0,EU to EU Internal
STO03229,2024-09-23,F01,F06,P025,67.0,EU to EU Internal
STO03230,2024-09-13,F01,F06,P026,15.0,EU to EU Internal
STO03231,2024-09-23,F01,F06,P027,121.0,EU to EU Internal
STO03232,2024-09-19,F01,F06,P028,85.0,EU to EU Internal
STO03233,2024-09-18,F01,F06,P029,47.0,EU to EU Internal
STO03234,2024-09-23,F01,F06,P030,46.0,EU to EU Internal
STO03235,2024-09-13,F01,F06,P031,65.0,EU to EU Internal
STO03236,2024-09-19,F01,F06,P032,64.0,EU to EU Internal
STO03237,2024-09-18,F01,F06,P033,38.0,EU to EU Internal
STO03238,2024-09-23,F01,F06,P034,37.0,EU to EU Internal
STO03239,2024-09-12,F01,F06,P035,21.0,EU to EU Internal
STO03240,2024-09-21,F01,F06,P036,35.0,EU to EU Internal
STO03241,2024-09-12,F01,F06,P037,11.0,EU to EU Internal
STO03242,2024-09-15,F01,F06,P038,35.0,EU to EU Internal
STO03243,2024-09-16,F01,F06,P039,104.0,EU to EU Internal
STO03244,2024-09-13,F01,F06,P040,47.0,EU to EU Internal
STO03245,2024-09-17,F01,F06,P041,22.0,EU to EU Internal
STO03246,2024-09-11,F01,F06,P042,156.0,EU to EU Internal
STO03247,2024-09-23,F01,F06,P043,32.0,EU to EU Internal
STO03248,2024-09-11,F01,F06,P044,60.0,EU to EU Internal
STO03249,2024-09-16,F01,F06,P045,69.0,EU to EU Internal
STO03250,2024-09-17,F01,F06,P046,36.0,EU to EU Internal
STO03251,2024-09-16,F01,F06,P047,23.0,EU to EU Internal
STO03252,2024-09-17,F01,F06,P048,75.0,EU to EU Internal
STO03253,2024-09-22,F01,F06,P049,12.0,EU to EU Internal
STO03254,2024-09-11,F01,F06,P050,84.0,EU to EU Internal
STO03255,2024-09-21,F01,F06,P051,127.0,EU to EU Internal
STO03256,2024-09-10,F01,F06,P052,50.0,EU to EU Internal
STO03257,2024-09-13,F01,F06,P053,28.0,EU to EU Internal
STO03258,2024-09-14,F01,F06,P054,6.0,EU to EU Internal
STO03259,2024-09-15,F01,F06,P055,44.0,EU to EU Internal
STO03260,2024-09-10,F01,F06,P056,8.0,EU to EU Internal
STO03261,2024-09-11,F01,F06,P057,77.0,EU to EU Internal
STO03262,2024-09-17,F01,F06,P058,94.0,EU to EU Internal
STO03263,2024-09-16,F01,F06,P059,76.0,EU to EU Internal
STO03264,2024-09-11,F01,F06,P060,17.0,EU to EU Internal
STO03265,2024-09-19,F01,F06,P061,74.0,EU to EU Internal
STO03266,2024-09-11,F01,F06,P062,27.0,EU to EU Internal
STO03267,2024-09-12,F01,F06,P063,77.0,EU to EU Internal
STO03268,2024-09-15,F01,F06,P064,67.0,EU to EU Internal
STO03269,2024-09-17,F01,F06,P065,119.0,EU to EU Internal
STO03270,2024-09-22,F01,F06,P066,6.0,EU to EU Internal
STO03271,2024-09-11,F01,F06,P067,21.0,EU to EU Internal
STO03272,2024-09-22,F01,F06,P068,35.0,EU to EU Internal
STO03273,2024-09-13,F01,F06,P069,38.0,EU to EU Internal
STO03274,2024-09-21,F01,F06,P070,18.0,EU to EU Internal
STO03275,2024-09-11,F01,F06,P071,26.0,EU to EU Internal
STO03276,2024-09-12,F01,F06,P072,45.0,EU to EU Internal
STO03277,2024-09-20,F01,F06,P073,61.0,EU to EU Internal
STO03278,2024-09-13,F01,F06,P074,38.0,EU to EU Internal
STO03279,2024-09-17,F01,F06,P075,42.0,EU to EU Internal
STO03280,2024-09-20,F01,F06,P076,77.0,EU to EU Internal
STO03281,2024-09-10,F01,F06,P077,140.0,EU to EU Internal
STO03282,2024-09-23,F01,F06,P078,25.0,EU to EU Internal
STO03283,2024-09-21,F01,F06,P079,52.0,EU to EU Internal
STO03284,2024-09-23,F01,F06,P080,19.0,EU to EU Internal
STO03285,2024-09-12,F01,F06,P081,142.0,EU to EU Internal
STO03286,2024-09-10,F01,F06,P082,114.0,EU to EU Internal
STO03287,2024-09-13,F01,F06,P083,43.0,EU to EU Internal
STO03288,2024-09-12,F01,F06,P084,18.0,EU to EU Internal
STO03289,2024-09-18,F01,F06,P085,46.0,EU to EU Internal
STO03290,2024-09-12,F01,F06,P086,61.0,EU to EU Internal
STO03291,2024-09-11,F01,F06,P087,60.0,EU to EU Internal
STO03292,2024-09-12,F01,F06,P088,65.0,EU to EU Internal
STO03293,2024-09-17,F01,F06,P089,70.0,EU to EU Internal
STO03294,2024-09-17,F01,F06,P090,22.0,EU to EU Internal
STO03295,2024-09-22,F01,F06,P091,20.0,EU to EU Internal
STO03296,2024-09-23,F01,F06,P092,49.0,EU to EU Internal
STO03297,2024-09-20,F01,F06,P093,95.0,EU to EU Internal
STO03298,2024-09-12,F01,F06,P094,36.0,EU to EU Internal
STO03299,2024-09-12,F01,F06,P095,28.0,EU to EU Internal
STO03300,2024-09-20,F01,F06,P096,76.0,EU to EU Internal
STO03301,2024-09-19,F01,F06,P097,66.0,EU to EU Internal
STO03302,2024-09-19,F01,F06,P098,62.0,EU to EU Internal
STO03303,2024-09-21,F01,F06,P099,57.0,EU to EU Internal
STO03304,2024-09-12,F01,F06,P100,39.0,EU to EU Internal
STO03305,2024-10-17,F03,F02,P001,55.0,EU to EU Internal
STO03306,2024-10-13,F03,F02,P002,28.0,EU to EU Internal
STO03307,2024-10-16,F03,F02,P003,28.0,EU to EU Internal
STO03308,2024-10-14,F03,F02,P004,130.0,EU to EU Internal
STO03309,2024-10-17,F03,F02,P005,59.0,EU to EU Internal
STO03310,2024-10-22,F03,F02,P008,39.0,EU to EU Internal
STO03311,2024-10-21,F03,F02,P009,17.0,EU to EU Internal
STO03312,2024-10-22,F03,F02,P010,69.0,EU to EU Internal
STO03313,2024-10-12,F03,F02,P012,18.0,EU to EU Internal
STO03314,2024-10-18,F03,F02,P013,18.0,EU to EU Internal
STO03315,2024-10-11,F03,F02,P014,68.0,EU to EU Internal
STO03316,2024-10-11,F03,F02,P015,34.0,EU to EU Internal
STO03317,2024-10-23,F03,F02,P016,69.0,EU to EU Internal
STO03318,2024-10-13,F03,F02,P017,17.0,EU to EU Internal
STO03319,2024-10-12,F03,F02,P018,53.0,EU to EU Internal
STO03320,2024-10-13,F03,F02,P019,126.0,EU to EU Internal
STO03321,2024-10-13,F03,F02,P020,11.0,EU to EU Internal
STO03322,2024-10-16,F03,F02,P021,55.0,EU to EU Internal
STO03323,2024-10-11,F03,F02,P022,40.0,EU to EU Internal
STO03324,2024-10-17,F03,F02,P023,53.0,EU to EU Internal
STO03325,2024-10-15,F03,F02,P024,24.0,EU to EU Internal
STO03326,2024-10-11,F03,F02,P026,25.0,EU to EU Internal
STO03327,2024-10-19,F03,F02,P027,44.0,EU to EU Internal
STO03328,2024-10-11,F03,F02,P028,69.0,EU to EU Internal
STO03329,2024-10-14,F03,F02,P029,91.0,EU to EU Internal
STO03330,2024-10-21,F03,F02,P030,38.0,EU to EU Internal
STO03331,2024-10-13,F03,F02,P031,156.0,EU to EU Internal
STO03332,2024-10-12,F03,F02,P032,9.0,EU to EU Internal
STO03333,2024-10-19,F03,F02,P033,23.0,EU to EU Internal
STO03334,2024-10-19,F03,F02,P034,76.0,EU to EU Internal
STO03335,2024-10-15,F03,F02,P035,10.0,EU to EU Internal
STO03336,2024-10-12,F03,F02,P036,95.0,EU to EU Internal
STO03337,2024-10-20,F03,F02,P037,6.0,EU to EU Internal
STO03338,2024-10-24,F03,F02,P038,120.0,EU to EU Internal
STO03339,2024-10-11,F03,F02,P039,19.0,EU to EU Internal
STO03340,2024-10-22,F03,F02,P040,10.0,EU to EU Internal
STO03341,2024-10-24,F03,F02,P041,9.0,EU to EU Internal
STO03342,2024-10-16,F03,F02,P042,124.0,EU to EU Internal
STO03343,2024-10-11,F03,F02,P043,102.0,EU to EU Internal
STO03344,2024-10-15,F03,F02,P044,23.0,EU to EU Internal
STO03345,2024-10-13,F03,F02,P045,51.0,EU to EU Internal
STO03346,2024-10-24,F03,F02,P046,73.0,EU to EU Internal
STO03347,2024-10-20,F03,F02,P047,88.0,EU to EU Internal
STO03348,2024-10-23,F03,F02,P048,36.0,EU to EU Internal
STO03349,2024-10-13,F03,F02,P049,36.0,EU to EU Internal
STO03350,2024-10-20,F03,F02,P050,37.0,EU to EU Internal
STO03351,2024-10-19,F03,F02,P051,46.0,EU to EU Internal
STO03352,2024-10-24,F03,F02,P052,20.0,EU to EU Internal
STO03353,2024-10-15,F03,F02,P053,20.0,EU to EU Internal
STO03354,2024-10-14,F03,F02,P054,11.0,EU to EU Internal
STO03355,2024-10-16,F03,F02,P055,22.0,EU to EU Internal
STO03356,2024-10-24,F03,F02,P056,89.0,EU to EU Internal
STO03357,2024-10-19,F03,F02,P057,59.0,EU to EU Internal
STO03358,2024-10-15,F03,F02,P058,49.0,EU to EU Internal
STO03359,2024-10-12,F03,F02,P059,27.0,EU to EU Internal
STO03360,2024-10-12,F03,F02,P060,16.0,EU to EU Internal
STO03361,2024-10-15,F03,F02,P061,71.0,EU to EU Internal
STO03362,2024-10-12,F03,F02,P062,32.0,EU to EU Internal
STO03363,2024-10-24,F03,F02,P063,86.0,EU to EU Internal
STO03364,2024-10-22,F03,F02,P064,21.0,EU to EU Internal
STO03365,2024-10-18,F03,F02,P065,79.0,EU to EU Internal
STO03366,2024-10-18,F03,F02,P067,9.0,EU to EU Internal
STO03367,2024-10-18,F03,F02,P068,7.0,EU to EU Internal
STO03368,2024-10-15,F03,F02,P069,62.0,EU to EU Internal
STO03369,2024-10-22,F03,F02,P070,100.0,EU to EU Internal
STO03370,2024-10-16,F03,F02,P071,49.0,EU to EU Internal
STO03371,2024-10-20,F03,F02,P073,11.0,EU to EU Internal
STO03372,2024-10-16,F03,F02,P074,12.0,EU to EU Internal
STO03373,2024-10-16,F03,F02,P075,22.0,EU to EU Internal
STO03374,2024-10-16,F03,F02,P076,21.0,EU to EU Internal
STO03375,2024-10-20,F03,F02,P077,60.0,EU to EU Internal
STO03376,2024-10-12,F03,F02,P079,48.0,EU to EU Internal
STO03377,2024-10-23,F03,F02,P080,19.0,EU to EU Internal
STO03378,2024-10-19,F03,F02,P081,75.0,EU to EU Internal
STO03379,2024-10-17,F03,F02,P082,35.0,EU to EU Internal
STO03380,2024-10-17,F03,F02,P083,9.0,EU to EU Internal
STO03381,2024-10-11,F03,F02,P084,18.0,EU to EU Internal
STO03382,2024-10-15,F03,F02,P085,75.0,EU to EU Internal
STO03383,2024-10-22,F03,F02,P086,26.0,EU to EU Internal
STO03384,2024-10-14,F03,F02,P087,88.0,EU to EU Internal
STO03385,2024-10-15,F03,F02,P088,31.0,EU to EU Internal
STO03386,2024-10-19,F03,F02,P089,32.0,EU to EU Internal
STO03387,2024-10-21,F03,F02,P091,11.0,EU to EU Internal
STO03388,2024-10-20,F03,F02,P092,62.0,EU to EU Internal
STO03389,2024-10-20,F03,F02,P093,20.0,EU to EU Internal
STO03390,2024-10-19,F03,F02,P094,47.0,EU to EU Internal
STO03391,2024-10-11,F03,F02,P095,54.0,EU to EU Internal
STO03392,2024-10-17,F03,F02,P096,66.0,EU to EU Internal
STO03393,2024-10-11,F03,F02,P097,69.0,EU to EU Internal
STO03394,2024-10-14,F03,F02,P098,15.0,EU to EU Internal
STO03395,2024-10-23,F03,F02,P099,14.0,EU to EU Internal
STO03396,2024-10-18,F03,F02,P100,90.0,EU to EU Internal
STO03397,2024-10-21,F03,F04,P001,34.0,EU to EU Internal
STO03398,2024-10-11,F03,F04,P002,77.0,EU to EU Internal
STO03399,2024-10-18,F03,F04,P003,111.0,EU to EU Internal
STO03400,2024-10-17,F03,F04,P004,102.0,EU to EU Internal
STO03401,2024-10-21,F03,F04,P005,55.0,EU to EU Internal
STO03402,2024-10-12,F03,F04,P006,37.0,EU to EU Internal
STO03403,2024-10-16,F03,F04,P007,30.0,EU to EU Internal
STO03404,2024-10-15,F03,F04,P008,23.0,EU to EU Internal
STO03405,2024-10-11,F03,F04,P009,25.0,EU to EU Internal
STO03406,2024-10-24,F03,F04,P010,44.0,EU to EU Internal
STO03407,2024-10-23,F03,F04,P011,40.0,EU to EU Internal
STO03408,2024-10-14,F03,F04,P012,41.0,EU to EU Internal
STO03409,2024-10-16,F03,F04,P013,141.0,EU to EU Internal
STO03410,2024-10-11,F03,F04,P014,61.0,EU to EU Internal
STO03411,2024-10-15,F03,F04,P015,137.0,EU to EU Internal
STO03412,2024-10-18,F03,F04,P016,115.0,EU to EU Internal
STO03413,2024-10-19,F03,F04,P018,100.0,EU to EU Internal
STO03414,2024-10-21,F03,F04,P019,90.0,EU to EU Internal
STO03415,2024-10-16,F03,F04,P020,137.0,EU to EU Internal
STO03416,2024-10-17,F03,F04,P021,33.0,EU to EU Internal
STO03417,2024-10-13,F03,F04,P022,112.0,EU to EU Internal
STO03418,2024-10-12,F03,F04,P023,52.0,EU to EU Internal
STO03419,2024-10-12,F03,F04,P024,17.0,EU to EU Internal
STO03420,2024-10-23,F03,F04,P025,5.0,EU to EU Internal
STO03421,2024-10-16,F03,F04,P026,75.0,EU to EU Internal
STO03422,2024-10-23,F03,F04,P027,168.0,EU to EU Internal
STO03423,2024-10-14,F03,F04,P028,102.0,EU to EU Internal
STO03424,2024-10-17,F03,F04,P029,135.0,EU to EU Internal
STO03425,2024-10-16,F03,F04,P030,237.0,EU to EU Internal
STO03426,2024-10-16,F03,F04,P031,48.0,EU to EU Internal
STO03427,2024-10-22,F03,F04,P032,110.0,EU to EU Internal
STO03428,2024-10-18,F03,F04,P033,23.0,EU to EU Internal
STO03429,2024-10-19,F03,F04,P034,46.0,EU to EU Internal
STO03430,2024-10-11,F03,F04,P035,60.0,EU to EU Internal
STO03431,2024-10-24,F03,F04,P036,90.0,EU to EU Internal
STO03432,2024-10-14,F03,F04,P037,82.0,EU to EU Internal
STO03433,2024-10-15,F03,F04,P038,86.0,EU to EU Internal
STO03434,2024-10-12,F03,F04,P039,39.0,EU to EU Internal
STO03435,2024-10-20,F03,F04,P040,98.0,EU to EU Internal
STO03436,2024-10-19,F03,F04,P041,22.0,EU to EU Internal
STO03437,2024-10-13,F03,F04,P042,113.0,EU to EU Internal
STO03438,2024-10-11,F03,F04,P043,87.0,EU to EU Internal
STO03439,2024-10-12,F03,F04,P044,48.0,EU to EU Internal
STO03440,2024-10-20,F03,F04,P045,88.0,EU to EU Internal
STO03441,2024-10-11,F03,F04,P046,152.0,EU to EU Internal
STO03442,2024-10-17,F03,F04,P047,109.0,EU to EU Internal
STO03443,2024-10-11,F03,F04,P048,62.0,EU to EU Internal
STO03444,2024-10-22,F03,F04,P049,39.0,EU to EU Internal
STO03445,2024-10-14,F03,F04,P050,141.0,EU to EU Internal
STO03446,2024-10-13,F03,F04,P051,197.0,EU to EU Internal
STO03447,2024-10-11,F03,F04,P052,147.0,EU to EU Internal
STO03448,2024-10-21,F03,F04,P053,136.0,EU to EU Internal
STO03449,2024-10-15,F03,F04,P054,38.0,EU to EU Internal
STO03450,2024-10-13,F03,F04,P055,29.0,EU to EU Internal
STO03451,2024-10-23,F03,F04,P056,128.0,EU to EU Internal
STO03452,2024-10-21,F03,F04,P057,122.0,EU to EU Internal
STO03453,2024-10-12,F03,F04,P058,94.0,EU to EU Internal
STO03454,2024-10-22,F03,F04,P059,102.0,EU to EU Internal
STO03455,2024-10-12,F03,F04,P060,26.0,EU to EU Internal
STO03456,2024-10-19,F03,F04,P061,159.0,EU to EU Internal
STO03457,2024-10-15,F03,F04,P062,55.0,EU to EU Internal
STO03458,2024-10-14,F03,F04,P063,108.0,EU to EU Internal
STO03459,2024-10-22,F03,F04,P064,79.0,EU to EU Internal
STO03460,2024-10-14,F03,F04,P065,113.0,EU to EU Internal
STO03461,2024-10-18,F03,F04,P066,3.0,EU to EU Internal
STO03462,2024-10-15,F03,F04,P067,9.0,EU to EU Internal
STO03463,2024-10-20,F03,F04,P068,13.0,EU to EU Internal
STO03464,2024-10-11,F03,F04,P069,39.0,EU to EU Internal
STO03465,2024-10-14,F03,F04,P070,51.0,EU to EU Internal
STO03466,2024-10-13,F03,F04,P071,150.0,EU to EU Internal
STO03467,2024-10-12,F03,F04,P072,94.0,EU to EU Internal
STO03468,2024-10-21,F03,F04,P073,151.0,EU to EU Internal
STO03469,2024-10-11,F03,F04,P074,51.0,EU to EU Internal
STO03470,2024-10-16,F03,F04,P075,39.0,EU to EU Internal
STO03471,2024-10-18,F03,F04,P076,63.0,EU to EU Internal
STO03472,2024-10-12,F03,F04,P077,92.0,EU to EU Internal
STO03473,2024-10-11,F03,F04,P078,22.0,EU to EU Internal
STO03474,2024-10-16,F03,F04,P079,136.0,EU to EU Internal
STO03475,2024-10-13,F03,F04,P080,24.0,EU to EU Internal
STO03476,2024-10-22,F03,F04,P081,279.0,EU to EU Internal
STO03477,2024-10-23,F03,F04,P082,163.0,EU to EU Internal
STO03478,2024-10-17,F03,F04,P083,8.0,EU to EU Internal
STO03479,2024-10-13,F03,F04,P084,87.0,EU to EU Internal
STO03480,2024-10-14,F03,F04,P085,128.0,EU to EU Internal
STO03481,2024-10-11,F03,F04,P086,45.0,EU to EU Internal
STO03482,2024-10-22,F03,F04,P087,106.0,EU to EU Internal
STO03483,2024-10-18,F03,F04,P088,51.0,EU to EU Internal
STO03484,2024-10-18,F03,F04,P089,13.0,EU to EU Internal
STO03485,2024-10-23,F03,F04,P091,85.0,EU to EU Internal
STO03486,2024-10-16,F03,F04,P092,122.0,EU to EU Internal
STO03487,2024-10-11,F03,F04,P093,64.0,EU to EU Internal
STO03488,2024-10-14,F03,F04,P094,201.0,EU to EU Internal
STO03489,2024-10-15,F03,F04,P095,73.0,EU to EU Internal
STO03490,2024-10-17,F03,F04,P096,68.0,EU to EU Internal
STO03491,2024-10-12,F03,F04,P097,123.0,EU to EU Internal
STO03492,2024-10-16,F03,F04,P098,246.0,EU to EU Internal
STO03493,2024-10-19,F03,F04,P099,299.0,EU to EU Internal
STO03494,2024-10-11,F03,F04,P100,11.0,EU to EU Internal
STO03495,2024-10-21,F01,F05,P002,12.0,EU to EU Internal
STO03496,2024-10-16,F01,F05,P003,21.0,EU to EU Internal
STO03497,2024-10-21,F01,F05,P005,22.0,EU to EU Internal
STO03498,2024-10-15,F01,F05,P007,7.0,EU to EU Internal
STO03499,2024-10-14,F01,F05,P008,14.0,EU to EU Internal
STO03500,2024-10-21,F01,F05,P009,29.0,EU to EU Internal
STO03501,2024-10-17,F01,F05,P010,18.0,EU to EU Internal
STO03502,2024-10-15,F01,F05,P011,68.0,EU to EU Internal
STO03503,2024-10-14,F01,F05,P012,13.0,EU to EU Internal
STO03504,2024-10-19,F01,F05,P014,1.0,EU to EU Internal
STO03505,2024-10-23,F01,F05,P015,134.0,EU to EU Internal
STO03506,2024-10-20,F01,F05,P017,4.0,EU to EU Internal
STO03507,2024-10-15,F01,F05,P018,38.0,EU to EU Internal
STO03508,2024-10-20,F01,F05,P019,26.0,EU to EU Internal
STO03509,2024-10-20,F01,F05,P020,59.0,EU to EU Internal
STO03510,2024-10-21,F01,F05,P021,28.0,EU to EU Internal
STO03511,2024-10-11,F01,F05,P022,18.0,EU to EU Internal
STO03512,2024-10-14,F01,F05,P023,23.0,EU to EU Internal
STO03513,2024-10-16,F01,F05,P024,30.0,EU to EU Internal
STO03514,2024-10-15,F01,F05,P025,7.0,EU to EU Internal
STO03515,2024-10-15,F01,F05,P026,12.0,EU to EU Internal
STO03516,2024-10-23,F01,F05,P028,50.0,EU to EU Internal
STO03517,2024-10-11,F01,F05,P029,9.0,EU to EU Internal
STO03518,2024-10-24,F01,F05,P030,21.0,EU to EU Internal
STO03519,2024-10-13,F01,F05,P032,20.0,EU to EU Internal
STO03520,2024-10-11,F01,F05,P034,30.0,EU to EU Internal
STO03521,2024-10-23,F01,F05,P035,15.0,EU to EU Internal
STO03522,2024-10-15,F01,F05,P037,11.0,EU to EU Internal
STO03523,2024-10-24,F01,F05,P038,18.0,EU to EU Internal
STO03524,2024-10-19,F01,F05,P039,35.0,EU to EU Internal
STO03525,2024-10-11,F01,F05,P041,24.0,EU to EU Internal
STO03526,2024-10-21,F01,F05,P042,13.0,EU to EU Internal
STO03527,2024-10-17,F01,F05,P043,24.0,EU to EU Internal
STO03528,2024-10-16,F01,F05,P044,11.0,EU to EU Internal
STO03529,2024-10-11,F01,F05,P045,23.0,EU to EU Internal
STO03530,2024-10-21,F01,F05,P046,92.0,EU to EU Internal
STO03531,2024-10-13,F01,F05,P048,12.0,EU to EU Internal
STO03532,2024-10-19,F01,F05,P049,1.0,EU to EU Internal
STO03533,2024-10-20,F01,F05,P050,25.0,EU to EU Internal
STO03534,2024-10-16,F01,F05,P051,48.0,EU to EU Internal
STO03535,2024-10-17,F01,F05,P052,8.0,EU to EU Internal
STO03536,2024-10-12,F01,F05,P055,3.0,EU to EU Internal
STO03537,2024-10-17,F01,F05,P056,47.0,EU to EU Internal
STO03538,2024-10-23,F01,F05,P057,56.0,EU to EU Internal
STO03539,2024-10-17,F01,F05,P059,55.0,EU to EU Internal
STO03540,2024-10-12,F01,F05,P061,40.0,EU to EU Internal
STO03541,2024-10-24,F01,F05,P062,15.0,EU to EU Internal
STO03542,2024-10-14,F01,F05,P063,9.0,EU to EU Internal
STO03543,2024-10-22,F01,F05,P064,15.0,EU to EU Internal
STO03544,2024-10-20,F01,F05,P065,11.0,EU to EU Internal
STO03545,2024-10-15,F01,F05,P067,30.0,EU to EU Internal
STO03546,2024-10-24,F01,F05,P069,25.0,EU to EU Internal
STO03547,2024-10-18,F01,F05,P070,43.0,EU to EU Internal
STO03548,2024-10-13,F01,F05,P071,38.0,EU to EU Internal
STO03549,2024-10-16,F01,F05,P072,9.0,EU to EU Internal
STO03550,2024-10-18,F01,F05,P073,21.0,EU to EU Internal
STO03551,2024-10-11,F01,F05,P076,18.0,EU to EU Internal
STO03552,2024-10-15,F01,F05,P077,2.0,EU to EU Internal
STO03553,2024-10-23,F01,F05,P079,21.0,EU to EU Internal
STO03554,2024-10-19,F01,F05,P080,17.0,EU to EU Internal
STO03555,2024-10-12,F01,F05,P081,74.0,EU to EU Internal
STO03556,2024-10-22,F01,F05,P083,18.0,EU to EU Internal
STO03557,2024-10-15,F01,F05,P084,16.0,EU to EU Internal
STO03558,2024-10-16,F01,F05,P085,37.0,EU to EU Internal
STO03559,2024-10-15,F01,F05,P086,24.0,EU to EU Internal
STO03560,2024-10-11,F01,F05,P087,104.0,EU to EU Internal
STO03561,2024-10-12,F01,F05,P088,66.0,EU to EU Internal
STO03562,2024-10-16,F01,F05,P089,16.0,EU to EU Internal
STO03563,2024-10-20,F01,F05,P090,6.0,EU to EU Internal
STO03564,2024-10-19,F01,F05,P091,17.0,EU to EU Internal
STO03565,2024-10-14,F01,F05,P092,32.0,EU to EU Internal
STO03566,2024-10-22,F01,F05,P093,57.0,EU to EU Internal
STO03567,2024-10-14,F01,F05,P094,4.0,EU to EU Internal
STO03568,2024-10-16,F01,F05,P095,1.0,EU to EU Internal
STO03569,2024-10-14,F01,F05,P096,40.0,EU to EU Internal
STO03570,2024-10-18,F01,F05,P097,62.0,EU to EU Internal
STO03571,2024-10-14,F01,F05,P099,25.0,EU to EU Internal
STO03572,2024-10-21,F01,F06,P001,78.0,EU to EU Internal
STO03573,2024-10-11,F01,F06,P002,19.0,EU to EU Internal
STO03574,2024-10-12,F01,F06,P003,13.0,EU to EU Internal
STO03575,2024-10-21,F01,F06,P004,137.0,EU to EU Internal
STO03576,2024-10-22,F01,F06,P005,142.0,EU to EU Internal
STO03577,2024-10-17,F01,F06,P006,23.0,EU to EU Internal
STO03578,2024-10-20,F01,F06,P007,28.0,EU to EU Internal
STO03579,2024-10-24,F01,F06,P008,36.0,EU to EU Internal
STO03580,2024-10-13,F01,F06,P009,55.0,EU to EU Internal
STO03581,2024-10-19,F01,F06,P010,67.0,EU to EU Internal
STO03582,2024-10-12,F01,F06,P011,75.0,EU to EU Internal
STO03583,2024-10-15,F01,F06,P012,30.0,EU to EU Internal
STO03584,2024-10-20,F01,F06,P013,33.0,EU to EU Internal
STO03585,2024-10-21,F01,F06,P014,41.0,EU to EU Internal
STO03586,2024-10-17,F01,F06,P015,9.0,EU to EU Internal
STO03587,2024-10-15,F01,F06,P016,118.0,EU to EU Internal
STO03588,2024-10-24,F01,F06,P017,50.0,EU to EU Internal
STO03589,2024-10-23,F01,F06,P018,69.0,EU to EU Internal
STO03590,2024-10-11,F01,F06,P019,66.0,EU to EU Internal
STO03591,2024-10-24,F01,F06,P020,59.0,EU to EU Internal
STO03592,2024-10-11,F01,F06,P021,53.0,EU to EU Internal
STO03593,2024-10-14,F01,F06,P022,96.0,EU to EU Internal
STO03594,2024-10-12,F01,F06,P023,63.0,EU to EU Internal
STO03595,2024-10-16,F01,F06,P024,16.0,EU to EU Internal
STO03596,2024-10-20,F01,F06,P025,27.0,EU to EU Internal
STO03597,2024-10-23,F01,F06,P026,19.0,EU to EU Internal
STO03598,2024-10-11,F01,F06,P027,91.0,EU to EU Internal
STO03599,2024-10-23,F01,F06,P028,45.0,EU to EU Internal
STO03600,2024-10-22,F01,F06,P029,27.0,EU to EU Internal
STO03601,2024-10-23,F01,F06,P030,52.0,EU to EU Internal
STO03602,2024-10-14,F01,F06,P031,75.0,EU to EU Internal
STO03603,2024-10-18,F01,F06,P032,48.0,EU to EU Internal
STO03604,2024-10-23,F01,F06,P033,45.0,EU to EU Internal
STO03605,2024-10-15,F01,F06,P034,35.0,EU to EU Internal
STO03606,2024-10-20,F01,F06,P035,19.0,EU to EU Internal
STO03607,2024-10-12,F01,F06,P036,33.0,EU to EU Internal
STO03608,2024-10-22,F01,F06,P037,34.0,EU to EU Internal
STO03609,2024-10-17,F01,F06,P038,30.0,EU to EU Internal
STO03610,2024-10-13,F01,F06,P039,51.0,EU to EU Internal
STO03611,2024-10-24,F01,F06,P040,44.0,EU to EU Internal
STO03612,2024-10-23,F01,F06,P041,39.0,EU to EU Internal
STO03613,2024-10-19,F01,F06,P042,88.0,EU to EU Internal
STO03614,2024-10-13,F01,F06,P043,32.0,EU to EU Internal
STO03615,2024-10-16,F01,F06,P044,43.0,EU to EU Internal
STO03616,2024-10-15,F01,F06,P045,47.0,EU to EU Internal
STO03617,2024-10-21,F01,F06,P046,82.0,EU to EU Internal
STO03618,2024-10-14,F01,F06,P047,41.0,EU to EU Internal
STO03619,2024-10-24,F01,F06,P048,77.0,EU to EU Internal
STO03620,2024-10-21,F01,F06,P049,24.0,EU to EU Internal
STO03621,2024-10-16,F01,F06,P050,77.0,EU to EU Internal
STO03622,2024-10-15,F01,F06,P051,95.0,EU to EU Internal
STO03623,2024-10-20,F01,F06,P052,66.0,EU to EU Internal
STO03624,2024-10-22,F01,F06,P053,20.0,EU to EU Internal
STO03625,2024-10-12,F01,F06,P054,29.0,EU to EU Internal
STO03626,2024-10-18,F01,F06,P055,21.0,EU to EU Internal
STO03627,2024-10-18,F01,F06,P056,21.0,EU to EU Internal
STO03628,2024-10-24,F01,F06,P057,50.0,EU to EU Internal
STO03629,2024-10-20,F01,F06,P058,68.0,EU to EU Internal
STO03630,2024-10-12,F01,F06,P059,124.0,EU to EU Internal
STO03631,2024-10-19,F01,F06,P060,30.0,EU to EU Internal
STO03632,2024-10-16,F01,F06,P061,51.0,EU to EU Internal
STO03633,2024-10-24,F01,F06,P062,43.0,EU to EU Internal
STO03634,2024-10-20,F01,F06,P063,101.0,EU to EU Internal
STO03635,2024-10-15,F01,F06,P064,61.0,EU to EU Internal
STO03636,2024-10-12,F01,F06,P065,66.0,EU to EU Internal
STO03637,2024-10-23,F01,F06,P066,19.0,EU to EU Internal
STO03638,2024-10-11,F01,F06,P067,20.0,EU to EU Internal
STO03639,2024-10-19,F01,F06,P068,62.0,EU to EU Internal
STO03640,2024-10-12,F01,F06,P069,59.0,EU to EU Internal
STO03641,2024-10-22,F01,F06,P070,25.0,EU to EU Internal
STO03642,2024-10-19,F01,F06,P071,33.0,EU to EU Internal
STO03643,2024-10-24,F01,F06,P072,85.0,EU to EU Internal
STO03644,2024-10-24,F01,F06,P073,130.0,EU to EU Internal
STO03645,2024-10-23,F01,F06,P074,63.0,EU to EU Internal
STO03646,2024-10-13,F01,F06,P075,30.0,EU to EU Internal
STO03647,2024-10-23,F01,F06,P076,45.0,EU to EU Internal
STO03648,2024-10-19,F01,F06,P077,107.0,EU to EU Internal
STO03649,2024-10-20,F01,F06,P078,24.0,EU to EU Internal
STO03650,2024-10-12,F01,F06,P079,57.0,EU to EU Internal
STO03651,2024-10-23,F01,F06,P080,47.0,EU to EU Internal
STO03652,2024-10-12,F01,F06,P081,82.0,EU to EU Internal
STO03653,2024-10-23,F01,F06,P082,66.0,EU to EU Internal
STO03654,2024-10-24,F01,F06,P083,15.0,EU to EU Internal
STO03655,2024-10-11,F01,F06,P084,35.0,EU to EU Internal
STO03656,2024-10-23,F01,F06,P085,62.0,EU to EU Internal
STO03657,2024-10-13,F01,F06,P086,54.0,EU to EU Internal
STO03658,2024-10-14,F01,F06,P087,95.0,EU to EU Internal
STO03659,2024-10-13,F01,F06,P089,34.0,EU to EU Internal
STO03660,2024-10-18,F01,F06,P090,44.0,EU to EU Internal
STO03661,2024-10-17,F01,F06,P091,24.0,EU to EU Internal
STO03662,2024-10-18,F01,F06,P092,41.0,EU to EU Internal
STO03663,2024-10-17,F01,F06,P093,183.0,EU to EU Internal
STO03664,2024-10-24,F01,F06,P094,109.0,EU to EU Internal
STO03665,2024-10-15,F01,F06,P095,49.0,EU to EU Internal
STO03666,2024-10-19,F01,F06,P096,68.0,EU to EU Internal
STO03667,2024-10-11,F01,F06,P097,93.0,EU to EU Internal
STO03668,2024-10-11,F01,F06,P098,62.0,EU to EU Internal
STO03669,2024-10-24,F01,F06,P099,8.0,EU to EU Internal
STO03670,2024-10-24,F01,F06,P100,75.0,EU to EU Internal
STO03671,2024-11-20,F03,F02,P001,78.0,EU to EU Internal
STO03672,2024-11-20,F03,F02,P002,44.0,EU to EU Internal
STO03673,2024-11-16,F03,F02,P003,34.0,EU to EU Internal
STO03674,2024-11-20,F03,F02,P004,169.0,EU to EU Internal
STO03675,2024-11-19,F03,F02,P005,94.0,EU to EU Internal
STO03676,2024-11-16,F03,F02,P006,9.0,EU to EU Internal
STO03677,2024-11-12,F03,F02,P008,24.0,EU to EU Internal
STO03678,2024-11-19,F03,F02,P009,11.0,EU to EU Internal
STO03679,2024-11-19,F03,F02,P010,108.0,EU to EU Internal
STO03680,2024-11-12,F03,F02,P011,20.0,EU to EU Internal
STO03681,2024-11-17,F03,F02,P012,19.0,EU to EU Internal
STO03682,2024-11-19,F03,F02,P013,19.0,EU to EU Internal
STO03683,2024-11-20,F03,F02,P014,94.0,EU to EU Internal
STO03684,2024-11-21,F03,F02,P015,10.0,EU to EU Internal
STO03685,2024-11-13,F03,F02,P016,107.0,EU to EU Internal
STO03686,2024-11-10,F03,F02,P017,9.0,EU to EU Internal
STO03687,2024-11-15,F03,F02,P018,67.0,EU to EU Internal
STO03688,2024-11-11,F03,F02,P019,86.0,EU to EU Internal
STO03689,2024-11-14,F03,F02,P020,11.0,EU to EU Internal
STO03690,2024-11-18,F03,F02,P021,48.0,EU to EU Internal
STO03691,2024-11-23,F03,F02,P022,35.0,EU to EU Internal
STO03692,2024-11-15,F03,F02,P023,64.0,EU to EU Internal
STO03693,2024-11-16,F03,F02,P024,39.0,EU to EU Internal
STO03694,2024-11-10,F03,F02,P026,41.0,EU to EU Internal
STO03695,2024-11-11,F03,F02,P027,59.0,EU to EU Internal
STO03696,2024-11-21,F03,F02,P028,74.0,EU to EU Internal
STO03697,2024-11-22,F03,F02,P029,118.0,EU to EU Internal
STO03698,2024-11-11,F03,F02,P030,40.0,EU to EU Internal
STO03699,2024-11-15,F03,F02,P031,154.0,EU to EU Internal
STO03700,2024-11-20,F03,F02,P032,7.0,EU to EU Internal
STO03701,2024-11-16,F03,F02,P033,11.0,EU to EU Internal
STO03702,2024-11-11,F03,F02,P034,70.0,EU to EU Internal
STO03703,2024-11-17,F03,F02,P035,37.0,EU to EU Internal
STO03704,2024-11-16,F03,F02,P036,93.0,EU to EU Internal
STO03705,2024-11-22,F03,F02,P037,18.0,EU to EU Internal
STO03706,2024-11-17,F03,F02,P038,118.0,EU to EU Internal
STO03707,2024-11-17,F03,F02,P039,13.0,EU to EU Internal
STO03708,2024-11-17,F03,F02,P040,5.0,EU to EU Internal
STO03709,2024-11-15,F03,F02,P041,32.0,EU to EU Internal
STO03710,2024-11-11,F03,F02,P042,73.0,EU to EU Internal
STO03711,2024-11-14,F03,F02,P043,75.0,EU to EU Internal
STO03712,2024-11-23,F03,F02,P044,17.0,EU to EU Internal
STO03713,2024-11-23,F03,F02,P045,19.0,EU to EU Internal
STO03714,2024-11-14,F03,F02,P046,88.0,EU to EU Internal
STO03715,2024-11-16,F03,F02,P047,98.0,EU to EU Internal
STO03716,2024-11-11,F03,F02,P048,54.0,EU to EU Internal
STO03717,2024-11-22,F03,F02,P049,25.0,EU to EU Internal
STO03718,2024-11-21,F03,F02,P050,68.0,EU to EU Internal
STO03719,2024-11-19,F03,F02,P051,46.0,EU to EU Internal
STO03720,2024-11-18,F03,F02,P052,12.0,EU to EU Internal
STO03721,2024-11-13,F03,F02,P053,40.0,EU to EU Internal
STO03722,2024-11-11,F03,F02,P054,25.0,EU to EU Internal
STO03723,2024-11-15,F03,F02,P055,18.0,EU to EU Internal
STO03724,2024-11-18,F03,F02,P056,68.0,EU to EU Internal
STO03725,2024-11-16,F03,F02,P057,46.0,EU to EU Internal
STO03726,2024-11-17,F03,F02,P058,49.0,EU to EU Internal
STO03727,2024-11-11,F03,F02,P059,45.0,EU to EU Internal
STO03728,2024-11-13,F03,F02,P060,31.0,EU to EU Internal
STO03729,2024-11-19,F03,F02,P061,46.0,EU to EU Internal
STO03730,2024-11-10,F03,F02,P062,49.0,EU to EU Internal
STO03731,2024-11-20,F03,F02,P063,70.0,EU to EU Internal
STO03732,2024-11-14,F03,F02,P064,22.0,EU to EU Internal
STO03733,2024-11-23,F03,F02,P065,58.0,EU to EU Internal
STO03734,2024-11-12,F03,F02,P068,13.0,EU to EU Internal
STO03735,2024-11-10,F03,F02,P069,53.0,EU to EU Internal
STO03736,2024-11-17,F03,F02,P070,105.0,EU to EU Internal
STO03737,2024-11-19,F03,F02,P071,34.0,EU to EU Internal
STO03738,2024-11-14,F03,F02,P072,5.0,EU to EU Internal
STO03739,2024-11-13,F03,F02,P074,16.0,EU to EU Internal
STO03740,2024-11-10,F03,F02,P075,29.0,EU to EU Internal
STO03741,2024-11-14,F03,F02,P076,66.0,EU to EU Internal
STO03742,2024-11-16,F03,F02,P077,45.0,EU to EU Internal
STO03743,2024-11-11,F03,F02,P079,64.0,EU to EU Internal
STO03744,2024-11-12,F03,F02,P080,19.0,EU to EU Internal
STO03745,2024-11-21,F03,F02,P081,105.0,EU to EU Internal
STO03746,2024-11-20,F03,F02,P082,33.0,EU to EU Internal
STO03747,2024-11-21,F03,F02,P083,14.0,EU to EU Internal
STO03748,2024-11-19,F03,F02,P084,11.0,EU to EU Internal
STO03749,2024-11-15,F03,F02,P085,45.0,EU to EU Internal
STO03750,2024-11-14,F03,F02,P086,31.0,EU to EU Internal
STO03751,2024-11-23,F03,F02,P087,92.0,EU to EU Internal
STO03752,2024-11-22,F03,F02,P088,6.0,EU to EU Internal
STO03753,2024-11-14,F03,F02,P089,40.0,EU to EU Internal
STO03754,2024-11-22,F03,F02,P091,25.0,EU to EU Internal
STO03755,2024-11-16,F03,F02,P092,61.0,EU to EU Internal
STO03756,2024-11-20,F03,F02,P093,57.0,EU to EU Internal
STO03757,2024-11-18,F03,F02,P094,52.0,EU to EU Internal
STO03758,2024-11-19,F03,F02,P095,41.0,EU to EU Internal
STO03759,2024-11-14,F03,F02,P096,20.0,EU to EU Internal
STO03760,2024-11-10,F03,F02,P097,19.0,EU to EU Internal
STO03761,2024-11-11,F03,F02,P098,8.0,EU to EU Internal
STO03762,2024-11-19,F03,F02,P100,42.0,EU to EU Internal
STO03763,2024-11-14,F03,F04,P001,40.0,EU to EU Internal
STO03764,2024-11-18,F03,F04,P002,116.0,EU to EU Internal
STO03765,2024-11-19,F03,F04,P003,121.0,EU to EU Internal
STO03766,2024-11-15,F03,F04,P004,84.0,EU to EU Internal
STO03767,2024-11-18,F03,F04,P005,70.0,EU to EU Internal
STO03768,2024-11-20,F03,F04,P006,25.0,EU to EU Internal
STO03769,2024-11-18,F03,F04,P007,21.0,EU to EU Internal
STO03770,2024-11-23,F03,F04,P008,17.0,EU to EU Internal
STO03771,2024-11-20,F03,F04,P009,22.0,EU to EU Internal
STO03772,2024-11-12,F03,F04,P010,48.0,EU to EU Internal
STO03773,2024-11-17,F03,F04,P011,28.0,EU to EU Internal
STO03774,2024-11-21,F03,F04,P012,34.0,EU to EU Internal
STO03775,2024-11-23,F03,F04,P013,123.0,EU to EU Internal
STO03776,2024-11-22,F03,F04,P014,61.0,EU to EU Internal
STO03777,2024-11-20,F03,F04,P015,204.0,EU to EU Internal
STO03778,2024-11-22,F03,F04,P016,238.0,EU to EU Internal
STO03779,2024-11-19,F03,F04,P018,52.0,EU to EU Internal
STO03780,2024-11-23,F03,F04,P019,98.0,EU to EU Internal
STO03781,2024-11-10,F03,F04,P020,121.0,EU to EU Internal
STO03782,2024-11-15,F03,F04,P021,62.0,EU to EU Internal
STO03783,2024-11-13,F03,F04,P022,139.0,EU to EU Internal
STO03784,2024-11-22,F03,F04,P023,105.0,EU to EU Internal
STO03785,2024-11-11,F03,F04,P024,54.0,EU to EU Internal
STO03786,2024-11-11,F03,F04,P025,22.0,EU to EU Internal
STO03787,2024-11-22,F03,F04,P026,73.0,EU to EU Internal
STO03788,2024-11-17,F03,F04,P027,166.0,EU to EU Internal
STO03789,2024-11-14,F03,F04,P028,134.0,EU to EU Internal
STO03790,2024-11-23,F03,F04,P029,149.0,EU to EU Internal
STO03791,2024-11-20,F03,F04,P030,156.0,EU to EU Internal
STO03792,2024-11-13,F03,F04,P031,152.0,EU to EU Internal
STO03793,2024-11-18,F03,F04,P032,119.0,EU to EU Internal
STO03794,2024-11-16,F03,F04,P033,19.0,EU to EU Internal
STO03795,2024-11-16,F03,F04,P034,27.0,EU to EU Internal
STO03796,2024-11-16,F03,F04,P035,39.0,EU to EU Internal
STO03797,2024-11-11,F03,F04,P036,67.0,EU to EU Internal
STO03798,2024-11-22,F03,F04,P037,62.0,EU to EU Internal
STO03799,2024-11-10,F03,F04,P038,70.0,EU to EU Internal
STO03800,2024-11-19,F03,F04,P039,26.0,EU to EU Internal
STO03801,2024-11-18,F03,F04,P040,77.0,EU to EU Internal
STO03802,2024-11-21,F03,F04,P041,6.0,EU to EU Internal
STO03803,2024-11-17,F03,F04,P042,124.0,EU to EU Internal
STO03804,2024-11-12,F03,F04,P043,166.0,EU to EU Internal
STO03805,2024-11-12,F03,F04,P044,60.0,EU to EU Internal
STO03806,2024-11-19,F03,F04,P045,55.0,EU to EU Internal
STO03807,2024-11-11,F03,F04,P046,227.0,EU to EU Internal
STO03808,2024-11-14,F03,F04,P047,90.0,EU to EU Internal
STO03809,2024-11-20,F03,F04,P048,45.0,EU to EU Internal
STO03810,2024-11-11,F03,F04,P049,44.0,EU to EU Internal
STO03811,2024-11-15,F03,F04,P050,110.0,EU to EU Internal
STO03812,2024-11-19,F03,F04,P051,180.0,EU to EU Internal
STO03813,2024-11-19,F03,F04,P052,154.0,EU to EU Internal
STO03814,2024-11-20,F03,F04,P053,98.0,EU to EU Internal
STO03815,2024-11-17,F03,F04,P054,49.0,EU to EU Internal
STO03816,2024-11-20,F03,F04,P055,34.0,EU to EU Internal
STO03817,2024-11-19,F03,F04,P056,141.0,EU to EU Internal
STO03818,2024-11-10,F03,F04,P057,121.0,EU to EU Internal
STO03819,2024-11-19,F03,F04,P058,108.0,EU to EU Internal
STO03820,2024-11-16,F03,F04,P059,54.0,EU to EU Internal
STO03821,2024-11-20,F03,F04,P060,34.0,EU to EU Internal
STO03822,2024-11-12,F03,F04,P061,190.0,EU to EU Internal
STO03823,2024-11-23,F03,F04,P062,57.0,EU to EU Internal
STO03824,2024-11-22,F03,F04,P063,101.0,EU to EU Internal
STO03825,2024-11-22,F03,F04,P064,55.0,EU to EU Internal
STO03826,2024-11-12,F03,F04,P065,129.0,EU to EU Internal
STO03827,2024-11-13,F03,F04,P066,2.0,EU to EU Internal
STO03828,2024-11-20,F03,F04,P067,6.0,EU to EU Internal
STO03829,2024-11-22,F03,F04,P068,17.0,EU to EU Internal
STO03830,2024-11-15,F03,F04,P069,19.0,EU to EU Internal
STO03831,2024-11-15,F03,F04,P070,23.0,EU to EU Internal
STO03832,2024-11-17,F03,F04,P071,119.0,EU to EU Internal
STO03833,2024-11-12,F03,F04,P072,81.0,EU to EU Internal
STO03834,2024-11-14,F03,F04,P073,91.0,EU to EU Internal
STO03835,2024-11-15,F03,F04,P074,46.0,EU to EU Internal
STO03836,2024-11-10,F03,F04,P075,43.0,EU to EU Internal
STO03837,2024-11-21,F03,F04,P076,50.0,EU to EU Internal
STO03838,2024-11-14,F03,F04,P077,130.0,EU to EU Internal
STO03839,2024-11-12,F03,F04,P078,19.0,EU to EU Internal
STO03840,2024-11-12,F03,F04,P079,128.0,EU to EU Internal
STO03841,2024-11-20,F03,F04,P080,6.0,EU to EU Internal
STO03842,2024-11-22,F03,F04,P081,219.0,EU to EU Internal
STO03843,2024-11-13,F03,F04,P082,192.0,EU to EU Internal
STO03844,2024-11-10,F03,F04,P084,77.0,EU to EU Internal
STO03845,2024-11-21,F03,F04,P085,129.0,EU to EU Internal
STO03846,2024-11-17,F03,F04,P086,58.0,EU to EU Internal
STO03847,2024-11-12,F03,F04,P087,80.0,EU to EU Internal
STO03848,2024-11-15,F03,F04,P088,26.0,EU to EU Internal
STO03849,2024-11-21,F03,F04,P089,12.0,EU to EU Internal
STO03850,2024-11-20,F03,F04,P091,83.0,EU to EU Internal
STO03851,2024-11-12,F03,F04,P092,121.0,EU to EU Internal
STO03852,2024-11-10,F03,F04,P093,114.0,EU to EU Internal
STO03853,2024-11-10,F03,F04,P094,181.0,EU to EU Internal
STO03854,2024-11-20,F03,F04,P095,68.0,EU to EU Internal
STO03855,2024-11-10,F03,F04,P096,51.0,EU to EU Internal
STO03856,2024-11-17,F03,F04,P097,243.0,EU to EU Internal
STO03857,2024-11-11,F03,F04,P098,157.0,EU to EU Internal
STO03858,2024-11-12,F03,F04,P099,218.0,EU to EU Internal
STO03859,2024-11-13,F03,F04,P100,3.0,EU to EU Internal
STO03860,2024-11-19,F01,F05,P002,4.0,EU to EU Internal
STO03861,2024-11-15,F01,F05,P003,12.0,EU to EU Internal
STO03862,2024-11-19,F01,F05,P005,32.0,EU to EU Internal
STO03863,2024-11-21,F01,F05,P007,18.0,EU to EU Internal
STO03864,2024-11-17,F01,F05,P008,30.0,EU to EU Internal
STO03865,2024-11-13,F01,F05,P009,52.0,EU to EU Internal
STO03866,2024-11-15,F01,F05,P010,5.0,EU to EU Internal
STO03867,2024-11-17,F01,F05,P011,57.0,EU to EU Internal
STO03868,2024-11-18,F01,F05,P012,18.0,EU to EU Internal
STO03869,2024-11-18,F01,F05,P014,20.0,EU to EU Internal
STO03870,2024-11-13,F01,F05,P015,162.0,EU to EU Internal
STO03871,2024-11-20,F01,F05,P017,9.0,EU to EU Internal
STO03872,2024-11-19,F01,F05,P018,31.0,EU to EU Internal
STO03873,2024-11-16,F01,F05,P019,39.0,EU to EU Internal
STO03874,2024-11-23,F01,F05,P020,77.0,EU to EU Internal
STO03875,2024-11-21,F01,F05,P021,28.0,EU to EU Internal
STO03876,2024-11-12,F01,F05,P022,22.0,EU to EU Internal
STO03877,2024-11-14,F01,F05,P023,26.0,EU to EU Internal
STO03878,2024-11-22,F01,F05,P024,11.0,EU to EU Internal
STO03879,2024-11-12,F01,F05,P025,4.0,EU to EU Internal
STO03880,2024-11-12,F01,F05,P026,6.0,EU to EU Internal
STO03881,2024-11-15,F01,F05,P028,27.0,EU to EU Internal
STO03882,2024-11-11,F01,F05,P029,4.0,EU to EU Internal
STO03883,2024-11-16,F01,F05,P030,26.0,EU to EU Internal
STO03884,2024-11-21,F01,F05,P032,10.0,EU to EU Internal
STO03885,2024-11-17,F01,F05,P034,15.0,EU to EU Internal
STO03886,2024-11-14,F01,F05,P035,6.0,EU to EU Internal
STO03887,2024-11-23,F01,F05,P037,18.0,EU to EU Internal
STO03888,2024-11-15,F01,F05,P038,28.0,EU to EU Internal
STO03889,2024-11-20,F01,F05,P039,54.0,EU to EU Internal
STO03890,2024-11-19,F01,F05,P041,2.0,EU to EU Internal
STO03891,2024-11-22,F01,F05,P042,11.0,EU to EU Internal
STO03892,2024-11-20,F01,F05,P043,32.0,EU to EU Internal
STO03893,2024-11-22,F01,F05,P044,15.0,EU to EU Internal
STO03894,2024-11-16,F01,F05,P045,17.0,EU to EU Internal
STO03895,2024-11-20,F01,F05,P046,111.0,EU to EU Internal
STO03896,2024-11-10,F01,F05,P047,13.0,EU to EU Internal
STO03897,2024-11-22,F01,F05,P048,20.0,EU to EU Internal
STO03898,2024-11-15,F01,F05,P049,8.0,EU to EU Internal
STO03899,2024-11-10,F01,F05,P050,34.0,EU to EU Internal
STO03900,2024-11-17,F01,F05,P051,33.0,EU to EU Internal
STO03901,2024-11-19,F01,F05,P052,19.0,EU to EU Internal
STO03902,2024-11-15,F01,F05,P055,6.0,EU to EU Internal
STO03903,2024-11-20,F01,F05,P056,41.0,EU to EU Internal
STO03904,2024-11-22,F01,F05,P057,19.0,EU to EU Internal
STO03905,2024-11-21,F01,F05,P059,149.0,EU to EU Internal
STO03906,2024-11-15,F01,F05,P061,53.0,EU to EU Internal
STO03907,2024-11-23,F01,F05,P062,14.0,EU to EU Internal
STO03908,2024-11-22,F01,F05,P063,19.0,EU to EU Internal
STO03909,2024-11-20,F01,F05,P064,13.0,EU to EU Internal
STO03910,2024-11-12,F01,F05,P065,14.0,EU to EU Internal
STO03911,2024-11-14,F01,F05,P067,14.0,EU to EU Internal
STO03912,2024-11-17,F01,F05,P069,13.0,EU to EU Internal
STO03913,2024-11-14,F01,F05,P070,27.0,EU to EU Internal
STO03914,2024-11-16,F01,F05,P071,27.0,EU to EU Internal
STO03915,2024-11-15,F01,F05,P072,3.0,EU to EU Internal
STO03916,2024-11-14,F01,F05,P073,27.0,EU to EU Internal
STO03917,2024-11-18,F01,F05,P076,29.0,EU to EU Internal
STO03918,2024-11-20,F01,F05,P077,1.0,EU to EU Internal
STO03919,2024-11-23,F01,F05,P079,50.0,EU to EU Internal
STO03920,2024-11-15,F01,F05,P080,18.0,EU to EU Internal
STO03921,2024-11-15,F01,F05,P081,84.0,EU to EU Internal
STO03922,2024-11-13,F01,F05,P083,28.0,EU to EU Internal
STO03923,2024-11-14,F01,F05,P084,28.0,EU to EU Internal
STO03924,2024-11-10,F01,F05,P085,31.0,EU to EU Internal
STO03925,2024-11-14,F01,F05,P086,34.0,EU to EU Internal
STO03926,2024-11-21,F01,F05,P087,40.0,EU to EU Internal
STO03927,2024-11-20,F01,F05,P088,47.0,EU to EU Internal
STO03928,2024-11-10,F01,F05,P089,29.0,EU to EU Internal
STO03929,2024-11-22,F01,F05,P090,12.0,EU to EU Internal
STO03930,2024-11-19,F01,F05,P091,13.0,EU to EU Internal
STO03931,2024-11-21,F01,F05,P092,22.0,EU to EU Internal
STO03932,2024-11-13,F01,F05,P093,39.0,EU to EU Internal
STO03933,2024-11-22,F01,F05,P094,2.0,EU to EU Internal
STO03934,2024-11-11,F01,F05,P095,4.0,EU to EU Internal
STO03935,2024-11-21,F01,F05,P096,29.0,EU to EU Internal
STO03936,2024-11-16,F01,F05,P097,51.0,EU to EU Internal
STO03937,2024-11-13,F01,F05,P099,34.0,EU to EU Internal
STO03938,2024-11-22,F01,F06,P001,59.0,EU to EU Internal
STO03939,2024-11-16,F01,F06,P002,14.0,EU to EU Internal
STO03940,2024-11-20,F01,F06,P004,86.0,EU to EU Internal
STO03941,2024-11-18,F01,F06,P005,127.0,EU to EU Internal
STO03942,2024-11-20,F01,F06,P006,36.0,EU to EU Internal
STO03943,2024-11-21,F01,F06,P007,53.0,EU to EU Internal
STO03944,2024-11-16,F01,F06,P008,13.0,EU to EU Internal
STO03945,2024-11-14,F01,F06,P009,76.0,EU to EU Internal
STO03946,2024-11-14,F01,F06,P010,54.0,EU to EU Internal
STO03947,2024-11-18,F01,F06,P011,76.0,EU to EU Internal
STO03948,2024-11-18,F01,F06,P012,30.0,EU to EU Internal
STO03949,2024-11-19,F01,F06,P013,28.0,EU to EU Internal
STO03950,2024-11-17,F01,F06,P014,54.0,EU to EU Internal
STO03951,2024-11-13,F01,F06,P015,35.0,EU to EU Internal
STO03952,2024-11-22,F01,F06,P016,75.0,EU to EU Internal
STO03953,2024-11-12,F01,F06,P017,50.0,EU to EU Internal
STO03954,2024-11-19,F01,F06,P018,46.0,EU to EU Internal
STO03955,2024-11-16,F01,F06,P019,79.0,EU to EU Internal
STO03956,2024-11-12,F01,F06,P020,60.0,EU to EU Internal
STO03957,2024-11-22,F01,F06,P021,44.0,EU to EU Internal
STO03958,2024-11-23,F01,F06,P022,70.0,EU to EU Internal
STO03959,2024-11-12,F01,F06,P023,132.0,EU to EU Internal
STO03960,2024-11-13,F01,F06,P024,16.0,EU to EU Internal
STO03961,2024-11-21,F01,F06,P025,27.0,EU to EU Internal
STO03962,2024-11-17,F01,F06,P026,19.0,EU to EU Internal
STO03963,2024-11-21,F01,F06,P027,91.0,EU to EU Internal
STO03964,2024-11-14,F01,F06,P028,42.0,EU to EU Internal
STO03965,2024-11-14,F01,F06,P029,25.0,EU to EU Internal
STO03966,2024-11-16,F01,F06,P030,29.0,EU to EU Internal
STO03967,2024-11-17,F01,F06,P031,100.0,EU to EU Internal
STO03968,2024-11-16,F01,F06,P032,31.0,EU to EU Internal
STO03969,2024-11-13,F01,F06,P033,78.0,EU to EU Internal
STO03970,2024-11-17,F01,F06,P034,16.0,EU to EU Internal
STO03971,2024-11-17,F01,F06,P035,9.0,EU to EU Internal
STO03972,2024-11-11,F01,F06,P036,33.0,EU to EU Internal
STO03973,2024-11-14,F01,F06,P037,45.0,EU to EU Internal
STO03974,2024-11-15,F01,F06,P038,49.0,EU to EU Internal
STO03975,2024-11-14,F01,F06,P039,89.0,EU to EU Internal
STO03976,2024-11-22,F01,F06,P040,37.0,EU to EU Internal
STO03977,2024-11-12,F01,F06,P041,32.0,EU to EU Internal
STO03978,2024-11-19,F01,F06,P042,122.0,EU to EU Internal
STO03979,2024-11-23,F01,F06,P043,36.0,EU to EU Internal
STO03980,2024-11-22,F01,F06,P044,76.0,EU to EU Internal
STO03981,2024-11-10,F01,F06,P045,95.0,EU to EU Internal
STO03982,2024-11-15,F01,F06,P046,119.0,EU to EU Internal
STO03983,2024-11-20,F01,F06,P047,36.0,EU to EU Internal
STO03984,2024-11-18,F01,F06,P048,89.0,EU to EU Internal
STO03985,2024-11-15,F01,F06,P049,64.0,EU to EU Internal
STO03986,2024-11-13,F01,F06,P050,106.0,EU to EU Internal
STO03987,2024-11-21,F01,F06,P051,95.0,EU to EU Internal
STO03988,2024-11-18,F01,F06,P052,59.0,EU to EU Internal
STO03989,2024-11-23,F01,F06,P053,22.0,EU to EU Internal
STO03990,2024-11-23,F01,F06,P054,34.0,EU to EU Internal
STO03991,2024-11-16,F01,F06,P055,32.0,EU to EU Internal
STO03992,2024-11-12,F01,F06,P056,35.0,EU to EU Internal
STO03993,2024-11-21,F01,F06,P057,35.0,EU to EU Internal
STO03994,2024-11-10,F01,F06,P058,50.0,EU to EU Internal
STO03995,2024-11-19,F01,F06,P059,117.0,EU to EU Internal
STO03996,2024-11-12,F01,F06,P060,41.0,EU to EU Internal
STO03997,2024-11-19,F01,F06,P061,84.0,EU to EU Internal
STO03998,2024-11-19,F01,F06,P062,45.0,EU to EU Internal
STO03999,2024-11-19,F01,F06,P063,123.0,EU to EU Internal
STO04000,2024-11-17,F01,F06,P064,62.0,EU to EU Internal
STO04001,2024-11-15,F01,F06,P065,71.0,EU to EU Internal
STO04002,2024-11-23,F01,F06,P066,16.0,EU to EU Internal
STO04003,2024-11-21,F01,F06,P067,36.0,EU to EU Internal
STO04004,2024-11-15,F01,F06,P068,42.0,EU to EU Internal
STO04005,2024-11-18,F01,F06,P069,41.0,EU to EU Internal
STO04006,2024-11-13,F01,F06,P070,42.0,EU to EU Internal
STO04007,2024-11-17,F01,F06,P071,35.0,EU to EU Internal
STO04008,2024-11-10,F01,F06,P072,73.0,EU to EU Internal
STO04009,2024-11-22,F01,F06,P073,117.0,EU to EU Internal
STO04010,2024-11-22,F01,F06,P074,69.0,EU to EU Internal
STO04011,2024-11-15,F01,F06,P075,18.0,EU to EU Internal
STO04012,2024-11-10,F01,F06,P076,73.0,EU to EU Internal
STO04013,2024-11-11,F01,F06,P077,79.0,EU to EU Internal
STO04014,2024-11-11,F01,F06,P078,27.0,EU to EU Internal
STO04015,2024-11-10,F01,F06,P079,28.0,EU to EU Internal
STO04016,2024-11-19,F01,F06,P080,60.0,EU to EU Internal
STO04017,2024-11-15,F01,F06,P081,119.0,EU to EU Internal
STO04018,2024-11-16,F01,F06,P082,104.0,EU to EU Internal
STO04019,2024-11-23,F01,F06,P083,42.0,EU to EU Internal
STO04020,2024-11-17,F01,F06,P084,20.0,EU to EU Internal
STO04021,2024-11-17,F01,F06,P085,66.0,EU to EU Internal
STO04022,2024-11-23,F01,F06,P086,161.0,EU to EU Internal
STO04023,2024-11-11,F01,F06,P087,68.0,EU to EU Internal
STO04024,2024-11-13,F01,F06,P088,76.0,EU to EU Internal
STO04025,2024-11-15,F01,F06,P089,87.0,EU to EU Internal
STO04026,2024-11-14,F01,F06,P090,13.0,EU to EU Internal
STO04027,2024-11-13,F01,F06,P091,13.0,EU to EU Internal
STO04028,2024-11-16,F01,F06,P092,33.0,EU to EU Internal
STO04029,2024-11-15,F01,F06,P093,63.0,EU to EU Internal
STO04030,2024-11-14,F01,F06,P094,81.0,EU to EU Internal
STO04031,2024-11-22,F01,F06,P095,57.0,EU to EU Internal
STO04032,2024-11-20,F01,F06,P096,62.0,EU to EU Internal
STO04033,2024-11-14,F01,F06,P097,142.0,EU to EU Internal
STO04034,2024-11-17,F01,F06,P098,81.0,EU to EU Internal
STO04035,2024-11-18,F01,F06,P099,65.0,EU to EU Internal
STO04036,2024-11-14,F01,F06,P100,29.0,EU to EU Internal
STO04037,2024-12-18,F03,F02,P001,76.0,EU to EU Internal
STO04038,2024-12-12,F03,F02,P002,47.0,EU to EU Internal
STO04039,2024-12-12,F03,F02,P003,62.0,EU to EU Internal
STO04040,2024-12-11,F03,F02,P004,64.0,EU to EU Internal
STO04041,2024-12-18,F03,F02,P005,43.0,EU to EU Internal
STO04042,2024-12-24,F03,F02,P006,6.0,EU to EU Internal
STO04043,2024-12-23,F03,F02,P008,35.0,EU to EU Internal
STO04044,2024-12-18,F03,F02,P009,9.0,EU to EU Internal
STO04045,2024-12-17,F03,F02,P010,79.0,EU to EU Internal
STO04046,2024-12-19,F03,F02,P012,1.0,EU to EU Internal
STO04047,2024-12-21,F03,F02,P013,17.0,EU to EU Internal
STO04048,2024-12-18,F03,F02,P014,93.0,EU to EU Internal
STO04049,2024-12-16,F03,F02,P015,32.0,EU to EU Internal
STO04050,2024-12-23,F03,F02,P016,112.0,EU to EU Internal
STO04051,2024-12-22,F03,F02,P017,6.0,EU to EU Internal
STO04052,2024-12-18,F03,F02,P018,81.0,EU to EU Internal
STO04053,2024-12-21,F03,F02,P019,100.0,EU to EU Internal
STO04054,2024-12-22,F03,F02,P020,14.0,EU to EU Internal
STO04055,2024-12-15,F03,F02,P021,37.0,EU to EU Internal
STO04056,2024-12-14,F03,F02,P022,8.0,EU to EU Internal
STO04057,2024-12-16,F03,F02,P023,99.0,EU to EU Internal
STO04058,2024-12-18,F03,F02,P024,24.0,EU to EU Internal
STO04059,2024-12-14,F03,F02,P026,16.0,EU to EU Internal
STO04060,2024-12-13,F03,F02,P027,88.0,EU to EU Internal
STO04061,2024-12-16,F03,F02,P028,35.0,EU to EU Internal
STO04062,2024-12-12,F03,F02,P029,81.0,EU to EU Internal
STO04063,2024-12-21,F03,F02,P030,67.0,EU to EU Internal
STO04064,2024-12-18,F03,F02,P031,296.0,EU to EU Internal
STO04065,2024-12-13,F03,F02,P032,4.0,EU to EU Internal
STO04066,2024-12-22,F03,F02,P033,19.0,EU to EU Internal
STO04067,2024-12-23,F03,F02,P034,40.0,EU to EU Internal
STO04068,2024-12-15,F03,F02,P035,19.0,EU to EU Internal
STO04069,2024-12-14,F03,F02,P036,89.0,EU to EU Internal
STO04070,2024-12-21,F03,F02,P037,36.0,EU to EU Internal
STO04071,2024-12-22,F03,F02,P038,89.0,EU to EU Internal
STO04072,2024-12-21,F03,F02,P039,4.0,EU to EU Internal
STO04073,2024-12-14,F03,F02,P040,30.0,EU to EU Internal
STO04074,2024-12-11,F03,F02,P041,17.0,EU to EU Internal
STO04075,2024-12-14,F03,F02,P042,95.0,EU to EU Internal
STO04076,2024-12-18,F03,F02,P043,87.0,EU to EU Internal
STO04077,2024-12-11,F03,F02,P044,32.0,EU to EU Internal
STO04078,2024-12-24,F03,F02,P045,56.0,EU to EU Internal
STO04079,2024-12-12,F03,F02,P046,56.0,EU to EU Internal
STO04080,2024-12-19,F03,F02,P047,129.0,EU to EU Internal
STO04081,2024-12-20,F03,F02,P048,29.0,EU to EU Internal
STO04082,2024-12-18,F03,F02,P049,8.0,EU to EU Internal
STO04083,2024-12-15,F03,F02,P050,97.0,EU to EU Internal
STO04084,2024-12-20,F03,F02,P051,28.0,EU to EU Internal
STO04085,2024-12-13,F03,F02,P052,4.0,EU to EU Internal
STO04086,2024-12-15,F03,F02,P053,19.0,EU to EU Internal
STO04087,2024-12-14,F03,F02,P054,33.0,EU to EU Internal
STO04088,2024-12-21,F03,F02,P055,7.0,EU to EU Internal
STO04089,2024-12-20,F03,F02,P056,55.0,EU to EU Internal
STO04090,2024-12-16,F03,F02,P057,65.0,EU to EU Internal
STO04091,2024-12-23,F03,F02,P058,12.0,EU to EU Internal
STO04092,2024-12-24,F03,F02,P059,42.0,EU to EU Internal
STO04093,2024-12-24,F03,F02,P060,26.0,EU to EU Internal
STO04094,2024-12-12,F03,F02,P061,79.0,EU to EU Internal
STO04095,2024-12-19,F03,F02,P062,11.0,EU to EU Internal
STO04096,2024-12-13,F03,F02,P063,28.0,EU to EU Internal
STO04097,2024-12-12,F03,F02,P064,29.0,EU to EU Internal
STO04098,2024-12-13,F03,F02,P065,101.0,EU to EU Internal
STO04099,2024-12-21,F03,F02,P067,6.0,EU to EU Internal
STO04100,2024-12-18,F03,F02,P068,14.0,EU to EU Internal
STO04101,2024-12-23,F03,F02,P069,86.0,EU to EU Internal
STO04102,2024-12-22,F03,F02,P070,141.0,EU to EU Internal
STO04103,2024-12-21,F03,F02,P071,52.0,EU to EU Internal
STO04104,2024-12-18,F03,F02,P072,6.0,EU to EU Internal
STO04105,2024-12-14,F03,F02,P073,11.0,EU to EU Internal
STO04106,2024-12-18,F03,F02,P074,9.0,EU to EU Internal
STO04107,2024-12-11,F03,F02,P075,32.0,EU to EU Internal
STO04108,2024-12-23,F03,F02,P076,24.0,EU to EU Internal
STO04109,2024-12-17,F03,F02,P077,79.0,EU to EU Internal
STO04110,2024-12-18,F03,F02,P079,73.0,EU to EU Internal
STO04111,2024-12-23,F03,F02,P080,7.0,EU to EU Internal
STO04112,2024-12-17,F03,F02,P081,70.0,EU to EU Internal
STO04113,2024-12-16,F03,F02,P082,34.0,EU to EU Internal
STO04114,2024-12-19,F03,F02,P083,5.0,EU to EU Internal
STO04115,2024-12-23,F03,F02,P084,7.0,EU to EU Internal
STO04116,2024-12-13,F03,F02,P085,51.0,EU to EU Internal
STO04117,2024-12-15,F03,F02,P086,54.0,EU to EU Internal
STO04118,2024-12-21,F03,F02,P087,104.0,EU to EU Internal
STO04119,2024-12-15,F03,F02,P088,40.0,EU to EU Internal
STO04120,2024-12-16,F03,F02,P089,87.0,EU to EU Internal
STO04121,2024-12-11,F03,F02,P091,20.0,EU to EU Internal
STO04122,2024-12-18,F03,F02,P092,97.0,EU to EU Internal
STO04123,2024-12-17,F03,F02,P093,16.0,EU to EU Internal
STO04124,2024-12-12,F03,F02,P094,53.0,EU to EU Internal
STO04125,2024-12-21,F03,F02,P095,52.0,EU to EU Internal
STO04126,2024-12-14,F03,F02,P096,26.0,EU to EU Internal
STO04127,2024-12-15,F03,F02,P097,90.0,EU to EU Internal
STO04128,2024-12-16,F03,F02,P098,7.0,EU to EU Internal
STO04129,2024-12-21,F03,F02,P099,9.0,EU to EU Internal
STO04130,2024-12-16,F03,F02,P100,24.0,EU to EU Internal
STO04131,2024-12-23,F03,F04,P001,70.0,EU to EU Internal
STO04132,2024-12-22,F03,F04,P002,57.0,EU to EU Internal
STO04133,2024-12-19,F03,F04,P003,107.0,EU to EU Internal
STO04134,2024-12-24,F03,F04,P004,109.0,EU to EU Internal
STO04135,2024-12-22,F03,F04,P005,76.0,EU to EU Internal
STO04136,2024-12-23,F03,F04,P006,21.0,EU to EU Internal
STO04137,2024-12-21,F03,F04,P007,9.0,EU to EU Internal
STO04138,2024-12-19,F03,F04,P008,6.0,EU to EU Internal
STO04139,2024-12-11,F03,F04,P009,31.0,EU to EU Internal
STO04140,2024-12-21,F03,F04,P010,45.0,EU to EU Internal
STO04141,2024-12-19,F03,F04,P011,12.0,EU to EU Internal
STO04142,2024-12-20,F03,F04,P012,34.0,EU to EU Internal
STO04143,2024-12-13,F03,F04,P013,135.0,EU to EU Internal
STO04144,2024-12-13,F03,F04,P014,70.0,EU to EU Internal
STO04145,2024-12-14,F03,F04,P015,171.0,EU to EU Internal
STO04146,2024-12-23,F03,F04,P016,143.0,EU to EU Internal
STO04147,2024-12-18,F03,F04,P018,91.0,EU to EU Internal
STO04148,2024-12-17,F03,F04,P019,116.0,EU to EU Internal
STO04149,2024-12-14,F03,F04,P020,120.0,EU to EU Internal
STO04150,2024-12-20,F03,F04,P021,46.0,EU to EU Internal
STO04151,2024-12-22,F03,F04,P022,122.0,EU to EU Internal
STO04152,2024-12-19,F03,F04,P023,54.0,EU to EU Internal
STO04153,2024-12-22,F03,F04,P024,29.0,EU to EU Internal
STO04154,2024-12-17,F03,F04,P025,21.0,EU to EU Internal
STO04155,2024-12-14,F03,F04,P026,58.0,EU to EU Internal
STO04156,2024-12-21,F03,F04,P027,164.0,EU to EU Internal
STO04157,2024-12-11,F03,F04,P028,167.0,EU to EU Internal
STO04158,2024-12-12,F03,F04,P029,119.0,EU to EU Internal
STO04159,2024-12-18,F03,F04,P030,241.0,EU to EU Internal
STO04160,2024-12-13,F03,F04,P031,96.0,EU to EU Internal
STO04161,2024-12-18,F03,F04,P032,108.0,EU to EU Internal
STO04162,2024-12-20,F03,F04,P033,12.0,EU to EU Internal
STO04163,2024-12-22,F03,F04,P034,55.0,EU to EU Internal
STO04164,2024-12-14,F03,F04,P035,55.0,EU to EU Internal
STO04165,2024-12-23,F03,F04,P036,92.0,EU to EU Internal
STO04166,2024-12-12,F03,F04,P037,67.0,EU to EU Internal
STO04167,2024-12-11,F03,F04,P038,63.0,EU to EU Internal
STO04168,2024-12-18,F03,F04,P039,48.0,EU to EU Internal
STO04169,2024-12-22,F03,F04,P040,122.0,EU to EU Internal
STO04170,2024-12-22,F03,F04,P041,16.0,EU to EU Internal
STO04171,2024-12-16,F03,F04,P042,97.0,EU to EU Internal
STO04172,2024-12-18,F03,F04,P043,110.0,EU to EU Internal
STO04173,2024-12-14,F03,F04,P044,49.0,EU to EU Internal
STO04174,2024-12-20,F03,F04,P045,77.0,EU to EU Internal
STO04175,2024-12-18,F03,F04,P046,169.0,EU to EU Internal
STO04176,2024-12-16,F03,F04,P047,95.0,EU to EU Internal
STO04177,2024-12-22,F03,F04,P048,34.0,EU to EU Internal
STO04178,2024-12-13,F03,F04,P049,25.0,EU to EU Internal
STO04179,2024-12-17,F03,F04,P050,147.0,EU to EU Internal
STO04180,2024-12-14,F03,F04,P051,275.0,EU to EU Internal
STO04181,2024-12-12,F03,F04,P052,168.0,EU to EU Internal
STO04182,2024-12-18,F03,F04,P053,110.0,EU to EU Internal
STO04183,2024-12-23,F03,F04,P054,66.0,EU to EU Internal
STO04184,2024-12-23,F03,F04,P055,35.0,EU to EU Internal
STO04185,2024-12-14,F03,F04,P056,134.0,EU to EU Internal
STO04186,2024-12-12,F03,F04,P057,101.0,EU to EU Internal
STO04187,2024-12-24,F03,F04,P058,108.0,EU to EU Internal
STO04188,2024-12-20,F03,F04,P059,88.0,EU to EU Internal
STO04189,2024-12-16,F03,F04,P060,24.0,EU to EU Internal
STO04190,2024-12-11,F03,F04,P061,154.0,EU to EU Internal
STO04191,2024-12-21,F03,F04,P062,74.0,EU to EU Internal
STO04192,2024-12-21,F03,F04,P063,131.0,EU to EU Internal
STO04193,2024-12-11,F03,F04,P064,66.0,EU to EU Internal
STO04194,2024-12-20,F03,F04,P065,94.0,EU to EU Internal
STO04195,2024-12-14,F03,F04,P066,8.0,EU to EU Internal
STO04196,2024-12-17,F03,F04,P067,12.0,EU to EU Internal
STO04197,2024-12-22,F03,F04,P068,8.0,EU to EU Internal
STO04198,2024-12-21,F03,F04,P069,34.0,EU to EU Internal
STO04199,2024-12-18,F03,F04,P070,8.0,EU to EU Internal
STO04200,2024-12-24,F03,F04,P071,116.0,EU to EU Internal
STO04201,2024-12-16,F03,F04,P072,69.0,EU to EU Internal
STO04202,2024-12-13,F03,F04,P073,138.0,EU to EU Internal
STO04203,2024-12-23,F03,F04,P074,22.0,EU to EU Internal
STO04204,2024-12-21,F03,F04,P075,60.0,EU to EU Internal
STO04205,2024-12-23,F03,F04,P076,39.0,EU to EU Internal
STO04206,2024-12-16,F03,F04,P077,138.0,EU to EU Internal
STO04207,2024-12-19,F03,F04,P078,29.0,EU to EU Internal
STO04208,2024-12-18,F03,F04,P079,83.0,EU to EU Internal
STO04209,2024-12-24,F03,F04,P080,20.0,EU to EU Internal
STO04210,2024-12-12,F03,F04,P081,142.0,EU to EU Internal
STO04211,2024-12-13,F03,F04,P082,178.0,EU to EU Internal
STO04212,2024-12-15,F03,F04,P083,15.0,EU to EU Internal
STO04213,2024-12-14,F03,F04,P084,110.0,EU to EU Internal
STO04214,2024-12-24,F03,F04,P085,172.0,EU to EU Internal
STO04215,2024-12-23,F03,F04,P086,18.0,EU to EU Internal
STO04216,2024-12-15,F03,F04,P087,126.0,EU to EU Internal
STO04217,2024-12-18,F03,F04,P088,55.0,EU to EU Internal
STO04218,2024-12-16,F03,F04,P089,8.0,EU to EU Internal
STO04219,2024-12-15,F03,F04,P091,96.0,EU to EU Internal
STO04220,2024-12-21,F03,F04,P092,120.0,EU to EU Internal
STO04221,2024-12-17,F03,F04,P093,115.0,EU to EU Internal
STO04222,2024-12-16,F03,F04,P094,242.0,EU to EU Internal
STO04223,2024-12-14,F03,F04,P095,57.0,EU to EU Internal
STO04224,2024-12-13,F03,F04,P096,33.0,EU to EU Internal
STO04225,2024-12-16,F03,F04,P097,318.0,EU to EU Internal
STO04226,2024-12-13,F03,F04,P098,203.0,EU to EU Internal
STO04227,2024-12-13,F03,F04,P099,196.0,EU to EU Internal
STO04228,2024-12-11,F03,F04,P100,11.0,EU to EU Internal
STO04229,2024-12-18,F01,F05,P002,8.0,EU to EU Internal
STO04230,2024-12-13,F01,F05,P003,13.0,EU to EU Internal
STO04231,2024-12-13,F01,F05,P005,52.0,EU to EU Internal
STO04232,2024-12-19,F01,F05,P007,10.0,EU to EU Internal
STO04233,2024-12-18,F01,F05,P008,14.0,EU to EU Internal
STO04234,2024-12-15,F01,F05,P009,49.0,EU to EU Internal
STO04235,2024-12-12,F01,F05,P010,14.0,EU to EU Internal
STO04236,2024-12-23,F01,F05,P011,103.0,EU to EU Internal
STO04237,2024-12-12,F01,F05,P012,41.0,EU to EU Internal
STO04238,2024-12-17,F01,F05,P014,4.0,EU to EU Internal
STO04239,2024-12-19,F01,F05,P015,151.0,EU to EU Internal
STO04240,2024-12-18,F01,F05,P017,7.0,EU to EU Internal
STO04241,2024-12-23,F01,F05,P018,38.0,EU to EU Internal
STO04242,2024-12-17,F01,F05,P019,33.0,EU to EU Internal
STO04243,2024-12-12,F01,F05,P020,54.0,EU to EU Internal
STO04244,2024-12-11,F01,F05,P021,42.0,EU to EU Internal
STO04245,2024-12-13,F01,F05,P022,20.0,EU to EU Internal
STO04246,2024-12-23,F01,F05,P023,53.0,EU to EU Internal
STO04247,2024-12-22,F01,F05,P024,21.0,EU to EU Internal
STO04248,2024-12-20,F01,F05,P025,31.0,EU to EU Internal
STO04249,2024-12-14,F01,F05,P026,16.0,EU to EU Internal
STO04250,2024-12-20,F01,F05,P028,34.0,EU to EU Internal
STO04251,2024-12-19,F01,F05,P029,1.0,EU to EU Internal
STO04252,2024-12-13,F01,F05,P030,32.0,EU to EU Internal
STO04253,2024-12-21,F01,F05,P032,5.0,EU to EU Internal
STO04254,2024-12-11,F01,F05,P034,37.0,EU to EU Internal
STO04255,2024-12-21,F01,F05,P035,9.0,EU to EU Internal
STO04256,2024-12-13,F01,F05,P037,13.0,EU to EU Internal
STO04257,2024-12-20,F01,F05,P038,11.0,EU to EU Internal
STO04258,2024-12-15,F01,F05,P039,42.0,EU to EU Internal
STO04259,2024-12-23,F01,F05,P041,12.0,EU to EU Internal
STO04260,2024-12-19,F01,F05,P042,5.0,EU to EU Internal
STO04261,2024-12-12,F01,F05,P043,25.0,EU to EU Internal
STO04262,2024-12-15,F01,F05,P044,23.0,EU to EU Internal
STO04263,2024-12-19,F01,F05,P045,38.0,EU to EU Internal
STO04264,2024-12-15,F01,F05,P046,109.0,EU to EU Internal
STO04265,2024-12-24,F01,F05,P047,6.0,EU to EU Internal
STO04266,2024-12-15,F01,F05,P048,29.0,EU to EU Internal
STO04267,2024-12-18,F01,F05,P049,4.0,EU to EU Internal
STO04268,2024-12-12,F01,F05,P050,21.0,EU to EU Internal
STO04269,2024-12-12,F01,F05,P051,37.0,EU to EU Internal
STO04270,2024-12-13,F01,F05,P052,12.0,EU to EU Internal
STO04271,2024-12-20,F01,F05,P055,13.0,EU to EU Internal
STO04272,2024-12-15,F01,F05,P056,35.0,EU to EU Internal
STO04273,2024-12-24,F01,F05,P057,30.0,EU to EU Internal
STO04274,2024-12-14,F01,F05,P059,91.0,EU to EU Internal
STO04275,2024-12-19,F01,F05,P061,76.0,EU to EU Internal
STO04276,2024-12-23,F01,F05,P062,10.0,EU to EU Internal
STO04277,2024-12-24,F01,F05,P063,21.0,EU to EU Internal
STO04278,2024-12-19,F01,F05,P064,18.0,EU to EU Internal
STO04279,2024-12-15,F01,F05,P065,12.0,EU to EU Internal
STO04280,2024-12-14,F01,F05,P067,35.0,EU to EU Internal
STO04281,2024-12-13,F01,F05,P069,31.0,EU to EU Internal
STO04282,2024-12-18,F01,F05,P070,21.0,EU to EU Internal
STO04283,2024-12-11,F01,F05,P071,10.0,EU to EU Internal
STO04284,2024-12-17,F01,F05,P072,11.0,EU to EU Internal
STO04285,2024-12-12,F01,F05,P073,33.0,EU to EU Internal
STO04286,2024-12-14,F01,F05,P076,5.0,EU to EU Internal
STO04287,2024-12-24,F01,F05,P077,8.0,EU to EU Internal
STO04288,2024-12-12,F01,F05,P079,14.0,EU to EU Internal
STO04289,2024-12-24,F01,F05,P080,10.0,EU to EU Internal
STO04290,2024-12-22,F01,F05,P081,76.0,EU to EU Internal
STO04291,2024-12-18,F01,F05,P083,15.0,EU to EU Internal
STO04292,2024-12-24,F01,F05,P084,32.0,EU to EU Internal
STO04293,2024-12-15,F01,F05,P085,16.0,EU to EU Internal
STO04294,2024-12-11,F01,F05,P086,15.0,EU to EU Internal
STO04295,2024-12-18,F01,F05,P087,53.0,EU to EU Internal
STO04296,2024-12-16,F01,F05,P089,90.0,EU to EU Internal
STO04297,2024-12-13,F01,F05,P090,16.0,EU to EU Internal
STO04298,2024-12-11,F01,F05,P091,39.0,EU to EU Internal
STO04299,2024-12-13,F01,F05,P092,46.0,EU to EU Internal
STO04300,2024-12-16,F01,F05,P093,74.0,EU to EU Internal
STO04301,2024-12-21,F01,F05,P094,10.0,EU to EU Internal
STO04302,2024-12-17,F01,F05,P095,3.0,EU to EU Internal
STO04303,2024-12-19,F01,F05,P096,17.0,EU to EU Internal
STO04304,2024-12-12,F01,F05,P097,36.0,EU to EU Internal
STO04305,2024-12-20,F01,F06,P001,90.0,EU to EU Internal
STO04306,2024-12-19,F01,F06,P002,34.0,EU to EU Internal
STO04307,2024-12-14,F01,F06,P003,15.0,EU to EU Internal
STO04308,2024-12-22,F01,F06,P004,78.0,EU to EU Internal
STO04309,2024-12-12,F01,F06,P005,116.0,EU to EU Internal
STO04310,2024-12-11,F01,F06,P006,18.0,EU to EU Internal
STO04311,2024-12-22,F01,F06,P007,34.0,EU to EU Internal
STO04312,2024-12-24,F01,F06,P008,65.0,EU to EU Internal
STO04313,2024-12-15,F01,F06,P009,103.0,EU to EU Internal
STO04314,2024-12-18,F01,F06,P010,38.0,EU to EU Internal
STO04315,2024-12-12,F01,F06,P011,80.0,EU to EU Internal
STO04316,2024-12-15,F01,F06,P012,15.0,EU to EU Internal
STO04317,2024-12-24,F01,F06,P013,18.0,EU to EU Internal
STO04318,2024-12-22,F01,F06,P014,23.0,EU to EU Internal
STO04319,2024-12-12,F01,F06,P016,75.0,EU to EU Internal
STO04320,2024-12-12,F01,F06,P017,55.0,EU to EU Internal
STO04321,2024-12-14,F01,F06,P018,62.0,EU to EU Internal
STO04322,2024-12-24,F01,F06,P019,75.0,EU to EU Internal
STO04323,2024-12-12,F01,F06,P020,63.0,EU to EU Internal
STO04324,2024-12-13,F01,F06,P021,80.0,EU to EU Internal
STO04325,2024-12-11,F01,F06,P022,31.0,EU to EU Internal
STO04326,2024-12-23,F01,F06,P023,44.0,EU to EU Internal
STO04327,2024-12-21,F01,F06,P024,16.0,EU to EU Internal
STO04328,2024-12-19,F01,F06,P025,23.0,EU to EU Internal
STO04329,2024-12-22,F01,F06,P026,25.0,EU to EU Internal
STO04330,2024-12-16,F01,F06,P027,69.0,EU to EU Internal
STO04331,2024-12-18,F01,F06,P028,44.0,EU to EU Internal
STO04332,2024-12-22,F01,F06,P029,47.0,EU to EU Internal
STO04333,2024-12-16,F01,F06,P030,64.0,EU to EU Internal
STO04334,2024-12-18,F01,F06,P031,101.0,EU to EU Internal
STO04335,2024-12-14,F01,F06,P032,41.0,EU to EU Internal
STO04336,2024-12-14,F01,F06,P033,82.0,EU to EU Internal
STO04337,2024-12-18,F01,F06,P034,16.0,EU to EU Internal
STO04338,2024-12-24,F01,F06,P035,24.0,EU to EU Internal
STO04339,2024-12-11,F01,F06,P036,19.0,EU to EU Internal
STO04340,2024-12-19,F01,F06,P037,45.0,EU to EU Internal
STO04341,2024-12-16,F01,F06,P038,73.0,EU to EU Internal
STO04342,2024-12-21,F01,F06,P039,69.0,EU to EU Internal
STO04343,2024-12-20,F01,F06,P040,52.0,EU to EU Internal
STO04344,2024-12-20,F01,F06,P041,34.0,EU to EU Internal
STO04345,2024-12-11,F01,F06,P042,43.0,EU to EU Internal
STO04346,2024-12-21,F01,F06,P044,59.0,EU to EU Internal
STO04347,2024-12-11,F01,F06,P045,56.0,EU to EU Internal
STO04348,2024-12-18,F01,F06,P046,57.0,EU to EU Internal
STO04349,2024-12-13,F01,F06,P047,63.0,EU to EU Internal
STO04350,2024-12-23,F01,F06,P048,57.0,EU to EU Internal
STO04351,2024-12-24,F01,F06,P049,18.0,EU to EU Internal
STO04352,2024-12-21,F01,F06,P050,115.0,EU to EU Internal
STO04353,2024-12-11,F01,F06,P051,60.0,EU to EU Internal
STO04354,2024-12-15,F01,F06,P052,43.0,EU to EU Internal
STO04355,2024-12-20,F01,F06,P053,44.0,EU to EU Internal
STO04356,2024-12-12,F01,F06,P054,27.0,EU to EU Internal
STO04357,2024-12-18,F01,F06,P055,21.0,EU to EU Internal
STO04358,2024-12-11,F01,F06,P056,28.0,EU to EU Internal
STO04359,2024-12-24,F01,F06,P057,77.0,EU to EU Internal
STO04360,2024-12-14,F01,F06,P058,63.0,EU to EU Internal
STO04361,2024-12-21,F01,F06,P059,84.0,EU to EU Internal
STO04362,2024-12-20,F01,F06,P060,45.0,EU to EU Internal
STO04363,2024-12-19,F01,F06,P061,84.0,EU to EU Internal
STO04364,2024-12-23,F01,F06,P062,32.0,EU to EU Internal
STO04365,2024-12-20,F01,F06,P063,56.0,EU to EU Internal
STO04366,2024-12-17,F01,F06,P064,73.0,EU to EU Internal
STO04367,2024-12-15,F01,F06,P065,34.0,EU to EU Internal
STO04368,2024-12-13,F01,F06,P066,23.0,EU to EU Internal
STO04369,2024-12-13,F01,F06,P067,48.0,EU to EU Internal
STO04370,2024-12-19,F01,F06,P068,70.0,EU to EU Internal
STO04371,2024-12-11,F01,F06,P069,19.0,EU to EU Internal
STO04372,2024-12-19,F01,F06,P070,23.0,EU to EU Internal
STO04373,2024-12-24,F01,F06,P071,26.0,EU to EU Internal
STO04374,2024-12-24,F01,F06,P072,78.0,EU to EU Internal
STO04375,2024-12-14,F01,F06,P073,126.0,EU to EU Internal
STO04376,2024-12-22,F01,F06,P074,41.0,EU to EU Internal
STO04377,2024-12-21,F01,F06,P075,26.0,EU to EU Internal
STO04378,2024-12-17,F01,F06,P076,40.0,EU to EU Internal
STO04379,2024-12-17,F01,F06,P077,89.0,EU to EU Internal
STO04380,2024-12-14,F01,F06,P078,44.0,EU to EU Internal
STO04381,2024-12-20,F01,F06,P079,36.0,EU to EU Internal
STO04382,2024-12-19,F01,F06,P080,41.0,EU to EU Internal
STO04383,2024-12-17,F01,F06,P081,118.0,EU to EU Internal
STO04384,2024-12-19,F01,F06,P082,60.0,EU to EU Internal
STO04385,2024-12-18,F01,F06,P083,38.0,EU to EU Internal
STO04386,2024-12-19,F01,F06,P084,29.0,EU to EU Internal
STO04387,2024-12-20,F01,F06,P085,47.0,EU to EU Internal
STO04388,2024-12-18,F01,F06,P086,77.0,EU to EU Internal
STO04389,2024-12-17,F01,F06,P087,47.0,EU to EU Internal
STO04390,2024-12-21,F01,F06,P088,21.0,EU to EU Internal
STO04391,2024-12-24,F01,F06,P089,72.0,EU to EU Internal
STO04392,2024-12-19,F01,F06,P090,18.0,EU to EU Internal
STO04393,2024-12-16,F01,F06,P091,29.0,EU to EU Internal
STO04394,2024-12-19,F01,F06,P092,61.0,EU to EU Internal
STO04395,2024-12-13,F01,F06,P093,87.0,EU to EU Internal
STO04396,2024-12-19,F01,F06,P094,132.0,EU to EU Internal
STO04397,2024-12-13,F01,F06,P095,60.0,EU to EU Internal
STO04398,2024-12-20,F01,F06,P096,36.0,EU to EU Internal
STO04399,2024-12-20,F01,F06,P097,103.0,EU to EU Internal
STO04400,2024-12-18,F01,F06,P098,53.0,EU to EU Internal
STO04401,2024-12-17,F01,F06,P099,29.0,EU to EU Internal
STO04402,2024-12-14,F01,F06,P100,42.0,EU to EU Internal
STO04403,2025-01-15,F03,F02,P001,55.0,EU to EU Internal
STO04404,2025-01-20,F03,F02,P002,32.0,EU to EU Internal
STO04405,2025-01-12,F03,F02,P003,63.0,EU to EU Internal
STO04406,2025-01-14,F03,F02,P004,110.0,EU to EU Internal
STO04407,2025-01-24,F03,F02,P005,104.0,EU to EU Internal
STO04408,2025-01-15,F03,F02,P006,7.0,EU to EU Internal
STO04409,2025-01-20,F03,F02,P008,57.0,EU to EU Internal
STO04410,2025-01-18,F03,F02,P009,18.0,EU to EU Internal
STO04411,2025-01-12,F03,F02,P010,70.0,EU to EU Internal
STO04412,2025-01-14,F03,F02,P011,21.0,EU to EU Internal
STO04413,2025-01-16,F03,F02,P012,10.0,EU to EU Internal
STO04414,2025-01-20,F03,F02,P013,19.0,EU to EU Internal
STO04415,2025-01-16,F03,F02,P014,100.0,EU to EU Internal
STO04416,2025-01-21,F03,F02,P015,14.0,EU to EU Internal
STO04417,2025-01-19,F03,F02,P016,151.0,EU to EU Internal
STO04418,2025-01-16,F03,F02,P017,5.0,EU to EU Internal
STO04419,2025-01-12,F03,F02,P018,59.0,EU to EU Internal
STO04420,2025-01-14,F03,F02,P019,77.0,EU to EU Internal
STO04421,2025-01-17,F03,F02,P020,21.0,EU to EU Internal
STO04422,2025-01-13,F03,F02,P021,28.0,EU to EU Internal
STO04423,2025-01-19,F03,F02,P022,32.0,EU to EU Internal
STO04424,2025-01-17,F03,F02,P023,40.0,EU to EU Internal
STO04425,2025-01-14,F03,F02,P024,26.0,EU to EU Internal
STO04426,2025-01-20,F03,F02,P026,35.0,EU to EU Internal
STO04427,2025-01-16,F03,F02,P027,68.0,EU to EU Internal
STO04428,2025-01-16,F03,F02,P028,42.0,EU to EU Internal
STO04429,2025-01-13,F03,F02,P029,68.0,EU to EU Internal
STO04430,2025-01-23,F03,F02,P030,42.0,EU to EU Internal
STO04431,2025-01-13,F03,F02,P031,153.0,EU to EU Internal
STO04432,2025-01-20,F03,F02,P032,5.0,EU to EU Internal
STO04433,2025-01-15,F03,F02,P033,6.0,EU to EU Internal
STO04434,2025-01-11,F03,F02,P034,46.0,EU to EU Internal
STO04435,2025-01-19,F03,F02,P035,22.0,EU to EU Internal
STO04436,2025-01-21,F03,F02,P036,117.0,EU to EU Internal
STO04437,2025-01-12,F03,F02,P037,20.0,EU to EU Internal
STO04438,2025-01-11,F03,F02,P038,144.0,EU to EU Internal
STO04439,2025-01-21,F03,F02,P039,14.0,EU to EU Internal
STO04440,2025-01-13,F03,F02,P040,8.0,EU to EU Internal
STO04441,2025-01-23,F03,F02,P041,20.0,EU to EU Internal
STO04442,2025-01-12,F03,F02,P042,58.0,EU to EU Internal
STO04443,2025-01-20,F03,F02,P043,90.0,EU to EU Internal
STO04444,2025-01-19,F03,F02,P044,11.0,EU to EU Internal
STO04445,2025-01-17,F03,F02,P045,40.0,EU to EU Internal
STO04446,2025-01-19,F03,F02,P046,52.0,EU to EU Internal
STO04447,2025-01-24,F03,F02,P047,105.0,EU to EU Internal
STO04448,2025-01-11,F03,F02,P048,36.0,EU to EU Internal
STO04449,2025-01-14,F03,F02,P049,13.0,EU to EU Internal
STO04450,2025-01-12,F03,F02,P050,22.0,EU to EU Internal
STO04451,2025-01-11,F03,F02,P051,23.0,EU to EU Internal
STO04452,2025-01-24,F03,F02,P052,16.0,EU to EU Internal
STO04453,2025-01-19,F03,F02,P053,44.0,EU to EU Internal
STO04454,2025-01-11,F03,F02,P054,29.0,EU to EU Internal
STO04455,2025-01-21,F03,F02,P055,8.0,EU to EU Internal
STO04456,2025-01-11,F03,F02,P056,38.0,EU to EU Internal
STO04457,2025-01-12,F03,F02,P057,98.0,EU to EU Internal
STO04458,2025-01-11,F03,F02,P058,24.0,EU to EU Internal
STO04459,2025-01-19,F03,F02,P059,29.0,EU to EU Internal
STO04460,2025-01-23,F03,F02,P060,34.0,EU to EU Internal
STO04461,2025-01-17,F03,F02,P061,60.0,EU to EU Internal
STO04462,2025-01-23,F03,F02,P062,66.0,EU to EU Internal
STO04463,2025-01-11,F03,F02,P063,132.0,EU to EU Internal
STO04464,2025-01-21,F03,F02,P064,21.0,EU to EU Internal
STO04465,2025-01-15,F03,F02,P065,102.0,EU to EU Internal
STO04466,2025-01-16,F03,F02,P067,7.0,EU to EU Internal
STO04467,2025-01-13,F03,F02,P068,8.0,EU to EU Internal
STO04468,2025-01-21,F03,F02,P069,70.0,EU to EU Internal
STO04469,2025-01-21,F03,F02,P070,99.0,EU to EU Internal
STO04470,2025-01-23,F03,F02,P071,53.0,EU to EU Internal
STO04471,2025-01-16,F03,F02,P072,26.0,EU to EU Internal
STO04472,2025-01-14,F03,F02,P073,10.0,EU to EU Internal
STO04473,2025-01-24,F03,F02,P074,25.0,EU to EU Internal
STO04474,2025-01-15,F03,F02,P075,48.0,EU to EU Internal
STO04475,2025-01-12,F03,F02,P076,30.0,EU to EU Internal
STO04476,2025-01-22,F03,F02,P077,88.0,EU to EU Internal
STO04477,2025-01-16,F03,F02,P079,73.0,EU to EU Internal
STO04478,2025-01-13,F03,F02,P080,5.0,EU to EU Internal
STO04479,2025-01-17,F03,F02,P081,106.0,EU to EU Internal
STO04480,2025-01-12,F03,F02,P082,49.0,EU to EU Internal
STO04481,2025-01-22,F03,F02,P083,1.0,EU to EU Internal
STO04482,2025-01-14,F03,F02,P084,8.0,EU to EU Internal
STO04483,2025-01-13,F03,F02,P085,48.0,EU to EU Internal
STO04484,2025-01-15,F03,F02,P086,30.0,EU to EU Internal
STO04485,2025-01-23,F03,F02,P087,64.0,EU to EU Internal
STO04486,2025-01-24,F03,F02,P088,34.0,EU to EU Internal
STO04487,2025-01-11,F03,F02,P089,43.0,EU to EU Internal
STO04488,2025-01-24,F03,F02,P091,22.0,EU to EU Internal
STO04489,2025-01-13,F03,F02,P092,77.0,EU to EU Internal
STO04490,2025-01-23,F03,F02,P093,52.0,EU to EU Internal
STO04491,2025-01-24,F03,F02,P094,58.0,EU to EU Internal
STO04492,2025-01-22,F03,F02,P095,71.0,EU to EU Internal
STO04493,2025-01-17,F03,F02,P096,46.0,EU to EU Internal
STO04494,2025-01-18,F03,F02,P097,76.0,EU to EU Internal
STO04495,2025-01-23,F03,F02,P098,21.0,EU to EU Internal
STO04496,2025-01-21,F03,F02,P099,15.0,EU to EU Internal
STO04497,2025-01-24,F03,F02,P100,39.0,EU to EU Internal
STO04498,2025-01-24,F03,F04,P001,80.0,EU to EU Internal
STO04499,2025-01-18,F03,F04,P002,92.0,EU to EU Internal
STO04500,2025-01-21,F03,F04,P003,83.0,EU to EU Internal
STO04501,2025-01-23,F03,F04,P004,165.0,EU to EU Internal
STO04502,2025-01-23,F03,F04,P005,70.0,EU to EU Internal
STO04503,2025-01-22,F03,F04,P006,24.0,EU to EU Internal
STO04504,2025-01-23,F03,F04,P007,25.0,EU to EU Internal
STO04505,2025-01-15,F03,F04,P008,17.0,EU to EU Internal
STO04506,2025-01-21,F03,F04,P009,33.0,EU to EU Internal
STO04507,2025-01-20,F03,F04,P010,50.0,EU to EU Internal
STO04508,2025-01-17,F03,F04,P011,31.0,EU to EU Internal
STO04509,2025-01-15,F03,F04,P012,17.0,EU to EU Internal
STO04510,2025-01-15,F03,F04,P013,149.0,EU to EU Internal
STO04511,2025-01-14,F03,F04,P014,65.0,EU to EU Internal
STO04512,2025-01-20,F03,F04,P015,130.0,EU to EU Internal
STO04513,2025-01-14,F03,F04,P016,95.0,EU to EU Internal
STO04514,2025-01-17,F03,F04,P018,104.0,EU to EU Internal
STO04515,2025-01-21,F03,F04,P019,104.0,EU to EU Internal
STO04516,2025-01-20,F03,F04,P020,97.0,EU to EU Internal
STO04517,2025-01-20,F03,F04,P021,40.0,EU to EU Internal
STO04518,2025-01-22,F03,F04,P022,104.0,EU to EU Internal
STO04519,2025-01-14,F03,F04,P023,101.0,EU to EU Internal
STO04520,2025-01-20,F03,F04,P024,24.0,EU to EU Internal
STO04521,2025-01-20,F03,F04,P025,22.0,EU to EU Internal
STO04522,2025-01-15,F03,F04,P026,69.0,EU to EU Internal
STO04523,2025-01-17,F03,F04,P027,188.0,EU to EU Internal
STO04524,2025-01-21,F03,F04,P028,116.0,EU to EU Internal
STO04525,2025-01-21,F03,F04,P029,77.0,EU to EU Internal
STO04526,2025-01-18,F03,F04,P030,173.0,EU to EU Internal
STO04527,2025-01-23,F03,F04,P031,47.0,EU to EU Internal
STO04528,2025-01-21,F03,F04,P032,156.0,EU to EU Internal
STO04529,2025-01-11,F03,F04,P033,16.0,EU to EU Internal
STO04530,2025-01-24,F03,F04,P034,54.0,EU to EU Internal
STO04531,2025-01-16,F03,F04,P035,43.0,EU to EU Internal
STO04532,2025-01-15,F03,F04,P036,130.0,EU to EU Internal
STO04533,2025-01-20,F03,F04,P037,68.0,EU to EU Internal
STO04534,2025-01-13,F03,F04,P038,86.0,EU to EU Internal
STO04535,2025-01-14,F03,F04,P039,40.0,EU to EU Internal
STO04536,2025-01-22,F03,F04,P040,57.0,EU to EU Internal
STO04537,2025-01-22,F03,F04,P041,9.0,EU to EU Internal
STO04538,2025-01-12,F03,F04,P042,165.0,EU to EU Internal
STO04539,2025-01-14,F03,F04,P043,112.0,EU to EU Internal
STO04540,2025-01-20,F03,F04,P044,49.0,EU to EU Internal
STO04541,2025-01-15,F03,F04,P045,83.0,EU to EU Internal
STO04542,2025-01-23,F03,F04,P046,93.0,EU to EU Internal
STO04543,2025-01-13,F03,F04,P047,98.0,EU to EU Internal
STO04544,2025-01-14,F03,F04,P048,15.0,EU to EU Internal
STO04545,2025-01-14,F03,F04,P049,49.0,EU to EU Internal
STO04546,2025-01-23,F03,F04,P050,134.0,EU to EU Internal
STO04547,2025-01-17,F03,F04,P051,224.0,EU to EU Internal
STO04548,2025-01-13,F03,F04,P052,108.0,EU to EU Internal
STO04549,2025-01-15,F03,F04,P053,150.0,EU to EU Internal
STO04550,2025-01-17,F03,F04,P054,31.0,EU to EU Internal
STO04551,2025-01-13,F03,F04,P055,36.0,EU to EU Internal
STO04552,2025-01-12,F03,F04,P056,112.0,EU to EU Internal
STO04553,2025-01-20,F03,F04,P057,115.0,EU to EU Internal
STO04554,2025-01-11,F03,F04,P058,98.0,EU to EU Internal
STO04555,2025-01-14,F03,F04,P059,67.0,EU to EU Internal
STO04556,2025-01-21,F03,F04,P060,36.0,EU to EU Internal
STO04557,2025-01-20,F03,F04,P061,130.0,EU to EU Internal
STO04558,2025-01-21,F03,F04,P062,57.0,EU to EU Internal
STO04559,2025-01-14,F03,F04,P063,104.0,EU to EU Internal
STO04560,2025-01-12,F03,F04,P064,74.0,EU to EU Internal
STO04561,2025-01-22,F03,F04,P065,106.0,EU to EU Internal
STO04562,2025-01-16,F03,F04,P066,5.0,EU to EU Internal
STO04563,2025-01-21,F03,F04,P067,13.0,EU to EU Internal
STO04564,2025-01-11,F03,F04,P068,6.0,EU to EU Internal
STO04565,2025-01-11,F03,F04,P069,68.0,EU to EU Internal
STO04566,2025-01-11,F03,F04,P070,32.0,EU to EU Internal
STO04567,2025-01-16,F03,F04,P071,213.0,EU to EU Internal
STO04568,2025-01-20,F03,F04,P072,91.0,EU to EU Internal
STO04569,2025-01-17,F03,F04,P073,100.0,EU to EU Internal
STO04570,2025-01-22,F03,F04,P074,27.0,EU to EU Internal
STO04571,2025-01-18,F03,F04,P075,27.0,EU to EU Internal
STO04572,2025-01-17,F03,F04,P076,67.0,EU to EU Internal
STO04573,2025-01-14,F03,F04,P077,90.0,EU to EU Internal
STO04574,2025-01-21,F03,F04,P078,35.0,EU to EU Internal
STO04575,2025-01-23,F03,F04,P079,85.0,EU to EU Internal
STO04576,2025-01-16,F03,F04,P080,16.0,EU to EU Internal
STO04577,2025-01-20,F03,F04,P081,189.0,EU to EU Internal
STO04578,2025-01-20,F03,F04,P082,160.0,EU to EU Internal
STO04579,2025-01-17,F03,F04,P083,4.0,EU to EU Internal
STO04580,2025-01-18,F03,F04,P084,127.0,EU to EU Internal
STO04581,2025-01-24,F03,F04,P085,103.0,EU to EU Internal
STO04582,2025-01-16,F03,F04,P086,48.0,EU to EU Internal
STO04583,2025-01-11,F03,F04,P087,68.0,EU to EU Internal
STO04584,2025-01-11,F03,F04,P088,65.0,EU to EU Internal
STO04585,2025-01-19,F03,F04,P089,7.0,EU to EU Internal
STO04586,2025-01-17,F03,F04,P091,109.0,EU to EU Internal
STO04587,2025-01-18,F03,F04,P092,83.0,EU to EU Internal
STO04588,2025-01-21,F03,F04,P093,93.0,EU to EU Internal
STO04589,2025-01-16,F03,F04,P094,233.0,EU to EU Internal
STO04590,2025-01-12,F03,F04,P095,56.0,EU to EU Internal
STO04591,2025-01-23,F03,F04,P096,96.0,EU to EU Internal
STO04592,2025-01-23,F03,F04,P097,152.0,EU to EU Internal
STO04593,2025-01-11,F03,F04,P098,170.0,EU to EU Internal
STO04594,2025-01-19,F03,F04,P099,204.0,EU to EU Internal
STO04595,2025-01-21,F03,F04,P100,9.0,EU to EU Internal
STO04596,2025-01-22,F01,F05,P003,20.0,EU to EU Internal
STO04597,2025-01-20,F01,F05,P005,14.0,EU to EU Internal
STO04598,2025-01-22,F01,F05,P007,18.0,EU to EU Internal
STO04599,2025-01-13,F01,F05,P008,17.0,EU to EU Internal
STO04600,2025-01-18,F01,F05,P009,57.0,EU to EU Internal
STO04601,2025-01-21,F01,F05,P010,4.0,EU to EU Internal
STO04602,2025-01-13,F01,F05,P011,81.0,EU to EU Internal
STO04603,2025-01-11,F01,F05,P012,16.0,EU to EU Internal
STO04604,2025-01-22,F01,F05,P014,7.0,EU to EU Internal
STO04605,2025-01-15,F01,F05,P015,71.0,EU to EU Internal
STO04606,2025-01-12,F01,F05,P017,8.0,EU to EU Internal
STO04607,2025-01-19,F01,F05,P018,9.0,EU to EU Internal
STO04608,2025-01-11,F01,F05,P019,16.0,EU to EU Internal
STO04609,2025-01-20,F01,F05,P020,70.0,EU to EU Internal
STO04610,2025-01-19,F01,F05,P021,29.0,EU to EU Internal
STO04611,2025-01-18,F01,F05,P022,13.0,EU to EU Internal
STO04612,2025-01-14,F01,F05,P023,26.0,EU to EU Internal
STO04613,2025-01-21,F01,F05,P024,22.0,EU to EU Internal
STO04614,2025-01-24,F01,F05,P025,4.0,EU to EU Internal
STO04615,2025-01-14,F01,F05,P026,10.0,EU to EU Internal
STO04616,2025-01-12,F01,F05,P028,28.0,EU to EU Internal
STO04617,2025-01-15,F01,F05,P029,4.0,EU to EU Internal
STO04618,2025-01-19,F01,F05,P030,40.0,EU to EU Internal
STO04619,2025-01-20,F01,F05,P032,14.0,EU to EU Internal
STO04620,2025-01-17,F01,F05,P034,26.0,EU to EU Internal
STO04621,2025-01-19,F01,F05,P035,30.0,EU to EU Internal
STO04622,2025-01-21,F01,F05,P037,15.0,EU to EU Internal
STO04623,2025-01-17,F01,F05,P038,24.0,EU to EU Internal
STO04624,2025-01-11,F01,F05,P039,47.0,EU to EU Internal
STO04625,2025-01-11,F01,F05,P041,6.0,EU to EU Internal
STO04626,2025-01-19,F01,F05,P042,27.0,EU to EU Internal
STO04627,2025-01-14,F01,F05,P043,3.0,EU to EU Internal
STO04628,2025-01-24,F01,F05,P044,64.0,EU to EU Internal
STO04629,2025-01-16,F01,F05,P045,23.0,EU to EU Internal
STO04630,2025-01-13,F01,F05,P046,30.0,EU to EU Internal
STO04631,2025-01-19,F01,F05,P047,21.0,EU to EU Internal
STO04632,2025-01-13,F01,F05,P048,46.0,EU to EU Internal
STO04633,2025-01-20,F01,F05,P049,12.0,EU to EU Internal
STO04634,2025-01-24,F01,F05,P050,15.0,EU to EU Internal
STO04635,2025-01-20,F01,F05,P051,18.0,EU to EU Internal
STO04636,2025-01-23,F01,F05,P052,29.0,EU to EU Internal
STO04637,2025-01-14,F01,F05,P055,3.0,EU to EU Internal
STO04638,2025-01-14,F01,F05,P056,18.0,EU to EU Internal
STO04639,2025-01-14,F01,F05,P057,55.0,EU to EU Internal
STO04640,2025-01-17,F01,F05,P059,85.0,EU to EU Internal
STO04641,2025-01-21,F01,F05,P061,32.0,EU to EU Internal
STO04642,2025-01-14,F01,F05,P062,14.0,EU to EU Internal
STO04643,2025-01-12,F01,F05,P063,12.0,EU to EU Internal
STO04644,2025-01-24,F01,F05,P064,16.0,EU to EU Internal
STO04645,2025-01-17,F01,F05,P065,26.0,EU to EU Internal
STO04646,2025-01-23,F01,F05,P067,23.0,EU to EU Internal
STO04647,2025-01-23,F01,F05,P069,6.0,EU to EU Internal
STO04648,2025-01-21,F01,F05,P070,79.0,EU to EU Internal
STO04649,2025-01-22,F01,F05,P071,20.0,EU to EU Internal
STO04650,2025-01-22,F01,F05,P072,15.0,EU to EU Internal
STO04651,2025-01-18,F01,F05,P073,26.0,EU to EU Internal
STO04652,2025-01-20,F01,F05,P076,35.0,EU to EU Internal
STO04653,2025-01-17,F01,F05,P077,25.0,EU to EU Internal
STO04654,2025-01-18,F01,F05,P079,35.0,EU to EU Internal
STO04655,2025-01-21,F01,F05,P080,20.0,EU to EU Internal
STO04656,2025-01-20,F01,F05,P081,102.0,EU to EU Internal
STO04657,2025-01-17,F01,F05,P083,4.0,EU to EU Internal
STO04658,2025-01-15,F01,F05,P084,21.0,EU to EU Internal
STO04659,2025-01-15,F01,F05,P085,25.0,EU to EU Internal
STO04660,2025-01-17,F01,F05,P086,37.0,EU to EU Internal
STO04661,2025-01-23,F01,F05,P087,75.0,EU to EU Internal
STO04662,2025-01-12,F01,F05,P088,22.0,EU to EU Internal
STO04663,2025-01-18,F01,F05,P089,44.0,EU to EU Internal
STO04664,2025-01-14,F01,F05,P090,12.0,EU to EU Internal
STO04665,2025-01-20,F01,F05,P091,24.0,EU to EU Internal
STO04666,2025-01-14,F01,F05,P092,43.0,EU to EU Internal
STO04667,2025-01-20,F01,F05,P093,65.0,EU to EU Internal
STO04668,2025-01-11,F01,F05,P095,2.0,EU to EU Internal
STO04669,2025-01-22,F01,F05,P096,19.0,EU to EU Internal
STO04670,2025-01-17,F01,F05,P097,139.0,EU to EU Internal
STO04671,2025-01-18,F01,F05,P099,6.0,EU to EU Internal
STO04672,2025-01-13,F01,F06,P001,71.0,EU to EU Internal
STO04673,2025-01-15,F01,F06,P002,39.0,EU to EU Internal
STO04674,2025-01-12,F01,F06,P003,13.0,EU to EU Internal
STO04675,2025-01-18,F01,F06,P004,140.0,EU to EU Internal
STO04676,2025-01-14,F01,F06,P005,57.0,EU to EU Internal
STO04677,2025-01-17,F01,F06,P006,40.0,EU to EU Internal
STO04678,2025-01-11,F01,F06,P007,42.0,EU to EU Internal
STO04679,2025-01-21,F01,F06,P008,41.0,EU to EU Internal
STO04680,2025-01-20,F01,F06,P009,72.0,EU to EU Internal
STO04681,2025-01-15,F01,F06,P010,74.0,EU to EU Internal
STO04682,2025-01-13,F01,F06,P011,109.0,EU to EU Internal
STO04683,2025-01-20,F01,F06,P012,39.0,EU to EU Internal
STO04684,2025-01-24,F01,F06,P013,1.0,EU to EU Internal
STO04685,2025-01-22,F01,F06,P014,50.0,EU to EU Internal
STO04686,2025-01-15,F01,F06,P015,43.0,EU to EU Internal
STO04687,2025-01-12,F01,F06,P016,97.0,EU to EU Internal
STO04688,2025-01-24,F01,F06,P017,31.0,EU to EU Internal
STO04689,2025-01-21,F01,F06,P018,45.0,EU to EU Internal
STO04690,2025-01-12,F01,F06,P019,91.0,EU to EU Internal
STO04691,2025-01-22,F01,F06,P020,80.0,EU to EU Internal
STO04692,2025-01-16,F01,F06,P021,45.0,EU to EU Internal
STO04693,2025-01-13,F01,F06,P022,83.0,EU to EU Internal
STO04694,2025-01-18,F01,F06,P023,67.0,EU to EU Internal
STO04695,2025-01-14,F01,F06,P024,26.0,EU to EU Internal
STO04696,2025-01-21,F01,F06,P025,85.0,EU to EU Internal
STO04697,2025-01-22,F01,F06,P026,13.0,EU to EU Internal
STO04698,2025-01-16,F01,F06,P027,106.0,EU to EU Internal
STO04699,2025-01-18,F01,F06,P028,48.0,EU to EU Internal
STO04700,2025-01-20,F01,F06,P029,35.0,EU to EU Internal
STO04701,2025-01-23,F01,F06,P030,19.0,EU to EU Internal
STO04702,2025-01-20,F01,F06,P031,190.0,EU to EU Internal
STO04703,2025-01-16,F01,F06,P032,46.0,EU to EU Internal
STO04704,2025-01-20,F01,F06,P033,56.0,EU to EU Internal
STO04705,2025-01-13,F01,F06,P034,57.0,EU to EU Internal
STO04706,2025-01-17,F01,F06,P035,32.0,EU to EU Internal
STO04707,2025-01-13,F01,F06,P036,36.0,EU to EU Internal
STO04708,2025-01-17,F01,F06,P037,32.0,EU to EU Internal
STO04709,2025-01-13,F01,F06,P038,39.0,EU to EU Internal
STO04710,2025-01-20,F01,F06,P039,71.0,EU to EU Internal
STO04711,2025-01-12,F01,F06,P040,36.0,EU to EU Internal
STO04712,2025-01-16,F01,F06,P041,24.0,EU to EU Internal
STO04713,2025-01-11,F01,F06,P042,61.0,EU to EU Internal
STO04714,2025-01-14,F01,F06,P043,12.0,EU to EU Internal
STO04715,2025-01-21,F01,F06,P044,53.0,EU to EU Internal
STO04716,2025-01-11,F01,F06,P045,45.0,EU to EU Internal
STO04717,2025-01-13,F01,F06,P046,89.0,EU to EU Internal
STO04718,2025-01-13,F01,F06,P047,44.0,EU to EU Internal
STO04719,2025-01-20,F01,F06,P048,100.0,EU to EU Internal
STO04720,2025-01-14,F01,F06,P049,47.0,EU to EU Internal
STO04721,2025-01-24,F01,F06,P050,107.0,EU to EU Internal
STO04722,2025-01-15,F01,F06,P051,114.0,EU to EU Internal
STO04723,2025-01-14,F01,F06,P052,50.0,EU to EU Internal
STO04724,2025-01-14,F01,F06,P053,25.0,EU to EU Internal
STO04725,2025-01-20,F01,F06,P054,27.0,EU to EU Internal
STO04726,2025-01-22,F01,F06,P055,19.0,EU to EU Internal
STO04727,2025-01-19,F01,F06,P056,15.0,EU to EU Internal
STO04728,2025-01-13,F01,F06,P057,92.0,EU to EU Internal
STO04729,2025-01-22,F01,F06,P058,69.0,EU to EU Internal
STO04730,2025-01-20,F01,F06,P059,32.0,EU to EU Internal
STO04731,2025-01-15,F01,F06,P060,25.0,EU to EU Internal
STO04732,2025-01-22,F01,F06,P061,65.0,EU to EU Internal
STO04733,2025-01-18,F01,F06,P062,49.0,EU to EU Internal
STO04734,2025-01-24,F01,F06,P063,73.0,EU to EU Internal
STO04735,2025-01-16,F01,F06,P064,56.0,EU to EU Internal
STO04736,2025-01-19,F01,F06,P065,72.0,EU to EU Internal
STO04737,2025-01-17,F01,F06,P066,18.0,EU to EU Internal
STO04738,2025-01-19,F01,F06,P067,19.0,EU to EU Internal
STO04739,2025-01-24,F01,F06,P068,50.0,EU to EU Internal
STO04740,2025-01-11,F01,F06,P069,44.0,EU to EU Internal
STO04741,2025-01-14,F01,F06,P070,26.0,EU to EU Internal
STO04742,2025-01-21,F01,F06,P071,34.0,EU to EU Internal
STO04743,2025-01-23,F01,F06,P072,77.0,EU to EU Internal
STO04744,2025-01-11,F01,F06,P073,79.0,EU to EU Internal
STO04745,2025-01-20,F01,F06,P074,39.0,EU to EU Internal
STO04746,2025-01-17,F01,F06,P075,33.0,EU to EU Internal
STO04747,2025-01-20,F01,F06,P076,83.0,EU to EU Internal
STO04748,2025-01-18,F01,F06,P077,102.0,EU to EU Internal
STO04749,2025-01-24,F01,F06,P078,10.0,EU to EU Internal
STO04750,2025-01-15,F01,F06,P079,32.0,EU to EU Internal
STO04751,2025-01-19,F01,F06,P080,32.0,EU to EU Internal
STO04752,2025-01-23,F01,F06,P081,109.0,EU to EU Internal
STO04753,2025-01-20,F01,F06,P082,121.0,EU to EU Internal
STO04754,2025-01-22,F01,F06,P083,17.0,EU to EU Internal
STO04755,2025-01-16,F01,F06,P084,16.0,EU to EU Internal
STO04756,2025-01-18,F01,F06,P085,48.0,EU to EU Internal
STO04757,2025-01-14,F01,F06,P086,66.0,EU to EU Internal
STO04758,2025-01-14,F01,F06,P087,46.0,EU to EU Internal
STO04759,2025-01-13,F01,F06,P088,44.0,EU to EU Internal
STO04760,2025-01-21,F01,F06,P089,97.0,EU to EU Internal
STO04761,2025-01-21,F01,F06,P090,23.0,EU to EU Internal
STO04762,2025-01-18,F01,F06,P091,38.0,EU to EU Internal
STO04763,2025-01-23,F01,F06,P092,78.0,EU to EU Internal
STO04764,2025-01-20,F01,F06,P093,114.0,EU to EU Internal
STO04765,2025-01-24,F01,F06,P094,85.0,EU to EU Internal
STO04766,2025-01-20,F01,F06,P095,62.0,EU to EU Internal
STO04767,2025-01-15,F01,F06,P096,48.0,EU to EU Internal
STO04768,2025-01-13,F01,F06,P097,206.0,EU to EU Internal
STO04769,2025-01-18,F01,F06,P098,99.0,EU to EU Internal
STO04770,2025-01-17,F01,F06,P099,49.0,EU to EU Internal
STO04771,2025-01-13,F01,F06,P100,47.0,EU to EU Internal
STO04772,2025-02-21,F03,F02,P001,55.0,EU to EU Internal
STO04773,2025-02-15,F03,F02,P002,22.0,EU to EU Internal
STO04774,2025-02-18,F03,F02,P003,43.0,EU to EU Internal
STO04775,2025-02-08,F03,F02,P004,208.0,EU to EU Internal
STO04776,2025-02-08,F03,F02,P005,47.0,EU to EU Internal
STO04777,2025-02-12,F03,F02,P006,11.0,EU to EU Internal
STO04778,2025-02-10,F03,F02,P008,19.0,EU to EU Internal
STO04779,2025-02-21,F03,F02,P009,8.0,EU to EU Internal
STO04780,2025-02-10,F03,F02,P010,56.0,EU to EU Internal
STO04781,2025-02-21,F03,F02,P011,24.0,EU to EU Internal
STO04782,2025-02-13,F03,F02,P012,6.0,EU to EU Internal
STO04783,2025-02-08,F03,F02,P013,24.0,EU to EU Internal
STO04784,2025-02-09,F03,F02,P014,85.0,EU to EU Internal
STO04785,2025-02-18,F03,F02,P015,12.0,EU to EU Internal
STO04786,2025-02-09,F03,F02,P016,94.0,EU to EU Internal
STO04787,2025-02-20,F03,F02,P018,42.0,EU to EU Internal
STO04788,2025-02-19,F03,F02,P019,95.0,EU to EU Internal
STO04789,2025-02-21,F03,F02,P020,7.0,EU to EU Internal
STO04790,2025-02-12,F03,F02,P021,66.0,EU to EU Internal
STO04791,2025-02-12,F03,F02,P022,51.0,EU to EU Internal
STO04792,2025-02-16,F03,F02,P023,71.0,EU to EU Internal
STO04793,2025-02-09,F03,F02,P024,53.0,EU to EU Internal
STO04794,2025-02-13,F03,F02,P026,32.0,EU to EU Internal
STO04795,2025-02-08,F03,F02,P027,54.0,EU to EU Internal
STO04796,2025-02-14,F03,F02,P028,68.0,EU to EU Internal
STO04797,2025-02-09,F03,F02,P029,63.0,EU to EU Internal
STO04798,2025-02-13,F03,F02,P030,46.0,EU to EU Internal
STO04799,2025-02-16,F03,F02,P031,132.0,EU to EU Internal
STO04800,2025-02-09,F03,F02,P033,16.0,EU to EU Internal
STO04801,2025-02-15,F03,F02,P034,36.0,EU to EU Internal
STO04802,2025-02-13,F03,F02,P035,21.0,EU to EU Internal
STO04803,2025-02-20,F03,F02,P036,73.0,EU to EU Internal
STO04804,2025-02-21,F03,F02,P037,25.0,EU to EU Internal
STO04805,2025-02-12,F03,F02,P038,111.0,EU to EU Internal
STO04806,2025-02-08,F03,F02,P039,20.0,EU to EU Internal
STO04807,2025-02-20,F03,F02,P041,27.0,EU to EU Internal
STO04808,2025-02-21,F03,F02,P042,37.0,EU to EU Internal
STO04809,2025-02-09,F03,F02,P043,103.0,EU to EU Internal
STO04810,2025-02-13,F03,F02,P044,3.0,EU to EU Internal
STO04811,2025-02-11,F03,F02,P045,24.0,EU to EU Internal
STO04812,2025-02-20,F03,F02,P046,48.0,EU to EU Internal
STO04813,2025-02-14,F03,F02,P047,151.0,EU to EU Internal
STO04814,2025-02-14,F03,F02,P048,45.0,EU to EU Internal
STO04815,2025-02-21,F03,F02,P049,26.0,EU to EU Internal
STO04816,2025-02-10,F03,F02,P050,49.0,EU to EU Internal
STO04817,2025-02-14,F03,F02,P051,57.0,EU to EU Internal
STO04818,2025-02-18,F03,F02,P052,4.0,EU to EU Internal
STO04819,2025-02-08,F03,F02,P053,31.0,EU to EU Internal
STO04820,2025-02-11,F03,F02,P054,16.0,EU to EU Internal
STO04821,2025-02-20,F03,F02,P055,16.0,EU to EU Internal
STO04822,2025-02-21,F03,F02,P056,87.0,EU to EU Internal
STO04823,2025-02-15,F03,F02,P057,99.0,EU to EU Internal
STO04824,2025-02-19,F03,F02,P058,34.0,EU to EU Internal
STO04825,2025-02-14,F03,F02,P059,27.0,EU to EU Internal
STO04826,2025-02-19,F03,F02,P060,33.0,EU to EU Internal
STO04827,2025-02-13,F03,F02,P061,87.0,EU to EU Internal
STO04828,2025-02-08,F03,F02,P062,51.0,EU to EU Internal
STO04829,2025-02-21,F03,F02,P063,87.0,EU to EU Internal
STO04830,2025-02-12,F03,F02,P064,15.0,EU to EU Internal
STO04831,2025-02-12,F03,F02,P065,92.0,EU to EU Internal
STO04832,2025-02-18,F03,F02,P067,7.0,EU to EU Internal
STO04833,2025-02-16,F03,F02,P068,27.0,EU to EU Internal
STO04834,2025-02-10,F03,F02,P069,41.0,EU to EU Internal
STO04835,2025-02-17,F03,F02,P070,90.0,EU to EU Internal
STO04836,2025-02-21,F03,F02,P071,19.0,EU to EU Internal
STO04837,2025-02-21,F03,F02,P072,7.0,EU to EU Internal
STO04838,2025-02-21,F03,F02,P073,8.0,EU to EU Internal
STO04839,2025-02-08,F03,F02,P074,8.0,EU to EU Internal
STO04840,2025-02-12,F03,F02,P075,34.0,EU to EU Internal
STO04841,2025-02-18,F03,F02,P076,32.0,EU to EU Internal
STO04842,2025-02-20,F03,F02,P077,97.0,EU to EU Internal
STO04843,2025-02-15,F03,F02,P079,52.0,EU to EU Internal
STO04844,2025-02-21,F03,F02,P080,21.0,EU to EU Internal
STO04845,2025-02-08,F03,F02,P081,156.0,EU to EU Internal
STO04846,2025-02-20,F03,F02,P082,35.0,EU to EU Internal
STO04847,2025-02-13,F03,F02,P084,15.0,EU to EU Internal
STO04848,2025-02-13,F03,F02,P085,57.0,EU to EU Internal
STO04849,2025-02-15,F03,F02,P086,58.0,EU to EU Internal
STO04850,2025-02-12,F03,F02,P087,83.0,EU to EU Internal
STO04851,2025-02-18,F03,F02,P088,33.0,EU to EU Internal
STO04852,2025-02-11,F03,F02,P089,25.0,EU to EU Internal
STO04853,2025-02-09,F03,F02,P091,16.0,EU to EU Internal
STO04854,2025-02-21,F03,F02,P092,58.0,EU to EU Internal
STO04855,2025-02-16,F03,F02,P093,69.0,EU to EU Internal
STO04856,2025-02-08,F03,F02,P094,70.0,EU to EU Internal
STO04857,2025-02-15,F03,F02,P095,69.0,EU to EU Internal
STO04858,2025-02-17,F03,F02,P096,47.0,EU to EU Internal
STO04859,2025-02-13,F03,F02,P097,107.0,EU to EU Internal
STO04860,2025-02-08,F03,F02,P098,2.0,EU to EU Internal
STO04861,2025-02-21,F03,F02,P099,29.0,EU to EU Internal
STO04862,2025-02-14,F03,F02,P100,51.0,EU to EU Internal
STO04863,2025-02-20,F03,F04,P001,60.0,EU to EU Internal
STO04864,2025-02-12,F03,F04,P002,94.0,EU to EU Internal
STO04865,2025-02-09,F03,F04,P003,77.0,EU to EU Internal
STO04866,2025-02-17,F03,F04,P004,138.0,EU to EU Internal
STO04867,2025-02-17,F03,F04,P005,42.0,EU to EU Internal
STO04868,2025-02-18,F03,F04,P006,18.0,EU to EU Internal
STO04869,2025-02-10,F03,F04,P007,35.0,EU to EU Internal
STO04870,2025-02-19,F03,F04,P008,18.0,EU to EU Internal
STO04871,2025-02-10,F03,F04,P009,26.0,EU to EU Internal
STO04872,2025-02-21,F03,F04,P010,63.0,EU to EU Internal
STO04873,2025-02-20,F03,F04,P011,11.0,EU to EU Internal
STO04874,2025-02-17,F03,F04,P012,50.0,EU to EU Internal
STO04875,2025-02-15,F03,F04,P013,120.0,EU to EU Internal
STO04876,2025-02-13,F03,F04,P014,44.0,EU to EU Internal
STO04877,2025-02-11,F03,F04,P015,95.0,EU to EU Internal
STO04878,2025-02-19,F03,F04,P016,209.0,EU to EU Internal
STO04879,2025-02-16,F03,F04,P018,87.0,EU to EU Internal
STO04880,2025-02-17,F03,F04,P019,134.0,EU to EU Internal
STO04881,2025-02-19,F03,F04,P020,129.0,EU to EU Internal
STO04882,2025-02-10,F03,F04,P021,34.0,EU to EU Internal
STO04883,2025-02-13,F03,F04,P022,74.0,EU to EU Internal
STO04884,2025-02-13,F03,F04,P023,74.0,EU to EU Internal
STO04885,2025-02-20,F03,F04,P024,39.0,EU to EU Internal
STO04886,2025-02-20,F03,F04,P025,14.0,EU to EU Internal
STO04887,2025-02-20,F03,F04,P026,60.0,EU to EU Internal
STO04888,2025-02-09,F03,F04,P027,184.0,EU to EU Internal
STO04889,2025-02-11,F03,F04,P028,101.0,EU to EU Internal
STO04890,2025-02-12,F03,F04,P029,135.0,EU to EU Internal
STO04891,2025-02-20,F03,F04,P030,196.0,EU to EU Internal
STO04892,2025-02-08,F03,F04,P031,70.0,EU to EU Internal
STO04893,2025-02-21,F03,F04,P032,69.0,EU to EU Internal
STO04894,2025-02-14,F03,F04,P033,39.0,EU to EU Internal
STO04895,2025-02-10,F03,F04,P034,50.0,EU to EU Internal
STO04896,2025-02-21,F03,F04,P035,22.0,EU to EU Internal
STO04897,2025-02-11,F03,F04,P036,85.0,EU to EU Internal
STO04898,2025-02-17,F03,F04,P037,67.0,EU to EU Internal
STO04899,2025-02-20,F03,F04,P038,104.0,EU to EU Internal
STO04900,2025-02-11,F03,F04,P039,38.0,EU to EU Internal
STO04901,2025-02-08,F03,F04,P040,94.0,EU to EU Internal
STO04902,2025-02-18,F03,F04,P041,21.0,EU to EU Internal
STO04903,2025-02-12,F03,F04,P042,67.0,EU to EU Internal
STO04904,2025-02-16,F03,F04,P043,108.0,EU to EU Internal
STO04905,2025-02-10,F03,F04,P044,26.0,EU to EU Internal
STO04906,2025-02-10,F03,F04,P045,58.0,EU to EU Internal
STO04907,2025-02-13,F03,F04,P046,88.0,EU to EU Internal
STO04908,2025-02-12,F03,F04,P047,92.0,EU to EU Internal
STO04909,2025-02-13,F03,F04,P048,50.0,EU to EU Internal
STO04910,2025-02-20,F03,F04,P049,40.0,EU to EU Internal
STO04911,2025-02-14,F03,F04,P050,94.0,EU to EU Internal
STO04912,2025-02-10,F03,F04,P051,147.0,EU to EU Internal
STO04913,2025-02-16,F03,F04,P052,123.0,EU to EU Internal
STO04914,2025-02-08,F03,F04,P053,97.0,EU to EU Internal
STO04915,2025-02-18,F03,F04,P054,33.0,EU to EU Internal
STO04916,2025-02-19,F03,F04,P055,23.0,EU to EU Internal
STO04917,2025-02-18,F03,F04,P056,123.0,EU to EU Internal
STO04918,2025-02-09,F03,F04,P057,148.0,EU to EU Internal
STO04919,2025-02-11,F03,F04,P058,121.0,EU to EU Internal
STO04920,2025-02-16,F03,F04,P059,93.0,EU to EU Internal
STO04921,2025-02-12,F03,F04,P060,23.0,EU to EU Internal
STO04922,2025-02-19,F03,F04,P061,127.0,EU to EU Internal
STO04923,2025-02-09,F03,F04,P062,95.0,EU to EU Internal
STO04924,2025-02-18,F03,F04,P063,95.0,EU to EU Internal
STO04925,2025-02-17,F03,F04,P064,81.0,EU to EU Internal
STO04926,2025-02-15,F03,F04,P065,78.0,EU to EU Internal
STO04927,2025-02-21,F03,F04,P066,6.0,EU to EU Internal
STO04928,2025-02-21,F03,F04,P067,11.0,EU to EU Internal
STO04929,2025-02-10,F03,F04,P068,3.0,EU to EU Internal
STO04930,2025-02-11,F03,F04,P069,27.0,EU to EU Internal
STO04931,2025-02-09,F03,F04,P070,77.0,EU to EU Internal
STO04932,2025-02-21,F03,F04,P071,106.0,EU to EU Internal
STO04933,2025-02-08,F03,F04,P072,57.0,EU to EU Internal
STO04934,2025-02-13,F03,F04,P073,143.0,EU to EU Internal
STO04935,2025-02-21,F03,F04,P074,29.0,EU to EU Internal
STO04936,2025-02-08,F03,F04,P075,36.0,EU to EU Internal
STO04937,2025-02-18,F03,F04,P076,62.0,EU to EU Internal
STO04938,2025-02-13,F03,F04,P077,147.0,EU to EU Internal
STO04939,2025-02-16,F03,F04,P078,21.0,EU to EU Internal
STO04940,2025-02-20,F03,F04,P079,72.0,EU to EU Internal
STO04941,2025-02-14,F03,F04,P080,26.0,EU to EU Internal
STO04942,2025-02-10,F03,F04,P081,143.0,EU to EU Internal
STO04943,2025-02-12,F03,F04,P082,187.0,EU to EU Internal
STO04944,2025-02-12,F03,F04,P083,7.0,EU to EU Internal
STO04945,2025-02-20,F03,F04,P084,124.0,EU to EU Internal
STO04946,2025-02-15,F03,F04,P085,136.0,EU to EU Internal
STO04947,2025-02-13,F03,F04,P086,23.0,EU to EU Internal
STO04948,2025-02-14,F03,F04,P087,125.0,EU to EU Internal
STO04949,2025-02-12,F03,F04,P088,87.0,EU to EU Internal
STO04950,2025-02-20,F03,F04,P089,27.0,EU to EU Internal
STO04951,2025-02-16,F03,F04,P091,118.0,EU to EU Internal
STO04952,2025-02-14,F03,F04,P092,101.0,EU to EU Internal
STO04953,2025-02-19,F03,F04,P093,89.0,EU to EU Internal
STO04954,2025-02-21,F03,F04,P094,278.0,EU to EU Internal
STO04955,2025-02-14,F03,F04,P095,58.0,EU to EU Internal
STO04956,2025-02-12,F03,F04,P096,66.0,EU to EU Internal
STO04957,2025-02-15,F03,F04,P097,211.0,EU to EU Internal
STO04958,2025-02-11,F03,F04,P098,172.0,EU to EU Internal
STO04959,2025-02-11,F03,F04,P099,222.0,EU to EU Internal
STO04960,2025-02-20,F03,F04,P100,10.0,EU to EU Internal
STO04961,2025-02-19,F01,F05,P002,10.0,EU to EU Internal
STO04962,2025-02-15,F01,F05,P003,24.0,EU to EU Internal
STO04963,2025-02-15,F01,F05,P005,26.0,EU to EU Internal
STO04964,2025-02-10,F01,F05,P007,10.0,EU to EU Internal
STO04965,2025-02-19,F01,F05,P008,28.0,EU to EU Internal
STO04966,2025-02-19,F01,F05,P009,48.0,EU to EU Internal
STO04967,2025-02-08,F01,F05,P010,19.0,EU to EU Internal
STO04968,2025-02-15,F01,F05,P011,71.0,EU to EU Internal
STO04969,2025-02-10,F01,F05,P012,23.0,EU to EU Internal
STO04970,2025-02-15,F01,F05,P015,102.0,EU to EU Internal
STO04971,2025-02-19,F01,F05,P017,6.0,EU to EU Internal
STO04972,2025-02-16,F01,F05,P018,18.0,EU to EU Internal
STO04973,2025-02-13,F01,F05,P019,4.0,EU to EU Internal
STO04974,2025-02-13,F01,F05,P020,63.0,EU to EU Internal
STO04975,2025-02-09,F01,F05,P021,28.0,EU to EU Internal
STO04976,2025-02-11,F01,F05,P022,19.0,EU to EU Internal
STO04977,2025-02-17,F01,F05,P023,27.0,EU to EU Internal
STO04978,2025-02-11,F01,F05,P024,24.0,EU to EU Internal
STO04979,2025-02-19,F01,F05,P025,22.0,EU to EU Internal
STO04980,2025-02-19,F01,F05,P026,5.0,EU to EU Internal
STO04981,2025-02-08,F01,F05,P028,36.0,EU to EU Internal
STO04982,2025-02-12,F01,F05,P029,10.0,EU to EU Internal
STO04983,2025-02-21,F01,F05,P030,3.0,EU to EU Internal
STO04984,2025-02-21,F01,F05,P032,15.0,EU to EU Internal
STO04985,2025-02-13,F01,F05,P034,27.0,EU to EU Internal
STO04986,2025-02-10,F01,F05,P035,15.0,EU to EU Internal
STO04987,2025-02-20,F01,F05,P037,14.0,EU to EU Internal
STO04988,2025-02-19,F01,F05,P038,24.0,EU to EU Internal
STO04989,2025-02-21,F01,F05,P039,34.0,EU to EU Internal
STO04990,2025-02-12,F01,F05,P041,5.0,EU to EU Internal
STO04991,2025-02-19,F01,F05,P042,10.0,EU to EU Internal
STO04992,2025-02-11,F01,F05,P043,31.0,EU to EU Internal
STO04993,2025-02-17,F01,F05,P044,26.0,EU to EU Internal
STO04994,2025-02-11,F01,F05,P045,17.0,EU to EU Internal
STO04995,2025-02-16,F01,F05,P046,97.0,EU to EU Internal
STO04996,2025-02-10,F01,F05,P047,7.0,EU to EU Internal
STO04997,2025-02-11,F01,F05,P048,14.0,EU to EU Internal
STO04998,2025-02-21,F01,F05,P049,5.0,EU to EU Internal
STO04999,2025-02-11,F01,F05,P050,21.0,EU to EU Internal
STO05000,2025-02-17,F01,F05,P051,36.0,EU to EU Internal
STO05001,2025-02-18,F01,F05,P052,27.0,EU to EU Internal
STO05002,2025-02-20,F01,F05,P055,9.0,EU to EU Internal
STO05003,2025-02-08,F01,F05,P056,27.0,EU to EU Internal
STO05004,2025-02-12,F01,F05,P057,47.0,EU to EU Internal
STO05005,2025-02-19,F01,F05,P059,67.0,EU to EU Internal
STO05006,2025-02-19,F01,F05,P061,66.0,EU to EU Internal
STO05007,2025-02-20,F01,F05,P062,5.0,EU to EU Internal
STO05008,2025-02-15,F01,F05,P063,38.0,EU to EU Internal
STO05009,2025-02-21,F01,F05,P064,5.0,EU to EU Internal
STO05010,2025-02-11,F01,F05,P065,16.0,EU to EU Internal
STO05011,2025-02-11,F01,F05,P067,12.0,EU to EU Internal
STO05012,2025-02-20,F01,F05,P069,25.0,EU to EU Internal
STO05013,2025-02-12,F01,F05,P070,42.0,EU to EU Internal
STO05014,2025-02-16,F01,F05,P071,40.0,EU to EU Internal
STO05015,2025-02-14,F01,F05,P072,2.0,EU to EU Internal
STO05016,2025-02-21,F01,F05,P073,33.0,EU to EU Internal
STO05017,2025-02-18,F01,F05,P076,19.0,EU to EU Internal
STO05018,2025-02-14,F01,F05,P077,22.0,EU to EU Internal
STO05019,2025-02-15,F01,F05,P079,35.0,EU to EU Internal
STO05020,2025-02-15,F01,F05,P080,22.0,EU to EU Internal
STO05021,2025-02-18,F01,F05,P081,68.0,EU to EU Internal
STO05022,2025-02-13,F01,F05,P083,6.0,EU to EU Internal
STO05023,2025-02-09,F01,F05,P084,11.0,EU to EU Internal
STO05024,2025-02-20,F01,F05,P085,23.0,EU to EU Internal
STO05025,2025-02-12,F01,F05,P086,20.0,EU to EU Internal
STO05026,2025-02-16,F01,F05,P087,99.0,EU to EU Internal
STO05027,2025-02-13,F01,F05,P088,32.0,EU to EU Internal
STO05028,2025-02-12,F01,F05,P089,42.0,EU to EU Internal
STO05029,2025-02-18,F01,F05,P090,11.0,EU to EU Internal
STO05030,2025-02-18,F01,F05,P091,25.0,EU to EU Internal
STO05031,2025-02-17,F01,F05,P092,18.0,EU to EU Internal
STO05032,2025-02-20,F01,F05,P093,50.0,EU to EU Internal
STO05033,2025-02-12,F01,F05,P095,4.0,EU to EU Internal
STO05034,2025-02-17,F01,F05,P096,24.0,EU to EU Internal
STO05035,2025-02-16,F01,F05,P097,61.0,EU to EU Internal
STO05036,2025-02-15,F01,F05,P099,9.0,EU to EU Internal
STO05037,2025-02-11,F01,F06,P001,71.0,EU to EU Internal
STO05038,2025-02-17,F01,F06,P002,35.0,EU to EU Internal
STO05039,2025-02-21,F01,F06,P003,8.0,EU to EU Internal
STO05040,2025-02-19,F01,F06,P004,239.0,EU to EU Internal
STO05041,2025-02-16,F01,F06,P005,76.0,EU to EU Internal
STO05042,2025-02-14,F01,F06,P006,35.0,EU to EU Internal
STO05043,2025-02-12,F01,F06,P007,49.0,EU to EU Internal
STO05044,2025-02-16,F01,F06,P008,64.0,EU to EU Internal
STO05045,2025-02-21,F01,F06,P009,52.0,EU to EU Internal
STO05046,2025-02-10,F01,F06,P010,64.0,EU to EU Internal
STO05047,2025-02-14,F01,F06,P011,64.0,EU to EU Internal
STO05048,2025-02-11,F01,F06,P012,14.0,EU to EU Internal
STO05049,2025-02-20,F01,F06,P013,21.0,EU to EU Internal
STO05050,2025-02-17,F01,F06,P014,56.0,EU to EU Internal
STO05051,2025-02-10,F01,F06,P015,18.0,EU to EU Internal
STO05052,2025-02-21,F01,F06,P016,100.0,EU to EU Internal
STO05053,2025-02-19,F01,F06,P017,38.0,EU to EU Internal
STO05054,2025-02-12,F01,F06,P018,52.0,EU to EU Internal
STO05055,2025-02-19,F01,F06,P019,84.0,EU to EU Internal
STO05056,2025-02-10,F01,F06,P020,59.0,EU to EU Internal
STO05057,2025-02-15,F01,F06,P021,48.0,EU to EU Internal
STO05058,2025-02-11,F01,F06,P022,57.0,EU to EU Internal
STO05059,2025-02-19,F01,F06,P023,63.0,EU to EU Internal
STO05060,2025-02-15,F01,F06,P024,17.0,EU to EU Internal
STO05061,2025-02-08,F01,F06,P025,67.0,EU to EU Internal
STO05062,2025-02-09,F01,F06,P026,35.0,EU to EU Internal
STO05063,2025-02-18,F01,F06,P027,100.0,EU to EU Internal
STO05064,2025-02-20,F01,F06,P028,58.0,EU to EU Internal
STO05065,2025-02-12,F01,F06,P029,46.0,EU to EU Internal
STO05066,2025-02-13,F01,F06,P030,27.0,EU to EU Internal
STO05067,2025-02-17,F01,F06,P031,108.0,EU to EU Internal
STO05068,2025-02-08,F01,F06,P032,59.0,EU to EU Internal
STO05069,2025-02-14,F01,F06,P033,51.0,EU to EU Internal
STO05070,2025-02-15,F01,F06,P034,47.0,EU to EU Internal
STO05071,2025-02-09,F01,F06,P035,11.0,EU to EU Internal
STO05072,2025-02-16,F01,F06,P036,41.0,EU to EU Internal
STO05073,2025-02-17,F01,F06,P037,25.0,EU to EU Internal
STO05074,2025-02-19,F01,F06,P038,44.0,EU to EU Internal
STO05075,2025-02-12,F01,F06,P039,75.0,EU to EU Internal
STO05076,2025-02-17,F01,F06,P040,58.0,EU to EU Internal
STO05077,2025-02-09,F01,F06,P041,38.0,EU to EU Internal
STO05078,2025-02-21,F01,F06,P042,41.0,EU to EU Internal
STO05079,2025-02-11,F01,F06,P043,29.0,EU to EU Internal
STO05080,2025-02-12,F01,F06,P044,25.0,EU to EU Internal
STO05081,2025-02-16,F01,F06,P045,73.0,EU to EU Internal
STO05082,2025-02-10,F01,F06,P046,109.0,EU to EU Internal
STO05083,2025-02-08,F01,F06,P047,57.0,EU to EU Internal
STO05084,2025-02-16,F01,F06,P048,65.0,EU to EU Internal
STO05085,2025-02-08,F01,F06,P049,42.0,EU to EU Internal
STO05086,2025-02-08,F01,F06,P050,100.0,EU to EU Internal
STO05087,2025-02-08,F01,F06,P051,94.0,EU to EU Internal
STO05088,2025-02-19,F01,F06,P052,52.0,EU to EU Internal
STO05089,2025-02-09,F01,F06,P053,32.0,EU to EU Internal
STO05090,2025-02-18,F01,F06,P054,27.0,EU to EU Internal
STO05091,2025-02-14,F01,F06,P055,37.0,EU to EU Internal
STO05092,2025-02-13,F01,F06,P057,59.0,EU to EU Internal
STO05093,2025-02-10,F01,F06,P058,62.0,EU to EU Internal
STO05094,2025-02-13,F01,F06,P059,84.0,EU to EU Internal
STO05095,2025-02-08,F01,F06,P060,59.0,EU to EU Internal
STO05096,2025-02-08,F01,F06,P061,75.0,EU to EU Internal
STO05097,2025-02-15,F01,F06,P062,32.0,EU to EU Internal
STO05098,2025-02-15,F01,F06,P063,56.0,EU to EU Internal
STO05099,2025-02-14,F01,F06,P064,65.0,EU to EU Internal
STO05100,2025-02-15,F01,F06,P065,60.0,EU to EU Internal
STO05101,2025-02-17,F01,F06,P066,17.0,EU to EU Internal
STO05102,2025-02-09,F01,F06,P067,29.0,EU to EU Internal
STO05103,2025-02-21,F01,F06,P068,49.0,EU to EU Internal
STO05104,2025-02-09,F01,F06,P069,46.0,EU to EU Internal
STO05105,2025-02-12,F01,F06,P070,25.0,EU to EU Internal
STO05106,2025-02-12,F01,F06,P071,57.0,EU to EU Internal
STO05107,2025-02-10,F01,F06,P072,50.0,EU to EU Internal
STO05108,2025-02-13,F01,F06,P073,74.0,EU to EU Internal
STO05109,2025-02-17,F01,F06,P074,44.0,EU to EU Internal
STO05110,2025-02-08,F01,F06,P075,37.0,EU to EU Internal
STO05111,2025-02-19,F01,F06,P076,98.0,EU to EU Internal
STO05112,2025-02-19,F01,F06,P077,154.0,EU to EU Internal
STO05113,2025-02-10,F01,F06,P078,23.0,EU to EU Internal
STO05114,2025-02-20,F01,F06,P079,45.0,EU to EU Internal
STO05115,2025-02-08,F01,F06,P080,33.0,EU to EU Internal
STO05116,2025-02-18,F01,F06,P081,177.0,EU to EU Internal
STO05117,2025-02-16,F01,F06,P082,107.0,EU to EU Internal
STO05118,2025-02-16,F01,F06,P083,38.0,EU to EU Internal
STO05119,2025-02-12,F01,F06,P084,26.0,EU to EU Internal
STO05120,2025-02-18,F01,F06,P085,53.0,EU to EU Internal
STO05121,2025-02-12,F01,F06,P086,56.0,EU to EU Internal
STO05122,2025-02-20,F01,F06,P087,87.0,EU to EU Internal
STO05123,2025-02-11,F01,F06,P088,26.0,EU to EU Internal
STO05124,2025-02-19,F01,F06,P089,66.0,EU to EU Internal
STO05125,2025-02-13,F01,F06,P090,21.0,EU to EU Internal
STO05126,2025-02-19,F01,F06,P091,27.0,EU to EU Internal
STO05127,2025-02-08,F01,F06,P092,50.0,EU to EU Internal
STO05128,2025-02-08,F01,F06,P093,68.0,EU to EU Internal
STO05129,2025-02-20,F01,F06,P094,75.0,EU to EU Internal
STO05130,2025-02-10,F01,F06,P095,50.0,EU to EU Internal
STO05131,2025-02-12,F01,F06,P096,53.0,EU to EU Internal
STO05132,2025-02-11,F01,F06,P097,94.0,EU to EU Internal
STO05133,2025-02-13,F01,F06,P098,73.0,EU to EU Internal
STO05134,2025-02-16,F01,F06,P099,25.0,EU to EU Internal
STO05135,2025-02-12,F01,F06,P100,93.0,EU to EU Internal
STO05136,2025-03-19,F03,F02,P001,45.0,EU to EU Internal
STO05137,2025-03-11,F03,F02,P002,53.0,EU to EU Internal
STO05138,2025-03-13,F03,F02,P003,59.0,EU to EU Internal
STO05139,2025-03-18,F03,F02,P004,83.0,EU to EU Internal
STO05140,2025-03-23,F03,F02,P005,123.0,EU to EU Internal
STO05141,2025-03-23,F03,F02,P006,5.0,EU to EU Internal
STO05142,2025-03-20,F03,F02,P008,29.0,EU to EU Internal
STO05143,2025-03-12,F03,F02,P009,29.0,EU to EU Internal
STO05144,2025-03-19,F03,F02,P010,56.0,EU to EU Internal
STO05145,2025-03-22,F03,F02,P011,17.0,EU to EU Internal
STO05146,2025-03-13,F03,F02,P012,10.0,EU to EU Internal
STO05147,2025-03-20,F03,F02,P013,22.0,EU to EU Internal
STO05148,2025-03-21,F03,F02,P014,120.0,EU to EU Internal
STO05149,2025-03-17,F03,F02,P015,13.0,EU to EU Internal
STO05150,2025-03-15,F03,F02,P016,79.0,EU to EU Internal
STO05151,2025-03-20,F03,F02,P018,42.0,EU to EU Internal
STO05152,2025-03-12,F03,F02,P019,37.0,EU to EU Internal
STO05153,2025-03-22,F03,F02,P020,9.0,EU to EU Internal
STO05154,2025-03-14,F03,F02,P021,47.0,EU to EU Internal
STO05155,2025-03-13,F03,F02,P022,23.0,EU to EU Internal
STO05156,2025-03-21,F03,F02,P023,47.0,EU to EU Internal
STO05157,2025-03-17,F03,F02,P024,22.0,EU to EU Internal
STO05158,2025-03-15,F03,F02,P026,28.0,EU to EU Internal
STO05159,2025-03-12,F03,F02,P027,88.0,EU to EU Internal
STO05160,2025-03-15,F03,F02,P028,41.0,EU to EU Internal
STO05161,2025-03-11,F03,F02,P029,115.0,EU to EU Internal
STO05162,2025-03-22,F03,F02,P030,62.0,EU to EU Internal
STO05163,2025-03-17,F03,F02,P031,229.0,EU to EU Internal
STO05164,2025-03-22,F03,F02,P032,15.0,EU to EU Internal
STO05165,2025-03-22,F03,F02,P033,10.0,EU to EU Internal
STO05166,2025-03-17,F03,F02,P034,46.0,EU to EU Internal
STO05167,2025-03-24,F03,F02,P035,18.0,EU to EU Internal
STO05168,2025-03-17,F03,F02,P036,113.0,EU to EU Internal
STO05169,2025-03-18,F03,F02,P037,51.0,EU to EU Internal
STO05170,2025-03-13,F03,F02,P038,89.0,EU to EU Internal
STO05171,2025-03-23,F03,F02,P039,3.0,EU to EU Internal
STO05172,2025-03-12,F03,F02,P040,21.0,EU to EU Internal
STO05173,2025-03-19,F03,F02,P041,18.0,EU to EU Internal
STO05174,2025-03-21,F03,F02,P042,45.0,EU to EU Internal
STO05175,2025-03-23,F03,F02,P043,114.0,EU to EU Internal
STO05176,2025-03-20,F03,F02,P044,25.0,EU to EU Internal
STO05177,2025-03-15,F03,F02,P045,30.0,EU to EU Internal
STO05178,2025-03-16,F03,F02,P046,61.0,EU to EU Internal
STO05179,2025-03-15,F03,F02,P047,80.0,EU to EU Internal
STO05180,2025-03-24,F03,F02,P048,18.0,EU to EU Internal
STO05181,2025-03-14,F03,F02,P049,16.0,EU to EU Internal
STO05182,2025-03-11,F03,F02,P050,33.0,EU to EU Internal
STO05183,2025-03-19,F03,F02,P051,17.0,EU to EU Internal
STO05184,2025-03-22,F03,F02,P052,32.0,EU to EU Internal
STO05185,2025-03-23,F03,F02,P053,16.0,EU to EU Internal
STO05186,2025-03-24,F03,F02,P054,34.0,EU to EU Internal
STO05187,2025-03-20,F03,F02,P055,30.0,EU to EU Internal
STO05188,2025-03-12,F03,F02,P056,62.0,EU to EU Internal
STO05189,2025-03-19,F03,F02,P057,37.0,EU to EU Internal
STO05190,2025-03-18,F03,F02,P058,29.0,EU to EU Internal
STO05191,2025-03-16,F03,F02,P059,42.0,EU to EU Internal
STO05192,2025-03-11,F03,F02,P060,30.0,EU to EU Internal
STO05193,2025-03-12,F03,F02,P061,54.0,EU to EU Internal
STO05194,2025-03-14,F03,F02,P062,40.0,EU to EU Internal
STO05195,2025-03-19,F03,F02,P063,114.0,EU to EU Internal
STO05196,2025-03-20,F03,F02,P064,28.0,EU to EU Internal
STO05197,2025-03-16,F03,F02,P065,106.0,EU to EU Internal
STO05198,2025-03-14,F03,F02,P067,7.0,EU to EU Internal
STO05199,2025-03-24,F03,F02,P068,13.0,EU to EU Internal
STO05200,2025-03-13,F03,F02,P069,72.0,EU to EU Internal
STO05201,2025-03-20,F03,F02,P070,92.0,EU to EU Internal
STO05202,2025-03-18,F03,F02,P071,38.0,EU to EU Internal
STO05203,2025-03-18,F03,F02,P072,11.0,EU to EU Internal
STO05204,2025-03-21,F03,F02,P073,4.0,EU to EU Internal
STO05205,2025-03-24,F03,F02,P074,12.0,EU to EU Internal
STO05206,2025-03-16,F03,F02,P075,35.0,EU to EU Internal
STO05207,2025-03-19,F03,F02,P076,67.0,EU to EU Internal
STO05208,2025-03-21,F03,F02,P077,108.0,EU to EU Internal
STO05209,2025-03-17,F03,F02,P079,68.0,EU to EU Internal
STO05210,2025-03-20,F03,F02,P080,20.0,EU to EU Internal
STO05211,2025-03-19,F03,F02,P081,129.0,EU to EU Internal
STO05212,2025-03-15,F03,F02,P082,37.0,EU to EU Internal
STO05213,2025-03-24,F03,F02,P084,29.0,EU to EU Internal
STO05214,2025-03-16,F03,F02,P085,67.0,EU to EU Internal
STO05215,2025-03-14,F03,F02,P086,47.0,EU to EU Internal
STO05216,2025-03-17,F03,F02,P087,94.0,EU to EU Internal
STO05217,2025-03-13,F03,F02,P088,25.0,EU to EU Internal
STO05218,2025-03-19,F03,F02,P089,12.0,EU to EU Internal
STO05219,2025-03-11,F03,F02,P091,26.0,EU to EU Internal
STO05220,2025-03-15,F03,F02,P092,40.0,EU to EU Internal
STO05221,2025-03-13,F03,F02,P093,23.0,EU to EU Internal
STO05222,2025-03-17,F03,F02,P094,78.0,EU to EU Internal
STO05223,2025-03-11,F03,F02,P095,59.0,EU to EU Internal
STO05224,2025-03-12,F03,F02,P096,33.0,EU to EU Internal
STO05225,2025-03-17,F03,F02,P097,58.0,EU to EU Internal
STO05226,2025-03-23,F03,F02,P098,37.0,EU to EU Internal
STO05227,2025-03-11,F03,F02,P099,13.0,EU to EU Internal
STO05228,2025-03-22,F03,F02,P100,41.0,EU to EU Internal
STO05229,2025-03-23,F03,F04,P001,97.0,EU to EU Internal
STO05230,2025-03-11,F03,F04,P002,99.0,EU to EU Internal
STO05231,2025-03-22,F03,F04,P003,75.0,EU to EU Internal
STO05232,2025-03-11,F03,F04,P004,50.0,EU to EU Internal
STO05233,2025-03-14,F03,F04,P005,57.0,EU to EU Internal
STO05234,2025-03-15,F03,F04,P006,43.0,EU to EU Internal
STO05235,2025-03-15,F03,F04,P007,46.0,EU to EU Internal
STO05236,2025-03-12,F03,F04,P008,19.0,EU to EU Internal
STO05237,2025-03-16,F03,F04,P009,35.0,EU to EU Internal
STO05238,2025-03-23,F03,F04,P010,49.0,EU to EU Internal
STO05239,2025-03-12,F03,F04,P011,24.0,EU to EU Internal
STO05240,2025-03-14,F03,F04,P012,17.0,EU to EU Internal
STO05241,2025-03-16,F03,F04,P013,122.0,EU to EU Internal
STO05242,2025-03-20,F03,F04,P014,99.0,EU to EU Internal
STO05243,2025-03-24,F03,F04,P015,145.0,EU to EU Internal
STO05244,2025-03-14,F03,F04,P016,193.0,EU to EU Internal
STO05245,2025-03-17,F03,F04,P018,91.0,EU to EU Internal
STO05246,2025-03-15,F03,F04,P019,87.0,EU to EU Internal
STO05247,2025-03-18,F03,F04,P020,71.0,EU to EU Internal
STO05248,2025-03-14,F03,F04,P021,34.0,EU to EU Internal
STO05249,2025-03-24,F03,F04,P022,118.0,EU to EU Internal
STO05250,2025-03-23,F03,F04,P023,90.0,EU to EU Internal
STO05251,2025-03-17,F03,F04,P024,35.0,EU to EU Internal
STO05252,2025-03-17,F03,F04,P025,10.0,EU to EU Internal
STO05253,2025-03-16,F03,F04,P026,73.0,EU to EU Internal
STO05254,2025-03-14,F03,F04,P027,191.0,EU to EU Internal
STO05255,2025-03-11,F03,F04,P028,137.0,EU to EU Internal
STO05256,2025-03-11,F03,F04,P029,99.0,EU to EU Internal
STO05257,2025-03-15,F03,F04,P030,180.0,EU to EU Internal
STO05258,2025-03-20,F03,F04,P031,109.0,EU to EU Internal
STO05259,2025-03-18,F03,F04,P032,143.0,EU to EU Internal
STO05260,2025-03-11,F03,F04,P033,32.0,EU to EU Internal
STO05261,2025-03-11,F03,F04,P034,52.0,EU to EU Internal
STO05262,2025-03-17,F03,F04,P035,43.0,EU to EU Internal
STO05263,2025-03-17,F03,F04,P036,116.0,EU to EU Internal
STO05264,2025-03-22,F03,F04,P037,69.0,EU to EU Internal
STO05265,2025-03-20,F03,F04,P038,88.0,EU to EU Internal
STO05266,2025-03-17,F03,F04,P039,58.0,EU to EU Internal
STO05267,2025-03-16,F03,F04,P040,83.0,EU to EU Internal
STO05268,2025-03-18,F03,F04,P041,26.0,EU to EU Internal
STO05269,2025-03-23,F03,F04,P042,103.0,EU to EU Internal
STO05270,2025-03-16,F03,F04,P043,80.0,EU to EU Internal
STO05271,2025-03-15,F03,F04,P044,18.0,EU to EU Internal
STO05272,2025-03-22,F03,F04,P045,53.0,EU to EU Internal
STO05273,2025-03-12,F03,F04,P046,124.0,EU to EU Internal
STO05274,2025-03-16,F03,F04,P047,101.0,EU to EU Internal
STO05275,2025-03-11,F03,F04,P048,49.0,EU to EU Internal
STO05276,2025-03-12,F03,F04,P049,17.0,EU to EU Internal
STO05277,2025-03-22,F03,F04,P050,180.0,EU to EU Internal
STO05278,2025-03-16,F03,F04,P051,317.0,EU to EU Internal
STO05279,2025-03-20,F03,F04,P052,110.0,EU to EU Internal
STO05280,2025-03-16,F03,F04,P053,121.0,EU to EU Internal
STO05281,2025-03-21,F03,F04,P054,31.0,EU to EU Internal
STO05282,2025-03-13,F03,F04,P055,30.0,EU to EU Internal
STO05283,2025-03-12,F03,F04,P056,80.0,EU to EU Internal
STO05284,2025-03-14,F03,F04,P057,226.0,EU to EU Internal
STO05285,2025-03-19,F03,F04,P058,120.0,EU to EU Internal
STO05286,2025-03-12,F03,F04,P059,81.0,EU to EU Internal
STO05287,2025-03-12,F03,F04,P060,53.0,EU to EU Internal
STO05288,2025-03-17,F03,F04,P061,187.0,EU to EU Internal
STO05289,2025-03-12,F03,F04,P062,49.0,EU to EU Internal
STO05290,2025-03-15,F03,F04,P063,95.0,EU to EU Internal
STO05291,2025-03-13,F03,F04,P064,63.0,EU to EU Internal
STO05292,2025-03-12,F03,F04,P065,115.0,EU to EU Internal
STO05293,2025-03-19,F03,F04,P066,16.0,EU to EU Internal
STO05294,2025-03-15,F03,F04,P067,1.0,EU to EU Internal
STO05295,2025-03-14,F03,F04,P068,4.0,EU to EU Internal
STO05296,2025-03-22,F03,F04,P069,19.0,EU to EU Internal
STO05297,2025-03-22,F03,F04,P070,19.0,EU to EU Internal
STO05298,2025-03-21,F03,F04,P071,125.0,EU to EU Internal
STO05299,2025-03-19,F03,F04,P072,58.0,EU to EU Internal
STO05300,2025-03-11,F03,F04,P073,134.0,EU to EU Internal
STO05301,2025-03-24,F03,F04,P074,47.0,EU to EU Internal
STO05302,2025-03-17,F03,F04,P075,30.0,EU to EU Internal
STO05303,2025-03-15,F03,F04,P076,39.0,EU to EU Internal
STO05304,2025-03-17,F03,F04,P077,97.0,EU to EU Internal
STO05305,2025-03-21,F03,F04,P078,25.0,EU to EU Internal
STO05306,2025-03-15,F03,F04,P079,119.0,EU to EU Internal
STO05307,2025-03-13,F03,F04,P080,24.0,EU to EU Internal
STO05308,2025-03-15,F03,F04,P081,215.0,EU to EU Internal
STO05309,2025-03-16,F03,F04,P082,104.0,EU to EU Internal
STO05310,2025-03-13,F03,F04,P083,18.0,EU to EU Internal
STO05311,2025-03-22,F03,F04,P084,103.0,EU to EU Internal
STO05312,2025-03-17,F03,F04,P085,124.0,EU to EU Internal
STO05313,2025-03-24,F03,F04,P086,31.0,EU to EU Internal
STO05314,2025-03-24,F03,F04,P087,76.0,EU to EU Internal
STO05315,2025-03-16,F03,F04,P088,31.0,EU to EU Internal
STO05316,2025-03-23,F03,F04,P089,3.0,EU to EU Internal
STO05317,2025-03-12,F03,F04,P091,88.0,EU to EU Internal
STO05318,2025-03-17,F03,F04,P092,78.0,EU to EU Internal
STO05319,2025-03-12,F03,F04,P093,119.0,EU to EU Internal
STO05320,2025-03-23,F03,F04,P094,255.0,EU to EU Internal
STO05321,2025-03-24,F03,F04,P095,44.0,EU to EU Internal
STO05322,2025-03-20,F03,F04,P096,31.0,EU to EU Internal
STO05323,2025-03-16,F03,F04,P097,274.0,EU to EU Internal
STO05324,2025-03-14,F03,F04,P098,177.0,EU to EU Internal
STO05325,2025-03-19,F03,F04,P099,230.0,EU to EU Internal
STO05326,2025-03-22,F03,F04,P100,13.0,EU to EU Internal
STO05327,2025-03-22,F01,F05,P002,8.0,EU to EU Internal
STO05328,2025-03-19,F01,F05,P003,7.0,EU to EU Internal
STO05329,2025-03-13,F01,F05,P005,35.0,EU to EU Internal
STO05330,2025-03-18,F01,F05,P007,6.0,EU to EU Internal
STO05331,2025-03-12,F01,F05,P008,35.0,EU to EU Internal
STO05332,2025-03-13,F01,F05,P009,52.0,EU to EU Internal
STO05333,2025-03-24,F01,F05,P010,23.0,EU to EU Internal
STO05334,2025-03-24,F01,F05,P011,100.0,EU to EU Internal
STO05335,2025-03-20,F01,F05,P012,24.0,EU to EU Internal
STO05336,2025-03-15,F01,F05,P014,16.0,EU to EU Internal
STO05337,2025-03-13,F01,F05,P015,198.0,EU to EU Internal
STO05338,2025-03-11,F01,F05,P017,4.0,EU to EU Internal
STO05339,2025-03-17,F01,F05,P018,12.0,EU to EU Internal
STO05340,2025-03-11,F01,F05,P019,43.0,EU to EU Internal
STO05341,2025-03-17,F01,F05,P020,85.0,EU to EU Internal
STO05342,2025-03-17,F01,F05,P021,21.0,EU to EU Internal
STO05343,2025-03-24,F01,F05,P022,30.0,EU to EU Internal
STO05344,2025-03-22,F01,F05,P023,28.0,EU to EU Internal
STO05345,2025-03-24,F01,F05,P024,29.0,EU to EU Internal
STO05346,2025-03-17,F01,F05,P025,17.0,EU to EU Internal
STO05347,2025-03-24,F01,F05,P028,26.0,EU to EU Internal
STO05348,2025-03-20,F01,F05,P029,9.0,EU to EU Internal
STO05349,2025-03-23,F01,F05,P030,15.0,EU to EU Internal
STO05350,2025-03-19,F01,F05,P034,48.0,EU to EU Internal
STO05351,2025-03-17,F01,F05,P035,29.0,EU to EU Internal
STO05352,2025-03-14,F01,F05,P037,20.0,EU to EU Internal
STO05353,2025-03-20,F01,F05,P038,20.0,EU to EU Internal
STO05354,2025-03-11,F01,F05,P039,44.0,EU to EU Internal
STO05355,2025-03-19,F01,F05,P041,20.0,EU to EU Internal
STO05356,2025-03-19,F01,F05,P042,8.0,EU to EU Internal
STO05357,2025-03-22,F01,F05,P043,15.0,EU to EU Internal
STO05358,2025-03-16,F01,F05,P044,39.0,EU to EU Internal
STO05359,2025-03-17,F01,F05,P045,36.0,EU to EU Internal
STO05360,2025-03-23,F01,F05,P046,66.0,EU to EU Internal
STO05361,2025-03-16,F01,F05,P047,3.0,EU to EU Internal
STO05362,2025-03-13,F01,F05,P048,39.0,EU to EU Internal
STO05363,2025-03-17,F01,F05,P049,13.0,EU to EU Internal
STO05364,2025-03-21,F01,F05,P050,28.0,EU to EU Internal
STO05365,2025-03-23,F01,F05,P051,85.0,EU to EU Internal
STO05366,2025-03-17,F01,F05,P052,19.0,EU to EU Internal
STO05367,2025-03-21,F01,F05,P056,33.0,EU to EU Internal
STO05368,2025-03-21,F01,F05,P057,15.0,EU to EU Internal
STO05369,2025-03-17,F01,F05,P059,90.0,EU to EU Internal
STO05370,2025-03-14,F01,F05,P061,32.0,EU to EU Internal
STO05371,2025-03-23,F01,F05,P062,12.0,EU to EU Internal
STO05372,2025-03-24,F01,F05,P063,28.0,EU to EU Internal
STO05373,2025-03-21,F01,F05,P064,20.0,EU to EU Internal
STO05374,2025-03-11,F01,F05,P065,31.0,EU to EU Internal
STO05375,2025-03-16,F01,F05,P067,18.0,EU to EU Internal
STO05376,2025-03-20,F01,F05,P069,15.0,EU to EU Internal
STO05377,2025-03-11,F01,F05,P070,102.0,EU to EU Internal
STO05378,2025-03-14,F01,F05,P071,20.0,EU to EU Internal
STO05379,2025-03-24,F01,F05,P072,7.0,EU to EU Internal
STO05380,2025-03-12,F01,F05,P073,23.0,EU to EU Internal
STO05381,2025-03-23,F01,F05,P076,14.0,EU to EU Internal
STO05382,2025-03-15,F01,F05,P077,2.0,EU to EU Internal
STO05383,2025-03-16,F01,F05,P079,7.0,EU to EU Internal
STO05384,2025-03-13,F01,F05,P080,8.0,EU to EU Internal
STO05385,2025-03-15,F01,F05,P081,97.0,EU to EU Internal
STO05386,2025-03-16,F01,F05,P083,18.0,EU to EU Internal
STO05387,2025-03-19,F01,F05,P084,12.0,EU to EU Internal
STO05388,2025-03-24,F01,F05,P085,41.0,EU to EU Internal
STO05389,2025-03-13,F01,F05,P086,21.0,EU to EU Internal
STO05390,2025-03-13,F01,F05,P087,74.0,EU to EU Internal
STO05391,2025-03-11,F01,F05,P088,24.0,EU to EU Internal
STO05392,2025-03-19,F01,F05,P089,60.0,EU to EU Internal
STO05393,2025-03-19,F01,F05,P090,11.0,EU to EU Internal
STO05394,2025-03-23,F01,F05,P091,15.0,EU to EU Internal
STO05395,2025-03-21,F01,F05,P092,22.0,EU to EU Internal
STO05396,2025-03-23,F01,F05,P093,39.0,EU to EU Internal
STO05397,2025-03-14,F01,F05,P094,15.0,EU to EU Internal
STO05398,2025-03-11,F01,F05,P095,9.0,EU to EU Internal
STO05399,2025-03-21,F01,F05,P096,42.0,EU to EU Internal
STO05400,2025-03-12,F01,F05,P097,78.0,EU to EU Internal
STO05401,2025-03-16,F01,F05,P099,5.0,EU to EU Internal
STO05402,2025-03-22,F01,F06,P001,99.0,EU to EU Internal
STO05403,2025-03-24,F01,F06,P002,18.0,EU to EU Internal
STO05404,2025-03-24,F01,F06,P003,9.0,EU to EU Internal
STO05405,2025-03-14,F01,F06,P004,118.0,EU to EU Internal
STO05406,2025-03-15,F01,F06,P005,133.0,EU to EU Internal
STO05407,2025-03-11,F01,F06,P006,28.0,EU to EU Internal
STO05408,2025-03-21,F01,F06,P007,39.0,EU to EU Internal
STO05409,2025-03-24,F01,F06,P008,45.0,EU to EU Internal
STO05410,2025-03-22,F01,F06,P009,58.0,EU to EU Internal
STO05411,2025-03-13,F01,F06,P010,62.0,EU to EU Internal
STO05412,2025-03-14,F01,F06,P011,82.0,EU to EU Internal
STO05413,2025-03-23,F01,F06,P012,30.0,EU to EU Internal
STO05414,2025-03-24,F01,F06,P013,24.0,EU to EU Internal
STO05415,2025-03-16,F01,F06,P014,51.0,EU to EU Internal
STO05416,2025-03-23,F01,F06,P015,28.0,EU to EU Internal
STO05417,2025-03-20,F01,F06,P016,76.0,EU to EU Internal
STO05418,2025-03-20,F01,F06,P017,74.0,EU to EU Internal
STO05419,2025-03-15,F01,F06,P018,44.0,EU to EU Internal
STO05420,2025-03-18,F01,F06,P019,64.0,EU to EU Internal
STO05421,2025-03-13,F01,F06,P020,78.0,EU to EU Internal
STO05422,2025-03-23,F01,F06,P021,62.0,EU to EU Internal
STO05423,2025-03-13,F01,F06,P022,41.0,EU to EU Internal
STO05424,2025-03-11,F01,F06,P023,38.0,EU to EU Internal
STO05425,2025-03-13,F01,F06,P024,16.0,EU to EU Internal
STO05426,2025-03-14,F01,F06,P025,44.0,EU to EU Internal
STO05427,2025-03-24,F01,F06,P026,16.0,EU to EU Internal
STO05428,2025-03-17,F01,F06,P027,63.0,EU to EU Internal
STO05429,2025-03-12,F01,F06,P028,40.0,EU to EU Internal
STO05430,2025-03-21,F01,F06,P029,22.0,EU to EU Internal
STO05431,2025-03-13,F01,F06,P030,23.0,EU to EU Internal
STO05432,2025-03-17,F01,F06,P031,104.0,EU to EU Internal
STO05433,2025-03-13,F01,F06,P032,39.0,EU to EU Internal
STO05434,2025-03-20,F01,F06,P033,56.0,EU to EU Internal
STO05435,2025-03-13,F01,F06,P034,31.0,EU to EU Internal
STO05436,2025-03-13,F01,F06,P035,5.0,EU to EU Internal
STO05437,2025-03-21,F01,F06,P036,22.0,EU to EU Internal
STO05438,2025-03-24,F01,F06,P037,44.0,EU to EU Internal
STO05439,2025-03-23,F01,F06,P038,36.0,EU to EU Internal
STO05440,2025-03-20,F01,F06,P039,44.0,EU to EU Internal
STO05441,2025-03-17,F01,F06,P040,46.0,EU to EU Internal
STO05442,2025-03-16,F01,F06,P041,36.0,EU to EU Internal
STO05443,2025-03-22,F01,F06,P042,86.0,EU to EU Internal
STO05444,2025-03-18,F01,F06,P043,8.0,EU to EU Internal
STO05445,2025-03-21,F01,F06,P044,57.0,EU to EU Internal
STO05446,2025-03-18,F01,F06,P045,79.0,EU to EU Internal
STO05447,2025-03-14,F01,F06,P046,88.0,EU to EU Internal
STO05448,2025-03-17,F01,F06,P047,31.0,EU to EU Internal
STO05449,2025-03-17,F01,F06,P048,112.0,EU to EU Internal
STO05450,2025-03-15,F01,F06,P049,46.0,EU to EU Internal
STO05451,2025-03-18,F01,F06,P050,97.0,EU to EU Internal
STO05452,2025-03-14,F01,F06,P051,73.0,EU to EU Internal
STO05453,2025-03-20,F01,F06,P052,41.0,EU to EU Internal
STO05454,2025-03-20,F01,F06,P053,26.0,EU to EU Internal
STO05455,2025-03-13,F01,F06,P054,20.0,EU to EU Internal
STO05456,2025-03-11,F01,F06,P055,22.0,EU to EU Internal
STO05457,2025-03-11,F01,F06,P056,18.0,EU to EU Internal
STO05458,2025-03-12,F01,F06,P057,85.0,EU to EU Internal
STO05459,2025-03-18,F01,F06,P058,60.0,EU to EU Internal
STO05460,2025-03-16,F01,F06,P059,80.0,EU to EU Internal
STO05461,2025-03-16,F01,F06,P060,52.0,EU to EU Internal
STO05462,2025-03-20,F01,F06,P061,95.0,EU to EU Internal
STO05463,2025-03-24,F01,F06,P062,34.0,EU to EU Internal
STO05464,2025-03-20,F01,F06,P063,100.0,EU to EU Internal
STO05465,2025-03-15,F01,F06,P064,81.0,EU to EU Internal
STO05466,2025-03-22,F01,F06,P065,82.0,EU to EU Internal
STO05467,2025-03-14,F01,F06,P066,28.0,EU to EU Internal
STO05468,2025-03-17,F01,F06,P067,57.0,EU to EU Internal
STO05469,2025-03-12,F01,F06,P068,63.0,EU to EU Internal
STO05470,2025-03-12,F01,F06,P069,30.0,EU to EU Internal
STO05471,2025-03-23,F01,F06,P070,35.0,EU to EU Internal
STO05472,2025-03-13,F01,F06,P071,39.0,EU to EU Internal
STO05473,2025-03-15,F01,F06,P072,71.0,EU to EU Internal
STO05474,2025-03-19,F01,F06,P073,71.0,EU to EU Internal
STO05475,2025-03-18,F01,F06,P074,25.0,EU to EU Internal
STO05476,2025-03-11,F01,F06,P075,42.0,EU to EU Internal
STO05477,2025-03-20,F01,F06,P076,55.0,EU to EU Internal
STO05478,2025-03-12,F01,F06,P077,147.0,EU to EU Internal
STO05479,2025-03-19,F01,F06,P078,36.0,EU to EU Internal
STO05480,2025-03-12,F01,F06,P079,48.0,EU to EU Internal
STO05481,2025-03-12,F01,F06,P080,21.0,EU to EU Internal
STO05482,2025-03-22,F01,F06,P081,146.0,EU to EU Internal
STO05483,2025-03-22,F01,F06,P082,103.0,EU to EU Internal
STO05484,2025-03-17,F01,F06,P083,26.0,EU to EU Internal
STO05485,2025-03-11,F01,F06,P084,43.0,EU to EU Internal
STO05486,2025-03-24,F01,F06,P085,39.0,EU to EU Internal
STO05487,2025-03-24,F01,F06,P086,65.0,EU to EU Internal
STO05488,2025-03-14,F01,F06,P087,80.0,EU to EU Internal
STO05489,2025-03-20,F01,F06,P088,40.0,EU to EU Internal
STO05490,2025-03-14,F01,F06,P089,66.0,EU to EU Internal
STO05491,2025-03-22,F01,F06,P090,14.0,EU to EU Internal
STO05492,2025-03-21,F01,F06,P091,14.0,EU to EU Internal
STO05493,2025-03-19,F01,F06,P092,49.0,EU to EU Internal
STO05494,2025-03-21,F01,F06,P093,127.0,EU to EU Internal
STO05495,2025-03-20,F01,F06,P094,102.0,EU to EU Internal
STO05496,2025-03-21,F01,F06,P095,40.0,EU to EU Internal
STO05497,2025-03-21,F01,F06,P096,83.0,EU to EU Internal
STO05498,2025-03-11,F01,F06,P097,191.0,EU to EU Internal
STO05499,2025-03-18,F01,F06,P098,141.0,EU to EU Internal
STO05500,2025-03-23,F01,F06,P099,40.0,EU to EU Internal
STO05501,2025-03-20,F01,F06,P100,59.0,EU to EU Internal
STO05502,2025-04-13,F03,F02,P001,35.0,EU to EU Internal
STO05503,2025-04-13,F03,F02,P002,35.0,EU to EU Internal
STO05504,2025-04-21,F03,F02,P003,31.0,EU to EU Internal
STO05505,2025-04-10,F03,F02,P004,123.0,EU to EU Internal
STO05506,2025-04-21,F03,F02,P005,74.0,EU to EU Internal
STO05507,2025-04-10,F03,F02,P008,18.0,EU to EU Internal
STO05508,2025-04-13,F03,F02,P009,26.0,EU to EU Internal
STO05509,2025-04-20,F03,F02,P010,52.0,EU to EU Internal
STO05510,2025-04-23,F03,F02,P011,17.0,EU to EU Internal
STO05511,2025-04-14,F03,F02,P012,4.0,EU to EU Internal
STO05512,2025-04-19,F03,F02,P013,27.0,EU to EU Internal
STO05513,2025-04-17,F03,F02,P014,97.0,EU to EU Internal
STO05514,2025-04-12,F03,F02,P015,7.0,EU to EU Internal
STO05515,2025-04-22,F03,F02,P016,83.0,EU to EU Internal
STO05516,2025-04-12,F03,F02,P017,22.0,EU to EU Internal
STO05517,2025-04-18,F03,F02,P018,43.0,EU to EU Internal
STO05518,2025-04-10,F03,F02,P019,47.0,EU to EU Internal
STO05519,2025-04-21,F03,F02,P020,9.0,EU to EU Internal
STO05520,2025-04-19,F03,F02,P021,32.0,EU to EU Internal
STO05521,2025-04-15,F03,F02,P022,25.0,EU to EU Internal
STO05522,2025-04-21,F03,F02,P023,57.0,EU to EU Internal
STO05523,2025-04-14,F03,F02,P024,56.0,EU to EU Internal
STO05524,2025-04-23,F03,F02,P026,21.0,EU to EU Internal
STO05525,2025-04-18,F03,F02,P027,59.0,EU to EU Internal
STO05526,2025-04-20,F03,F02,P028,71.0,EU to EU Internal
STO05527,2025-04-21,F03,F02,P029,121.0,EU to EU Internal
STO05528,2025-04-12,F03,F02,P030,39.0,EU to EU Internal
STO05529,2025-04-22,F03,F02,P031,171.0,EU to EU Internal
STO05530,2025-04-16,F03,F02,P033,9.0,EU to EU Internal
STO05531,2025-04-23,F03,F02,P034,52.0,EU to EU Internal
STO05532,2025-04-13,F03,F02,P035,26.0,EU to EU Internal
STO05533,2025-04-22,F03,F02,P036,136.0,EU to EU Internal
STO05534,2025-04-10,F03,F02,P037,26.0,EU to EU Internal
STO05535,2025-04-20,F03,F02,P038,79.0,EU to EU Internal
STO05536,2025-04-15,F03,F02,P039,2.0,EU to EU Internal
STO05537,2025-04-23,F03,F02,P040,36.0,EU to EU Internal
STO05538,2025-04-18,F03,F02,P041,28.0,EU to EU Internal
STO05539,2025-04-15,F03,F02,P042,67.0,EU to EU Internal
STO05540,2025-04-16,F03,F02,P043,131.0,EU to EU Internal
STO05541,2025-04-10,F03,F02,P044,17.0,EU to EU Internal
STO05542,2025-04-12,F03,F02,P045,46.0,EU to EU Internal
STO05543,2025-04-16,F03,F02,P046,44.0,EU to EU Internal
STO05544,2025-04-18,F03,F02,P047,87.0,EU to EU Internal
STO05545,2025-04-22,F03,F02,P048,12.0,EU to EU Internal
STO05546,2025-04-21,F03,F02,P049,32.0,EU to EU Internal
STO05547,2025-04-18,F03,F02,P050,81.0,EU to EU Internal
STO05548,2025-04-19,F03,F02,P051,52.0,EU to EU Internal
STO05549,2025-04-23,F03,F02,P052,13.0,EU to EU Internal
STO05550,2025-04-10,F03,F02,P053,46.0,EU to EU Internal
STO05551,2025-04-15,F03,F02,P054,18.0,EU to EU Internal
STO05552,2025-04-19,F03,F02,P055,18.0,EU to EU Internal
STO05553,2025-04-17,F03,F02,P056,45.0,EU to EU Internal
STO05554,2025-04-12,F03,F02,P057,48.0,EU to EU Internal
STO05555,2025-04-20,F03,F02,P058,14.0,EU to EU Internal
STO05556,2025-04-16,F03,F02,P059,45.0,EU to EU Internal
STO05557,2025-04-18,F03,F02,P060,3.0,EU to EU Internal
STO05558,2025-04-23,F03,F02,P061,55.0,EU to EU Internal
STO05559,2025-04-11,F03,F02,P062,35.0,EU to EU Internal
STO05560,2025-04-13,F03,F02,P063,85.0,EU to EU Internal
STO05561,2025-04-16,F03,F02,P064,37.0,EU to EU Internal
STO05562,2025-04-15,F03,F02,P065,80.0,EU to EU Internal
STO05563,2025-04-18,F03,F02,P067,13.0,EU to EU Internal
STO05564,2025-04-17,F03,F02,P068,8.0,EU to EU Internal
STO05565,2025-04-11,F03,F02,P069,68.0,EU to EU Internal
STO05566,2025-04-21,F03,F02,P070,96.0,EU to EU Internal
STO05567,2025-04-15,F03,F02,P071,33.0,EU to EU Internal
STO05568,2025-04-10,F03,F02,P072,15.0,EU to EU Internal
STO05569,2025-04-10,F03,F02,P073,2.0,EU to EU Internal
STO05570,2025-04-18,F03,F02,P074,16.0,EU to EU Internal
STO05571,2025-04-23,F03,F02,P075,36.0,EU to EU Internal
STO05572,2025-04-21,F03,F02,P076,37.0,EU to EU Internal
STO05573,2025-04-13,F03,F02,P077,72.0,EU to EU Internal
STO05574,2025-04-18,F03,F02,P079,54.0,EU to EU Internal
STO05575,2025-04-17,F03,F02,P080,15.0,EU to EU Internal
STO05576,2025-04-22,F03,F02,P081,94.0,EU to EU Internal
STO05577,2025-04-11,F03,F02,P082,18.0,EU to EU Internal
STO05578,2025-04-23,F03,F02,P084,23.0,EU to EU Internal
STO05579,2025-04-10,F03,F02,P085,47.0,EU to EU Internal
STO05580,2025-04-13,F03,F02,P086,20.0,EU to EU Internal
STO05581,2025-04-22,F03,F02,P087,111.0,EU to EU Internal
STO05582,2025-04-22,F03,F02,P088,47.0,EU to EU Internal
STO05583,2025-04-12,F03,F02,P089,17.0,EU to EU Internal
STO05584,2025-04-21,F03,F02,P091,12.0,EU to EU Internal
STO05585,2025-04-17,F03,F02,P092,87.0,EU to EU Internal
STO05586,2025-04-12,F03,F02,P093,36.0,EU to EU Internal
STO05587,2025-04-11,F03,F02,P094,75.0,EU to EU Internal
STO05588,2025-04-21,F03,F02,P095,47.0,EU to EU Internal
STO05589,2025-04-11,F03,F02,P096,24.0,EU to EU Internal
STO05590,2025-04-23,F03,F02,P097,9.0,EU to EU Internal
STO05591,2025-04-16,F03,F02,P098,26.0,EU to EU Internal
STO05592,2025-04-14,F03,F02,P100,48.0,EU to EU Internal
STO05593,2025-04-19,F03,F04,P001,37.0,EU to EU Internal
STO05594,2025-04-17,F03,F04,P002,74.0,EU to EU Internal
STO05595,2025-04-14,F03,F04,P003,129.0,EU to EU Internal
STO05596,2025-04-15,F03,F04,P004,181.0,EU to EU Internal
STO05597,2025-04-16,F03,F04,P005,66.0,EU to EU Internal
STO05598,2025-04-10,F03,F04,P006,23.0,EU to EU Internal
STO05599,2025-04-23,F03,F04,P007,54.0,EU to EU Internal
STO05600,2025-04-12,F03,F04,P008,30.0,EU to EU Internal
STO05601,2025-04-15,F03,F04,P009,20.0,EU to EU Internal
STO05602,2025-04-11,F03,F04,P010,68.0,EU to EU Internal
STO05603,2025-04-23,F03,F04,P011,17.0,EU to EU Internal
STO05604,2025-04-19,F03,F04,P012,39.0,EU to EU Internal
STO05605,2025-04-18,F03,F04,P013,145.0,EU to EU Internal
STO05606,2025-04-10,F03,F04,P014,88.0,EU to EU Internal
STO05607,2025-04-15,F03,F04,P015,83.0,EU to EU Internal
STO05608,2025-04-16,F03,F04,P016,135.0,EU to EU Internal
STO05609,2025-04-12,F03,F04,P018,72.0,EU to EU Internal
STO05610,2025-04-18,F03,F04,P019,103.0,EU to EU Internal
STO05611,2025-04-17,F03,F04,P020,108.0,EU to EU Internal
STO05612,2025-04-16,F03,F04,P021,42.0,EU to EU Internal
STO05613,2025-04-16,F03,F04,P022,140.0,EU to EU Internal
STO05614,2025-04-14,F03,F04,P023,96.0,EU to EU Internal
STO05615,2025-04-17,F03,F04,P024,21.0,EU to EU Internal
STO05616,2025-04-14,F03,F04,P025,8.0,EU to EU Internal
STO05617,2025-04-12,F03,F04,P026,67.0,EU to EU Internal
STO05618,2025-04-13,F03,F04,P027,168.0,EU to EU Internal
STO05619,2025-04-17,F03,F04,P028,120.0,EU to EU Internal
STO05620,2025-04-19,F03,F04,P029,141.0,EU to EU Internal
STO05621,2025-04-13,F03,F04,P030,211.0,EU to EU Internal
STO05622,2025-04-21,F03,F04,P031,69.0,EU to EU Internal
STO05623,2025-04-13,F03,F04,P032,92.0,EU to EU Internal
STO05624,2025-04-10,F03,F04,P033,63.0,EU to EU Internal
STO05625,2025-04-22,F03,F04,P034,62.0,EU to EU Internal
STO05626,2025-04-20,F03,F04,P035,41.0,EU to EU Internal
STO05627,2025-04-20,F03,F04,P036,118.0,EU to EU Internal
STO05628,2025-04-14,F03,F04,P037,79.0,EU to EU Internal
STO05629,2025-04-17,F03,F04,P038,59.0,EU to EU Internal
STO05630,2025-04-15,F03,F04,P039,30.0,EU to EU Internal
STO05631,2025-04-17,F03,F04,P040,87.0,EU to EU Internal
STO05632,2025-04-10,F03,F04,P041,27.0,EU to EU Internal
STO05633,2025-04-11,F03,F04,P042,97.0,EU to EU Internal
STO05634,2025-04-18,F03,F04,P043,76.0,EU to EU Internal
STO05635,2025-04-17,F03,F04,P044,58.0,EU to EU Internal
STO05636,2025-04-19,F03,F04,P045,77.0,EU to EU Internal
STO05637,2025-04-11,F03,F04,P046,123.0,EU to EU Internal
STO05638,2025-04-18,F03,F04,P047,111.0,EU to EU Internal
STO05639,2025-04-14,F03,F04,P048,51.0,EU to EU Internal
STO05640,2025-04-17,F03,F04,P049,32.0,EU to EU Internal
STO05641,2025-04-13,F03,F04,P050,166.0,EU to EU Internal
STO05642,2025-04-21,F03,F04,P051,264.0,EU to EU Internal
STO05643,2025-04-15,F03,F04,P052,171.0,EU to EU Internal
STO05644,2025-04-14,F03,F04,P053,155.0,EU to EU Internal
STO05645,2025-04-19,F03,F04,P054,48.0,EU to EU Internal
STO05646,2025-04-17,F03,F04,P055,50.0,EU to EU Internal
STO05647,2025-04-21,F03,F04,P056,114.0,EU to EU Internal
STO05648,2025-04-19,F03,F04,P057,149.0,EU to EU Internal
STO05649,2025-04-14,F03,F04,P058,89.0,EU to EU Internal
STO05650,2025-04-15,F03,F04,P059,74.0,EU to EU Internal
STO05651,2025-04-20,F03,F04,P060,29.0,EU to EU Internal
STO05652,2025-04-19,F03,F04,P061,157.0,EU to EU Internal
STO05653,2025-04-20,F03,F04,P062,83.0,EU to EU Internal
STO05654,2025-04-22,F03,F04,P063,113.0,EU to EU Internal
STO05655,2025-04-20,F03,F04,P064,89.0,EU to EU Internal
STO05656,2025-04-11,F03,F04,P065,125.0,EU to EU Internal
STO05657,2025-04-22,F03,F04,P066,1.0,EU to EU Internal
STO05658,2025-04-11,F03,F04,P067,12.0,EU to EU Internal
STO05659,2025-04-16,F03,F04,P068,13.0,EU to EU Internal
STO05660,2025-04-22,F03,F04,P069,42.0,EU to EU Internal
STO05661,2025-04-23,F03,F04,P070,20.0,EU to EU Internal
STO05662,2025-04-10,F03,F04,P071,136.0,EU to EU Internal
STO05663,2025-04-22,F03,F04,P072,74.0,EU to EU Internal
STO05664,2025-04-20,F03,F04,P073,190.0,EU to EU Internal
STO05665,2025-04-21,F03,F04,P074,60.0,EU to EU Internal
STO05666,2025-04-18,F03,F04,P075,64.0,EU to EU Internal
STO05667,2025-04-20,F03,F04,P076,32.0,EU to EU Internal
STO05668,2025-04-21,F03,F04,P077,158.0,EU to EU Internal
STO05669,2025-04-14,F03,F04,P078,24.0,EU to EU Internal
STO05670,2025-04-10,F03,F04,P079,135.0,EU to EU Internal
STO05671,2025-04-17,F03,F04,P080,18.0,EU to EU Internal
STO05672,2025-04-16,F03,F04,P081,281.0,EU to EU Internal
STO05673,2025-04-20,F03,F04,P082,186.0,EU to EU Internal
STO05674,2025-04-18,F03,F04,P083,11.0,EU to EU Internal
STO05675,2025-04-12,F03,F04,P084,126.0,EU to EU Internal
STO05676,2025-04-15,F03,F04,P085,121.0,EU to EU Internal
STO05677,2025-04-20,F03,F04,P086,14.0,EU to EU Internal
STO05678,2025-04-21,F03,F04,P087,120.0,EU to EU Internal
STO05679,2025-04-10,F03,F04,P088,49.0,EU to EU Internal
STO05680,2025-04-22,F03,F04,P089,12.0,EU to EU Internal
STO05681,2025-04-17,F03,F04,P091,124.0,EU to EU Internal
STO05682,2025-04-22,F03,F04,P092,122.0,EU to EU Internal
STO05683,2025-04-22,F03,F04,P093,87.0,EU to EU Internal
STO05684,2025-04-19,F03,F04,P094,167.0,EU to EU Internal
STO05685,2025-04-23,F03,F04,P095,51.0,EU to EU Internal
STO05686,2025-04-12,F03,F04,P096,54.0,EU to EU Internal
STO05687,2025-04-17,F03,F04,P097,233.0,EU to EU Internal
STO05688,2025-04-12,F03,F04,P098,294.0,EU to EU Internal
STO05689,2025-04-20,F03,F04,P099,239.0,EU to EU Internal
STO05690,2025-04-21,F03,F04,P100,17.0,EU to EU Internal
STO05691,2025-04-12,F01,F05,P002,3.0,EU to EU Internal
STO05692,2025-04-15,F01,F05,P003,15.0,EU to EU Internal
STO05693,2025-04-14,F01,F05,P005,53.0,EU to EU Internal
STO05694,2025-04-10,F01,F05,P007,24.0,EU to EU Internal
STO05695,2025-04-14,F01,F05,P008,36.0,EU to EU Internal
STO05696,2025-04-23,F01,F05,P009,54.0,EU to EU Internal
STO05697,2025-04-17,F01,F05,P010,17.0,EU to EU Internal
STO05698,2025-04-13,F01,F05,P011,95.0,EU to EU Internal
STO05699,2025-04-11,F01,F05,P012,26.0,EU to EU Internal
STO05700,2025-04-14,F01,F05,P014,14.0,EU to EU Internal
STO05701,2025-04-18,F01,F05,P015,99.0,EU to EU Internal
STO05702,2025-04-23,F01,F05,P017,5.0,EU to EU Internal
STO05703,2025-04-14,F01,F05,P018,13.0,EU to EU Internal
STO05704,2025-04-15,F01,F05,P019,17.0,EU to EU Internal
STO05705,2025-04-14,F01,F05,P020,105.0,EU to EU Internal
STO05706,2025-04-10,F01,F05,P021,25.0,EU to EU Internal
STO05707,2025-04-23,F01,F05,P022,21.0,EU to EU Internal
STO05708,2025-04-21,F01,F05,P023,9.0,EU to EU Internal
STO05709,2025-04-13,F01,F05,P024,23.0,EU to EU Internal
STO05710,2025-04-22,F01,F05,P025,4.0,EU to EU Internal
STO05711,2025-04-13,F01,F05,P026,13.0,EU to EU Internal
STO05712,2025-04-23,F01,F05,P028,17.0,EU to EU Internal
STO05713,2025-04-12,F01,F05,P029,8.0,EU to EU Internal
STO05714,2025-04-11,F01,F05,P030,17.0,EU to EU Internal
STO05715,2025-04-10,F01,F05,P032,30.0,EU to EU Internal
STO05716,2025-04-17,F01,F05,P034,38.0,EU to EU Internal
STO05717,2025-04-10,F01,F05,P035,12.0,EU to EU Internal
STO05718,2025-04-23,F01,F05,P037,8.0,EU to EU Internal
STO05719,2025-04-13,F01,F05,P038,17.0,EU to EU Internal
STO05720,2025-04-17,F01,F05,P039,35.0,EU to EU Internal
STO05721,2025-04-19,F01,F05,P041,12.0,EU to EU Internal
STO05722,2025-04-13,F01,F05,P042,21.0,EU to EU Internal
STO05723,2025-04-17,F01,F05,P043,14.0,EU to EU Internal
STO05724,2025-04-16,F01,F05,P044,31.0,EU to EU Internal
STO05725,2025-04-11,F01,F05,P045,30.0,EU to EU Internal
STO05726,2025-04-10,F01,F05,P046,108.0,EU to EU Internal
STO05727,2025-04-18,F01,F05,P047,2.0,EU to EU Internal
STO05728,2025-04-23,F01,F05,P048,18.0,EU to EU Internal
STO05729,2025-04-12,F01,F05,P049,7.0,EU to EU Internal
STO05730,2025-04-22,F01,F05,P050,14.0,EU to EU Internal
STO05731,2025-04-14,F01,F05,P051,41.0,EU to EU Internal
STO05732,2025-04-23,F01,F05,P052,11.0,EU to EU Internal
STO05733,2025-04-14,F01,F05,P055,20.0,EU to EU Internal
STO05734,2025-04-17,F01,F05,P056,27.0,EU to EU Internal
STO05735,2025-04-20,F01,F05,P057,52.0,EU to EU Internal
STO05736,2025-04-13,F01,F05,P059,67.0,EU to EU Internal
STO05737,2025-04-21,F01,F05,P061,73.0,EU to EU Internal
STO05738,2025-04-15,F01,F05,P062,8.0,EU to EU Internal
STO05739,2025-04-17,F01,F05,P063,6.0,EU to EU Internal
STO05740,2025-04-22,F01,F05,P064,2.0,EU to EU Internal
STO05741,2025-04-11,F01,F05,P065,32.0,EU to EU Internal
STO05742,2025-04-18,F01,F05,P067,16.0,EU to EU Internal
STO05743,2025-04-13,F01,F05,P069,15.0,EU to EU Internal
STO05744,2025-04-22,F01,F05,P070,34.0,EU to EU Internal
STO05745,2025-04-20,F01,F05,P071,18.0,EU to EU Internal
STO05746,2025-04-20,F01,F05,P072,3.0,EU to EU Internal
STO05747,2025-04-14,F01,F05,P073,6.0,EU to EU Internal
STO05748,2025-04-10,F01,F05,P076,33.0,EU to EU Internal
STO05749,2025-04-12,F01,F05,P077,17.0,EU to EU Internal
STO05750,2025-04-22,F01,F05,P079,31.0,EU to EU Internal
STO05751,2025-04-20,F01,F05,P080,27.0,EU to EU Internal
STO05752,2025-04-11,F01,F05,P081,72.0,EU to EU Internal
STO05753,2025-04-13,F01,F05,P083,5.0,EU to EU Internal
STO05754,2025-04-17,F01,F05,P084,44.0,EU to EU Internal
STO05755,2025-04-10,F01,F05,P085,28.0,EU to EU Internal
STO05756,2025-04-13,F01,F05,P086,17.0,EU to EU Internal
STO05757,2025-04-21,F01,F05,P087,37.0,EU to EU Internal
STO05758,2025-04-21,F01,F05,P088,26.0,EU to EU Internal
STO05759,2025-04-19,F01,F05,P089,24.0,EU to EU Internal
STO05760,2025-04-21,F01,F05,P090,19.0,EU to EU Internal
STO05761,2025-04-17,F01,F05,P091,14.0,EU to EU Internal
STO05762,2025-04-18,F01,F05,P092,35.0,EU to EU Internal
STO05763,2025-04-16,F01,F05,P093,52.0,EU to EU Internal
STO05764,2025-04-17,F01,F05,P094,22.0,EU to EU Internal
STO05765,2025-04-17,F01,F05,P095,1.0,EU to EU Internal
STO05766,2025-04-13,F01,F05,P096,36.0,EU to EU Internal
STO05767,2025-04-19,F01,F05,P097,96.0,EU to EU Internal
STO05768,2025-04-17,F01,F05,P099,34.0,EU to EU Internal
STO05769,2025-04-23,F01,F06,P001,27.0,EU to EU Internal
STO05770,2025-04-14,F01,F06,P002,24.0,EU to EU Internal
STO05771,2025-04-15,F01,F06,P003,9.0,EU to EU Internal
STO05772,2025-04-23,F01,F06,P004,65.0,EU to EU Internal
STO05773,2025-04-16,F01,F06,P005,90.0,EU to EU Internal
STO05774,2025-04-18,F01,F06,P006,34.0,EU to EU Internal
STO05775,2025-04-23,F01,F06,P007,36.0,EU to EU Internal
STO05776,2025-04-14,F01,F06,P008,49.0,EU to EU Internal
STO05777,2025-04-20,F01,F06,P009,84.0,EU to EU Internal
STO05778,2025-04-20,F01,F06,P010,77.0,EU to EU Internal
STO05779,2025-04-22,F01,F06,P011,84.0,EU to EU Internal
STO05780,2025-04-22,F01,F06,P012,20.0,EU to EU Internal
STO05781,2025-04-18,F01,F06,P013,19.0,EU to EU Internal
STO05782,2025-04-10,F01,F06,P014,39.0,EU to EU Internal
STO05783,2025-04-15,F01,F06,P015,47.0,EU to EU Internal
STO05784,2025-04-14,F01,F06,P016,114.0,EU to EU Internal
STO05785,2025-04-11,F01,F06,P017,77.0,EU to EU Internal
STO05786,2025-04-15,F01,F06,P018,83.0,EU to EU Internal
STO05787,2025-04-12,F01,F06,P019,92.0,EU to EU Internal
STO05788,2025-04-17,F01,F06,P020,104.0,EU to EU Internal
STO05789,2025-04-11,F01,F06,P021,43.0,EU to EU Internal
STO05790,2025-04-11,F01,F06,P022,51.0,EU to EU Internal
STO05791,2025-04-13,F01,F06,P023,40.0,EU to EU Internal
STO05792,2025-04-21,F01,F06,P024,10.0,EU to EU Internal
STO05793,2025-04-16,F01,F06,P025,117.0,EU to EU Internal
STO05794,2025-04-13,F01,F06,P026,17.0,EU to EU Internal
STO05795,2025-04-10,F01,F06,P027,106.0,EU to EU Internal
STO05796,2025-04-21,F01,F06,P028,65.0,EU to EU Internal
STO05797,2025-04-15,F01,F06,P029,52.0,EU to EU Internal
STO05798,2025-04-21,F01,F06,P030,51.0,EU to EU Internal
STO05799,2025-04-15,F01,F06,P031,97.0,EU to EU Internal
STO05800,2025-04-21,F01,F06,P032,48.0,EU to EU Internal
STO05801,2025-04-21,F01,F06,P033,40.0,EU to EU Internal
STO05802,2025-04-17,F01,F06,P034,29.0,EU to EU Internal
STO05803,2025-04-19,F01,F06,P035,18.0,EU to EU Internal
STO05804,2025-04-14,F01,F06,P036,55.0,EU to EU Internal
STO05805,2025-04-23,F01,F06,P037,36.0,EU to EU Internal
STO05806,2025-04-12,F01,F06,P038,51.0,EU to EU Internal
STO05807,2025-04-19,F01,F06,P039,82.0,EU to EU Internal
STO05808,2025-04-16,F01,F06,P040,50.0,EU to EU Internal
STO05809,2025-04-19,F01,F06,P041,40.0,EU to EU Internal
STO05810,2025-04-16,F01,F06,P042,73.0,EU to EU Internal
STO05811,2025-04-18,F01,F06,P043,15.0,EU to EU Internal
STO05812,2025-04-15,F01,F06,P044,42.0,EU to EU Internal
STO05813,2025-04-14,F01,F06,P045,59.0,EU to EU Internal
STO05814,2025-04-22,F01,F06,P046,118.0,EU to EU Internal
STO05815,2025-04-17,F01,F06,P047,58.0,EU to EU Internal
STO05816,2025-04-13,F01,F06,P048,65.0,EU to EU Internal
STO05817,2025-04-18,F01,F06,P049,51.0,EU to EU Internal
STO05818,2025-04-17,F01,F06,P050,85.0,EU to EU Internal
STO05819,2025-04-19,F01,F06,P051,114.0,EU to EU Internal
STO05820,2025-04-19,F01,F06,P052,36.0,EU to EU Internal
STO05821,2025-04-18,F01,F06,P053,29.0,EU to EU Internal
STO05822,2025-04-14,F01,F06,P054,33.0,EU to EU Internal
STO05823,2025-04-11,F01,F06,P055,58.0,EU to EU Internal
STO05824,2025-04-15,F01,F06,P056,22.0,EU to EU Internal
STO05825,2025-04-21,F01,F06,P057,56.0,EU to EU Internal
STO05826,2025-04-20,F01,F06,P058,68.0,EU to EU Internal
STO05827,2025-04-15,F01,F06,P059,85.0,EU to EU Internal
STO05828,2025-04-12,F01,F06,P060,46.0,EU to EU Internal
STO05829,2025-04-14,F01,F06,P061,128.0,EU to EU Internal
STO05830,2025-04-23,F01,F06,P062,43.0,EU to EU Internal
STO05831,2025-04-14,F01,F06,P063,60.0,EU to EU Internal
STO05832,2025-04-22,F01,F06,P064,48.0,EU to EU Internal
STO05833,2025-04-12,F01,F06,P065,75.0,EU to EU Internal
STO05834,2025-04-10,F01,F06,P066,22.0,EU to EU Internal
STO05835,2025-04-13,F01,F06,P067,27.0,EU to EU Internal
STO05836,2025-04-14,F01,F06,P068,56.0,EU to EU Internal
STO05837,2025-04-13,F01,F06,P069,45.0,EU to EU Internal
STO05838,2025-04-23,F01,F06,P070,27.0,EU to EU Internal
STO05839,2025-04-17,F01,F06,P071,21.0,EU to EU Internal
STO05840,2025-04-19,F01,F06,P072,93.0,EU to EU Internal
STO05841,2025-04-18,F01,F06,P073,61.0,EU to EU Internal
STO05842,2025-04-11,F01,F06,P074,46.0,EU to EU Internal
STO05843,2025-04-10,F01,F06,P075,34.0,EU to EU Internal
STO05844,2025-04-14,F01,F06,P076,55.0,EU to EU Internal
STO05845,2025-04-13,F01,F06,P077,111.0,EU to EU Internal
STO05846,2025-04-14,F01,F06,P078,16.0,EU to EU Internal
STO05847,2025-04-16,F01,F06,P079,29.0,EU to EU Internal
STO05848,2025-04-15,F01,F06,P080,29.0,EU to EU Internal
STO05849,2025-04-17,F01,F06,P081,117.0,EU to EU Internal
STO05850,2025-04-22,F01,F06,P082,134.0,EU to EU Internal
STO05851,2025-04-16,F01,F06,P083,38.0,EU to EU Internal
STO05852,2025-04-13,F01,F06,P084,43.0,EU to EU Internal
STO05853,2025-04-17,F01,F06,P085,40.0,EU to EU Internal
STO05854,2025-04-13,F01,F06,P086,76.0,EU to EU Internal
STO05855,2025-04-20,F01,F06,P087,38.0,EU to EU Internal
STO05856,2025-04-15,F01,F06,P088,65.0,EU to EU Internal
STO05857,2025-04-19,F01,F06,P089,102.0,EU to EU Internal
STO05858,2025-04-19,F01,F06,P090,43.0,EU to EU Internal
STO05859,2025-04-19,F01,F06,P091,34.0,EU to EU Internal
STO05860,2025-04-23,F01,F06,P092,37.0,EU to EU Internal
STO05861,2025-04-22,F01,F06,P093,108.0,EU to EU Internal
STO05862,2025-04-23,F01,F06,P094,101.0,EU to EU Internal
STO05863,2025-04-13,F01,F06,P095,27.0,EU to EU Internal
STO05864,2025-04-14,F01,F06,P096,54.0,EU to EU Internal
STO05865,2025-04-20,F01,F06,P097,167.0,EU to EU Internal
STO05866,2025-04-18,F01,F06,P098,98.0,EU to EU Internal
STO05867,2025-04-10,F01,F06,P099,37.0,EU to EU Internal
STO05868,2025-04-10,F01,F06,P100,58.0,EU to EU Internal
STO05869,2025-05-16,F03,F02,P001,70.0,EU to EU Internal
STO05870,2025-05-16,F03,F02,P002,29.0,EU to EU Internal
STO05871,2025-05-11,F03,F02,P003,30.0,EU to EU Internal
STO05872,2025-05-18,F03,F02,P004,152.0,EU to EU Internal
STO05873,2025-05-19,F03,F02,P005,83.0,EU to EU Internal
STO05874,2025-05-21,F03,F02,P006,2.0,EU to EU Internal
STO05875,2025-05-21,F03,F02,P008,16.0,EU to EU Internal
STO05876,2025-05-16,F03,F02,P009,17.0,EU to EU Internal
STO05877,2025-05-21,F03,F02,P010,42.0,EU to EU Internal
STO05878,2025-05-11,F03,F02,P011,9.0,EU to EU Internal
STO05879,2025-05-24,F03,F02,P012,19.0,EU to EU Internal
STO05880,2025-05-21,F03,F02,P013,18.0,EU to EU Internal
STO05881,2025-05-23,F03,F02,P014,104.0,EU to EU Internal
STO05882,2025-05-13,F03,F02,P015,1.0,EU to EU Internal
STO05883,2025-05-17,F03,F02,P016,147.0,EU to EU Internal
STO05884,2025-05-24,F03,F02,P017,2.0,EU to EU Internal
STO05885,2025-05-23,F03,F02,P018,38.0,EU to EU Internal
STO05886,2025-05-14,F03,F02,P019,87.0,EU to EU Internal
STO05887,2025-05-14,F03,F02,P020,16.0,EU to EU Internal
STO05888,2025-05-14,F03,F02,P021,60.0,EU to EU Internal
STO05889,2025-05-13,F03,F02,P022,7.0,EU to EU Internal
STO05890,2025-05-16,F03,F02,P023,52.0,EU to EU Internal
STO05891,2025-05-15,F03,F02,P024,40.0,EU to EU Internal
STO05892,2025-05-16,F03,F02,P026,29.0,EU to EU Internal
STO05893,2025-05-17,F03,F02,P027,50.0,EU to EU Internal
STO05894,2025-05-19,F03,F02,P028,72.0,EU to EU Internal
STO05895,2025-05-21,F03,F02,P029,54.0,EU to EU Internal
STO05896,2025-05-24,F03,F02,P030,49.0,EU to EU Internal
STO05897,2025-05-11,F03,F02,P031,172.0,EU to EU Internal
STO05898,2025-05-20,F03,F02,P032,4.0,EU to EU Internal
STO05899,2025-05-22,F03,F02,P033,13.0,EU to EU Internal
STO05900,2025-05-15,F03,F02,P034,73.0,EU to EU Internal
STO05901,2025-05-24,F03,F02,P035,11.0,EU to EU Internal
STO05902,2025-05-18,F03,F02,P036,70.0,EU to EU Internal
STO05903,2025-05-17,F03,F02,P037,22.0,EU to EU Internal
STO05904,2025-05-15,F03,F02,P038,153.0,EU to EU Internal
STO05905,2025-05-12,F03,F02,P039,10.0,EU to EU Internal
STO05906,2025-05-23,F03,F02,P040,8.0,EU to EU Internal
STO05907,2025-05-17,F03,F02,P041,24.0,EU to EU Internal
STO05908,2025-05-23,F03,F02,P042,73.0,EU to EU Internal
STO05909,2025-05-14,F03,F02,P043,68.0,EU to EU Internal
STO05910,2025-05-13,F03,F02,P044,23.0,EU to EU Internal
STO05911,2025-05-13,F03,F02,P045,45.0,EU to EU Internal
STO05912,2025-05-19,F03,F02,P046,66.0,EU to EU Internal
STO05913,2025-05-12,F03,F02,P047,106.0,EU to EU Internal
STO05914,2025-05-14,F03,F02,P048,31.0,EU to EU Internal
STO05915,2025-05-19,F03,F02,P049,27.0,EU to EU Internal
STO05916,2025-05-14,F03,F02,P050,38.0,EU to EU Internal
STO05917,2025-05-23,F03,F02,P051,15.0,EU to EU Internal
STO05918,2025-05-17,F03,F02,P052,11.0,EU to EU Internal
STO05919,2025-05-22,F03,F02,P053,30.0,EU to EU Internal
STO05920,2025-05-23,F03,F02,P054,36.0,EU to EU Internal
STO05921,2025-05-22,F03,F02,P055,33.0,EU to EU Internal
STO05922,2025-05-23,F03,F02,P056,72.0,EU to EU Internal
STO05923,2025-05-12,F03,F02,P057,157.0,EU to EU Internal
STO05924,2025-05-17,F03,F02,P058,51.0,EU to EU Internal
STO05925,2025-05-16,F03,F02,P059,16.0,EU to EU Internal
STO05926,2025-05-15,F03,F02,P060,25.0,EU to EU Internal
STO05927,2025-05-23,F03,F02,P061,55.0,EU to EU Internal
STO05928,2025-05-18,F03,F02,P062,30.0,EU to EU Internal
STO05929,2025-05-21,F03,F02,P063,70.0,EU to EU Internal
STO05930,2025-05-12,F03,F02,P064,16.0,EU to EU Internal
STO05931,2025-05-16,F03,F02,P065,130.0,EU to EU Internal
STO05932,2025-05-20,F03,F02,P067,14.0,EU to EU Internal
STO05933,2025-05-22,F03,F02,P068,8.0,EU to EU Internal
STO05934,2025-05-14,F03,F02,P069,74.0,EU to EU Internal
STO05935,2025-05-22,F03,F02,P070,140.0,EU to EU Internal
STO05936,2025-05-15,F03,F02,P071,21.0,EU to EU Internal
STO05937,2025-05-20,F03,F02,P072,17.0,EU to EU Internal
STO05938,2025-05-15,F03,F02,P073,19.0,EU to EU Internal
STO05939,2025-05-11,F03,F02,P074,13.0,EU to EU Internal
STO05940,2025-05-21,F03,F02,P075,28.0,EU to EU Internal
STO05941,2025-05-13,F03,F02,P076,32.0,EU to EU Internal
STO05942,2025-05-12,F03,F02,P077,71.0,EU to EU Internal
STO05943,2025-05-18,F03,F02,P079,90.0,EU to EU Internal
STO05944,2025-05-12,F03,F02,P080,12.0,EU to EU Internal
STO05945,2025-05-23,F03,F02,P081,121.0,EU to EU Internal
STO05946,2025-05-22,F03,F02,P082,50.0,EU to EU Internal
STO05947,2025-05-13,F03,F02,P083,15.0,EU to EU Internal
STO05948,2025-05-13,F03,F02,P084,17.0,EU to EU Internal
STO05949,2025-05-12,F03,F02,P085,102.0,EU to EU Internal
STO05950,2025-05-22,F03,F02,P086,30.0,EU to EU Internal
STO05951,2025-05-19,F03,F02,P087,77.0,EU to EU Internal
STO05952,2025-05-11,F03,F02,P088,36.0,EU to EU Internal
STO05953,2025-05-20,F03,F02,P089,13.0,EU to EU Internal
STO05954,2025-05-24,F03,F02,P091,19.0,EU to EU Internal
STO05955,2025-05-23,F03,F02,P092,66.0,EU to EU Internal
STO05956,2025-05-15,F03,F02,P093,50.0,EU to EU Internal
STO05957,2025-05-23,F03,F02,P094,22.0,EU to EU Internal
STO05958,2025-05-21,F03,F02,P095,40.0,EU to EU Internal
STO05959,2025-05-20,F03,F02,P096,39.0,EU to EU Internal
STO05960,2025-05-24,F03,F02,P097,68.0,EU to EU Internal
STO05961,2025-05-15,F03,F02,P098,28.0,EU to EU Internal
STO05962,2025-05-18,F03,F02,P099,11.0,EU to EU Internal
STO05963,2025-05-16,F03,F02,P100,44.0,EU to EU Internal
STO05964,2025-05-14,F03,F04,P001,52.0,EU to EU Internal
STO05965,2025-05-12,F03,F04,P002,99.0,EU to EU Internal
STO05966,2025-05-23,F03,F04,P003,119.0,EU to EU Internal
STO05967,2025-05-23,F03,F04,P004,35.0,EU to EU Internal
STO05968,2025-05-14,F03,F04,P005,45.0,EU to EU Internal
STO05969,2025-05-12,F03,F04,P006,10.0,EU to EU Internal
STO05970,2025-05-15,F03,F04,P007,46.0,EU to EU Internal
STO05971,2025-05-16,F03,F04,P008,10.0,EU to EU Internal
STO05972,2025-05-19,F03,F04,P009,11.0,EU to EU Internal
STO05973,2025-05-11,F03,F04,P010,47.0,EU to EU Internal
STO05974,2025-05-21,F03,F04,P011,10.0,EU to EU Internal
STO05975,2025-05-17,F03,F04,P012,25.0,EU to EU Internal
STO05976,2025-05-13,F03,F04,P013,123.0,EU to EU Internal
STO05977,2025-05-18,F03,F04,P014,87.0,EU to EU Internal
STO05978,2025-05-21,F03,F04,P015,136.0,EU to EU Internal
STO05979,2025-05-17,F03,F04,P016,55.0,EU to EU Internal
STO05980,2025-05-22,F03,F04,P018,123.0,EU to EU Internal
STO05981,2025-05-14,F03,F04,P019,154.0,EU to EU Internal
STO05982,2025-05-20,F03,F04,P020,100.0,EU to EU Internal
STO05983,2025-05-13,F03,F04,P021,43.0,EU to EU Internal
STO05984,2025-05-17,F03,F04,P022,159.0,EU to EU Internal
STO05985,2025-05-13,F03,F04,P023,38.0,EU to EU Internal
STO05986,2025-05-11,F03,F04,P024,33.0,EU to EU Internal
STO05987,2025-05-24,F03,F04,P025,17.0,EU to EU Internal
STO05988,2025-05-23,F03,F04,P026,58.0,EU to EU Internal
STO05989,2025-05-11,F03,F04,P027,224.0,EU to EU Internal
STO05990,2025-05-17,F03,F04,P028,88.0,EU to EU Internal
STO05991,2025-05-19,F03,F04,P029,95.0,EU to EU Internal
STO05992,2025-05-21,F03,F04,P030,221.0,EU to EU Internal
STO05993,2025-05-19,F03,F04,P031,102.0,EU to EU Internal
STO05994,2025-05-11,F03,F04,P032,103.0,EU to EU Internal
STO05995,2025-05-23,F03,F04,P033,29.0,EU to EU Internal
STO05996,2025-05-19,F03,F04,P034,39.0,EU to EU Internal
STO05997,2025-05-11,F03,F04,P035,33.0,EU to EU Internal
STO05998,2025-05-11,F03,F04,P036,97.0,EU to EU Internal
STO05999,2025-05-14,F03,F04,P037,108.0,EU to EU Internal
STO06000,2025-05-14,F03,F04,P038,56.0,EU to EU Internal
STO06001,2025-05-14,F03,F04,P039,30.0,EU to EU Internal
STO06002,2025-05-19,F03,F04,P040,115.0,EU to EU Internal
STO06003,2025-05-20,F03,F04,P041,19.0,EU to EU Internal
STO06004,2025-05-13,F03,F04,P042,115.0,EU to EU Internal
STO06005,2025-05-19,F03,F04,P043,74.0,EU to EU Internal
STO06006,2025-05-24,F03,F04,P044,38.0,EU to EU Internal
STO06007,2025-05-17,F03,F04,P045,119.0,EU to EU Internal
STO06008,2025-05-15,F03,F04,P046,166.0,EU to EU Internal
STO06009,2025-05-12,F03,F04,P047,139.0,EU to EU Internal
STO06010,2025-05-21,F03,F04,P048,50.0,EU to EU Internal
STO06011,2025-05-20,F03,F04,P049,26.0,EU to EU Internal
STO06012,2025-05-17,F03,F04,P050,117.0,EU to EU Internal
STO06013,2025-05-22,F03,F04,P051,326.0,EU to EU Internal
STO06014,2025-05-11,F03,F04,P052,118.0,EU to EU Internal
STO06015,2025-05-19,F03,F04,P053,124.0,EU to EU Internal
STO06016,2025-05-13,F03,F04,P054,32.0,EU to EU Internal
STO06017,2025-05-18,F03,F04,P055,31.0,EU to EU Internal
STO06018,2025-05-16,F03,F04,P056,77.0,EU to EU Internal
STO06019,2025-05-16,F03,F04,P057,136.0,EU to EU Internal
STO06020,2025-05-11,F03,F04,P058,105.0,EU to EU Internal
STO06021,2025-05-17,F03,F04,P059,81.0,EU to EU Internal
STO06022,2025-05-20,F03,F04,P060,40.0,EU to EU Internal
STO06023,2025-05-21,F03,F04,P061,132.0,EU to EU Internal
STO06024,2025-05-11,F03,F04,P062,100.0,EU to EU Internal
STO06025,2025-05-17,F03,F04,P063,78.0,EU to EU Internal
STO06026,2025-05-19,F03,F04,P064,53.0,EU to EU Internal
STO06027,2025-05-18,F03,F04,P065,117.0,EU to EU Internal
STO06028,2025-05-20,F03,F04,P066,8.0,EU to EU Internal
STO06029,2025-05-18,F03,F04,P067,8.0,EU to EU Internal
STO06030,2025-05-17,F03,F04,P068,1.0,EU to EU Internal
STO06031,2025-05-16,F03,F04,P069,45.0,EU to EU Internal
STO06032,2025-05-21,F03,F04,P070,17.0,EU to EU Internal
STO06033,2025-05-18,F03,F04,P071,197.0,EU to EU Internal
STO06034,2025-05-12,F03,F04,P072,54.0,EU to EU Internal
STO06035,2025-05-20,F03,F04,P073,139.0,EU to EU Internal
STO06036,2025-05-15,F03,F04,P074,21.0,EU to EU Internal
STO06037,2025-05-11,F03,F04,P075,60.0,EU to EU Internal
STO06038,2025-05-21,F03,F04,P076,18.0,EU to EU Internal
STO06039,2025-05-12,F03,F04,P077,88.0,EU to EU Internal
STO06040,2025-05-24,F03,F04,P078,16.0,EU to EU Internal
STO06041,2025-05-20,F03,F04,P079,104.0,EU to EU Internal
STO06042,2025-05-22,F03,F04,P080,16.0,EU to EU Internal
STO06043,2025-05-13,F03,F04,P081,247.0,EU to EU Internal
STO06044,2025-05-20,F03,F04,P082,207.0,EU to EU Internal
STO06045,2025-05-17,F03,F04,P083,4.0,EU to EU Internal
STO06046,2025-05-11,F03,F04,P084,150.0,EU to EU Internal
STO06047,2025-05-16,F03,F04,P085,158.0,EU to EU Internal
STO06048,2025-05-20,F03,F04,P086,44.0,EU to EU Internal
STO06049,2025-05-20,F03,F04,P087,158.0,EU to EU Internal
STO06050,2025-05-12,F03,F04,P088,49.0,EU to EU Internal
STO06051,2025-05-17,F03,F04,P091,126.0,EU to EU Internal
STO06052,2025-05-24,F03,F04,P092,138.0,EU to EU Internal
STO06053,2025-05-24,F03,F04,P093,166.0,EU to EU Internal
STO06054,2025-05-20,F03,F04,P094,200.0,EU to EU Internal
STO06055,2025-05-16,F03,F04,P095,46.0,EU to EU Internal
STO06056,2025-05-15,F03,F04,P096,39.0,EU to EU Internal
STO06057,2025-05-21,F03,F04,P097,120.0,EU to EU Internal
STO06058,2025-05-20,F03,F04,P098,167.0,EU to EU Internal
STO06059,2025-05-21,F03,F04,P099,282.0,EU to EU Internal
STO06060,2025-05-15,F03,F04,P100,7.0,EU to EU Internal
STO06061,2025-05-19,F01,F05,P002,7.0,EU to EU Internal
STO06062,2025-05-15,F01,F05,P003,12.0,EU to EU Internal
STO06063,2025-05-15,F01,F05,P005,42.0,EU to EU Internal
STO06064,2025-05-16,F01,F05,P007,16.0,EU to EU Internal
STO06065,2025-05-18,F01,F05,P008,27.0,EU to EU Internal
STO06066,2025-05-13,F01,F05,P009,49.0,EU to EU Internal
STO06067,2025-05-20,F01,F05,P010,11.0,EU to EU Internal
STO06068,2025-05-21,F01,F05,P011,56.0,EU to EU Internal
STO06069,2025-05-16,F01,F05,P012,17.0,EU to EU Internal
STO06070,2025-05-23,F01,F05,P014,7.0,EU to EU Internal
STO06071,2025-05-16,F01,F05,P015,52.0,EU to EU Internal
STO06072,2025-05-18,F01,F05,P017,5.0,EU to EU Internal
STO06073,2025-05-13,F01,F05,P018,11.0,EU to EU Internal
STO06074,2025-05-21,F01,F05,P019,8.0,EU to EU Internal
STO06075,2025-05-13,F01,F05,P020,72.0,EU to EU Internal
STO06076,2025-05-13,F01,F05,P021,22.0,EU to EU Internal
STO06077,2025-05-21,F01,F05,P022,14.0,EU to EU Internal
STO06078,2025-05-20,F01,F05,P023,37.0,EU to EU Internal
STO06079,2025-05-13,F01,F05,P024,29.0,EU to EU Internal
STO06080,2025-05-16,F01,F05,P025,24.0,EU to EU Internal
STO06081,2025-05-16,F01,F05,P026,1.0,EU to EU Internal
STO06082,2025-05-17,F01,F05,P028,41.0,EU to EU Internal
STO06083,2025-05-23,F01,F05,P029,1.0,EU to EU Internal
STO06084,2025-05-11,F01,F05,P030,9.0,EU to EU Internal
STO06085,2025-05-19,F01,F05,P032,17.0,EU to EU Internal
STO06086,2025-05-17,F01,F05,P034,30.0,EU to EU Internal
STO06087,2025-05-23,F01,F05,P035,9.0,EU to EU Internal
STO06088,2025-05-14,F01,F05,P037,24.0,EU to EU Internal
STO06089,2025-05-22,F01,F05,P038,25.0,EU to EU Internal
STO06090,2025-05-17,F01,F05,P039,51.0,EU to EU Internal
STO06091,2025-05-16,F01,F05,P041,20.0,EU to EU Internal
STO06092,2025-05-14,F01,F05,P042,6.0,EU to EU Internal
STO06093,2025-05-11,F01,F05,P043,32.0,EU to EU Internal
STO06094,2025-05-24,F01,F05,P044,33.0,EU to EU Internal
STO06095,2025-05-16,F01,F05,P045,38.0,EU to EU Internal
STO06096,2025-05-22,F01,F05,P046,137.0,EU to EU Internal
STO06097,2025-05-14,F01,F05,P048,27.0,EU to EU Internal
STO06098,2025-05-16,F01,F05,P049,8.0,EU to EU Internal
STO06099,2025-05-13,F01,F05,P050,12.0,EU to EU Internal
STO06100,2025-05-16,F01,F05,P051,62.0,EU to EU Internal
STO06101,2025-05-21,F01,F05,P052,11.0,EU to EU Internal
STO06102,2025-05-24,F01,F05,P055,7.0,EU to EU Internal
STO06103,2025-05-17,F01,F05,P056,38.0,EU to EU Internal
STO06104,2025-05-15,F01,F05,P057,75.0,EU to EU Internal
STO06105,2025-05-16,F01,F05,P059,64.0,EU to EU Internal
STO06106,2025-05-24,F01,F05,P061,56.0,EU to EU Internal
STO06107,2025-05-17,F01,F05,P062,19.0,EU to EU Internal
STO06108,2025-05-15,F01,F05,P063,37.0,EU to EU Internal
STO06109,2025-05-21,F01,F05,P064,13.0,EU to EU Internal
STO06110,2025-05-22,F01,F05,P065,37.0,EU to EU Internal
STO06111,2025-05-11,F01,F05,P067,33.0,EU to EU Internal
STO06112,2025-05-16,F01,F05,P069,12.0,EU to EU Internal
STO06113,2025-05-19,F01,F05,P070,88.0,EU to EU Internal
STO06114,2025-05-22,F01,F05,P071,18.0,EU to EU Internal
STO06115,2025-05-19,F01,F05,P072,8.0,EU to EU Internal
STO06116,2025-05-19,F01,F05,P073,80.0,EU to EU Internal
STO06117,2025-05-14,F01,F05,P076,20.0,EU to EU Internal
STO06118,2025-05-19,F01,F05,P077,25.0,EU to EU Internal
STO06119,2025-05-16,F01,F05,P079,40.0,EU to EU Internal
STO06120,2025-05-17,F01,F05,P080,7.0,EU to EU Internal
STO06121,2025-05-11,F01,F05,P081,79.0,EU to EU Internal
STO06122,2025-05-18,F01,F05,P083,1.0,EU to EU Internal
STO06123,2025-05-22,F01,F05,P084,12.0,EU to EU Internal
STO06124,2025-05-15,F01,F05,P085,44.0,EU to EU Internal
STO06125,2025-05-14,F01,F05,P086,33.0,EU to EU Internal
STO06126,2025-05-22,F01,F05,P087,81.0,EU to EU Internal
STO06127,2025-05-14,F01,F05,P088,60.0,EU to EU Internal
STO06128,2025-05-23,F01,F05,P089,34.0,EU to EU Internal
STO06129,2025-05-13,F01,F05,P091,26.0,EU to EU Internal
STO06130,2025-05-15,F01,F05,P092,38.0,EU to EU Internal
STO06131,2025-05-18,F01,F05,P093,56.0,EU to EU Internal
STO06132,2025-05-15,F01,F05,P094,20.0,EU to EU Internal
STO06133,2025-05-19,F01,F05,P095,10.0,EU to EU Internal
STO06134,2025-05-13,F01,F05,P096,30.0,EU to EU Internal
STO06135,2025-05-14,F01,F05,P097,65.0,EU to EU Internal
STO06136,2025-05-20,F01,F05,P099,26.0,EU to EU Internal
STO06137,2025-05-22,F01,F06,P001,68.0,EU to EU Internal
STO06138,2025-05-12,F01,F06,P002,13.0,EU to EU Internal
STO06139,2025-05-12,F01,F06,P003,9.0,EU to EU Internal
STO06140,2025-05-22,F01,F06,P004,99.0,EU to EU Internal
STO06141,2025-05-24,F01,F06,P005,73.0,EU to EU Internal
STO06142,2025-05-18,F01,F06,P006,30.0,EU to EU Internal
STO06143,2025-05-14,F01,F06,P007,53.0,EU to EU Internal
STO06144,2025-05-14,F01,F06,P008,58.0,EU to EU Internal
STO06145,2025-05-12,F01,F06,P009,52.0,EU to EU Internal
STO06146,2025-05-22,F01,F06,P010,51.0,EU to EU Internal
STO06147,2025-05-14,F01,F06,P011,69.0,EU to EU Internal
STO06148,2025-05-19,F01,F06,P012,49.0,EU to EU Internal
STO06149,2025-05-13,F01,F06,P013,11.0,EU to EU Internal
STO06150,2025-05-19,F01,F06,P014,48.0,EU to EU Internal
STO06151,2025-05-15,F01,F06,P015,41.0,EU to EU Internal
STO06152,2025-05-12,F01,F06,P016,38.0,EU to EU Internal
STO06153,2025-05-19,F01,F06,P017,32.0,EU to EU Internal
STO06154,2025-05-19,F01,F06,P018,26.0,EU to EU Internal
STO06155,2025-05-23,F01,F06,P019,122.0,EU to EU Internal
STO06156,2025-05-24,F01,F06,P020,95.0,EU to EU Internal
STO06157,2025-05-15,F01,F06,P021,24.0,EU to EU Internal
STO06158,2025-05-12,F01,F06,P022,61.0,EU to EU Internal
STO06159,2025-05-19,F01,F06,P023,37.0,EU to EU Internal
STO06160,2025-05-13,F01,F06,P024,26.0,EU to EU Internal
STO06161,2025-05-22,F01,F06,P025,42.0,EU to EU Internal
STO06162,2025-05-20,F01,F06,P026,30.0,EU to EU Internal
STO06163,2025-05-20,F01,F06,P027,95.0,EU to EU Internal
STO06164,2025-05-23,F01,F06,P028,34.0,EU to EU Internal
STO06165,2025-05-20,F01,F06,P029,43.0,EU to EU Internal
STO06166,2025-05-11,F01,F06,P030,24.0,EU to EU Internal
STO06167,2025-05-13,F01,F06,P031,146.0,EU to EU Internal
STO06168,2025-05-14,F01,F06,P032,50.0,EU to EU Internal
STO06169,2025-05-18,F01,F06,P033,43.0,EU to EU Internal
STO06170,2025-05-19,F01,F06,P034,47.0,EU to EU Internal
STO06171,2025-05-22,F01,F06,P035,30.0,EU to EU Internal
STO06172,2025-05-16,F01,F06,P036,53.0,EU to EU Internal
STO06173,2025-05-24,F01,F06,P037,54.0,EU to EU Internal
STO06174,2025-05-22,F01,F06,P038,38.0,EU to EU Internal
STO06175,2025-05-23,F01,F06,P039,57.0,EU to EU Internal
STO06176,2025-05-23,F01,F06,P040,39.0,EU to EU Internal
STO06177,2025-05-17,F01,F06,P041,31.0,EU to EU Internal
STO06178,2025-05-20,F01,F06,P042,58.0,EU to EU Internal
STO06179,2025-05-23,F01,F06,P043,25.0,EU to EU Internal
STO06180,2025-05-12,F01,F06,P044,51.0,EU to EU Internal
STO06181,2025-05-19,F01,F06,P045,50.0,EU to EU Internal
STO06182,2025-05-13,F01,F06,P046,97.0,EU to EU Internal
STO06183,2025-05-11,F01,F06,P047,41.0,EU to EU Internal
STO06184,2025-05-20,F01,F06,P048,78.0,EU to EU Internal
STO06185,2025-05-23,F01,F06,P049,44.0,EU to EU Internal
STO06186,2025-05-18,F01,F06,P050,109.0,EU to EU Internal
STO06187,2025-05-17,F01,F06,P051,156.0,EU to EU Internal
STO06188,2025-05-12,F01,F06,P052,41.0,EU to EU Internal
STO06189,2025-05-21,F01,F06,P053,37.0,EU to EU Internal
STO06190,2025-05-21,F01,F06,P054,35.0,EU to EU Internal
STO06191,2025-05-22,F01,F06,P055,15.0,EU to EU Internal
STO06192,2025-05-13,F01,F06,P056,27.0,EU to EU Internal
STO06193,2025-05-15,F01,F06,P057,38.0,EU to EU Internal
STO06194,2025-05-15,F01,F06,P058,58.0,EU to EU Internal
STO06195,2025-05-14,F01,F06,P059,59.0,EU to EU Internal
STO06196,2025-05-19,F01,F06,P060,40.0,EU to EU Internal
STO06197,2025-05-12,F01,F06,P061,111.0,EU to EU Internal
STO06198,2025-05-13,F01,F06,P062,56.0,EU to EU Internal
STO06199,2025-05-17,F01,F06,P063,100.0,EU to EU Internal
STO06200,2025-05-14,F01,F06,P064,65.0,EU to EU Internal
STO06201,2025-05-24,F01,F06,P065,33.0,EU to EU Internal
STO06202,2025-05-18,F01,F06,P066,14.0,EU to EU Internal
STO06203,2025-05-19,F01,F06,P067,44.0,EU to EU Internal
STO06204,2025-05-13,F01,F06,P068,39.0,EU to EU Internal
STO06205,2025-05-12,F01,F06,P069,60.0,EU to EU Internal
STO06206,2025-05-21,F01,F06,P070,14.0,EU to EU Internal
STO06207,2025-05-17,F01,F06,P071,26.0,EU to EU Internal
STO06208,2025-05-24,F01,F06,P072,64.0,EU to EU Internal
STO06209,2025-05-16,F01,F06,P073,83.0,EU to EU Internal
STO06210,2025-05-17,F01,F06,P074,58.0,EU to EU Internal
STO06211,2025-05-14,F01,F06,P075,28.0,EU to EU Internal
STO06212,2025-05-11,F01,F06,P076,58.0,EU to EU Internal
STO06213,2025-05-19,F01,F06,P077,196.0,EU to EU Internal
STO06214,2025-05-23,F01,F06,P078,14.0,EU to EU Internal
STO06215,2025-05-16,F01,F06,P079,59.0,EU to EU Internal
STO06216,2025-05-24,F01,F06,P080,28.0,EU to EU Internal
STO06217,2025-05-23,F01,F06,P081,143.0,EU to EU Internal
STO06218,2025-05-15,F01,F06,P082,87.0,EU to EU Internal
STO06219,2025-05-20,F01,F06,P083,52.0,EU to EU Internal
STO06220,2025-05-11,F01,F06,P084,22.0,EU to EU Internal
STO06221,2025-05-16,F01,F06,P085,40.0,EU to EU Internal
STO06222,2025-05-22,F01,F06,P086,74.0,EU to EU Internal
STO06223,2025-05-13,F01,F06,P087,55.0,EU to EU Internal
STO06224,2025-05-19,F01,F06,P088,46.0,EU to EU Internal
STO06225,2025-05-20,F01,F06,P089,88.0,EU to EU Internal
STO06226,2025-05-21,F01,F06,P090,30.0,EU to EU Internal
STO06227,2025-05-20,F01,F06,P091,17.0,EU to EU Internal
STO06228,2025-05-17,F01,F06,P092,51.0,EU to EU Internal
STO06229,2025-05-12,F01,F06,P093,106.0,EU to EU Internal
STO06230,2025-05-24,F01,F06,P094,125.0,EU to EU Internal
STO06231,2025-05-19,F01,F06,P095,45.0,EU to EU Internal
STO06232,2025-05-12,F01,F06,P096,53.0,EU to EU Internal
STO06233,2025-05-23,F01,F06,P097,125.0,EU to EU Internal
STO06234,2025-05-14,F01,F06,P098,79.0,EU to EU Internal
STO06235,2025-05-22,F01,F06,P099,37.0,EU to EU Internal
STO06236,2025-05-18,F01,F06,P100,48.0,EU to EU Internal
STO06237,2025-06-19,F03,F02,P001,68.0,EU to EU Internal
STO06238,2025-06-15,F03,F02,P002,41.0,EU to EU Internal
STO06239,2025-06-22,F03,F02,P003,31.0,EU to EU Internal
STO06240,2025-06-11,F03,F02,P004,117.0,EU to EU Internal
STO06241,2025-06-19,F03,F02,P005,100.0,EU to EU Internal
STO06242,2025-06-22,F03,F02,P008,36.0,EU to EU Internal
STO06243,2025-06-13,F03,F02,P009,11.0,EU to EU Internal
STO06244,2025-06-14,F03,F02,P010,65.0,EU to EU Internal
STO06245,2025-06-17,F03,F02,P011,9.0,EU to EU Internal
STO06246,2025-06-10,F03,F02,P012,14.0,EU to EU Internal
STO06247,2025-06-14,F03,F02,P013,17.0,EU to EU Internal
STO06248,2025-06-15,F03,F02,P014,97.0,EU to EU Internal
STO06249,2025-06-20,F03,F02,P015,23.0,EU to EU Internal
STO06250,2025-06-11,F03,F02,P016,177.0,EU to EU Internal
STO06251,2025-06-19,F03,F02,P017,16.0,EU to EU Internal
STO06252,2025-06-21,F03,F02,P018,62.0,EU to EU Internal
STO06253,2025-06-19,F03,F02,P019,82.0,EU to EU Internal
STO06254,2025-06-16,F03,F02,P020,4.0,EU to EU Internal
STO06255,2025-06-17,F03,F02,P021,64.0,EU to EU Internal
STO06256,2025-06-20,F03,F02,P022,45.0,EU to EU Internal
STO06257,2025-06-17,F03,F02,P023,56.0,EU to EU Internal
STO06258,2025-06-13,F03,F02,P024,16.0,EU to EU Internal
STO06259,2025-06-15,F03,F02,P026,32.0,EU to EU Internal
STO06260,2025-06-22,F03,F02,P027,43.0,EU to EU Internal
STO06261,2025-06-21,F03,F02,P028,58.0,EU to EU Internal
STO06262,2025-06-21,F03,F02,P029,85.0,EU to EU Internal
STO06263,2025-06-13,F03,F02,P030,41.0,EU to EU Internal
STO06264,2025-06-22,F03,F02,P031,233.0,EU to EU Internal
STO06265,2025-06-20,F03,F02,P032,4.0,EU to EU Internal
STO06266,2025-06-14,F03,F02,P033,8.0,EU to EU Internal
STO06267,2025-06-10,F03,F02,P034,54.0,EU to EU Internal
STO06268,2025-06-19,F03,F02,P035,36.0,EU to EU Internal
STO06269,2025-06-22,F03,F02,P036,91.0,EU to EU Internal
STO06270,2025-06-10,F03,F02,P037,18.0,EU to EU Internal
STO06271,2025-06-18,F03,F02,P038,88.0,EU to EU Internal
STO06272,2025-06-17,F03,F02,P039,2.0,EU to EU Internal
STO06273,2025-06-23,F03,F02,P040,29.0,EU to EU Internal
STO06274,2025-06-11,F03,F02,P041,4.0,EU to EU Internal
STO06275,2025-06-23,F03,F02,P042,70.0,EU to EU Internal
STO06276,2025-06-23,F03,F02,P043,75.0,EU to EU Internal
STO06277,2025-06-10,F03,F02,P044,29.0,EU to EU Internal
STO06278,2025-06-21,F03,F02,P045,42.0,EU to EU Internal
STO06279,2025-06-19,F03,F02,P046,33.0,EU to EU Internal
STO06280,2025-06-23,F03,F02,P047,113.0,EU to EU Internal
STO06281,2025-06-22,F03,F02,P048,20.0,EU to EU Internal
STO06282,2025-06-10,F03,F02,P049,21.0,EU to EU Internal
STO06283,2025-06-13,F03,F02,P050,94.0,EU to EU Internal
STO06284,2025-06-10,F03,F02,P051,46.0,EU to EU Internal
STO06285,2025-06-17,F03,F02,P052,16.0,EU to EU Internal
STO06286,2025-06-15,F03,F02,P053,49.0,EU to EU Internal
STO06287,2025-06-22,F03,F02,P054,11.0,EU to EU Internal
STO06288,2025-06-17,F03,F02,P055,21.0,EU to EU Internal
STO06289,2025-06-19,F03,F02,P056,47.0,EU to EU Internal
STO06290,2025-06-18,F03,F02,P057,124.0,EU to EU Internal
STO06291,2025-06-21,F03,F02,P058,44.0,EU to EU Internal
STO06292,2025-06-13,F03,F02,P059,39.0,EU to EU Internal
STO06293,2025-06-18,F03,F02,P060,28.0,EU to EU Internal
STO06294,2025-06-22,F03,F02,P061,88.0,EU to EU Internal
STO06295,2025-06-22,F03,F02,P062,28.0,EU to EU Internal
STO06296,2025-06-17,F03,F02,P063,108.0,EU to EU Internal
STO06297,2025-06-20,F03,F02,P064,21.0,EU to EU Internal
STO06298,2025-06-10,F03,F02,P065,77.0,EU to EU Internal
STO06299,2025-06-17,F03,F02,P067,2.0,EU to EU Internal
STO06300,2025-06-17,F03,F02,P068,6.0,EU to EU Internal
STO06301,2025-06-13,F03,F02,P069,51.0,EU to EU Internal
STO06302,2025-06-14,F03,F02,P070,104.0,EU to EU Internal
STO06303,2025-06-21,F03,F02,P071,48.0,EU to EU Internal
STO06304,2025-06-11,F03,F02,P072,5.0,EU to EU Internal
STO06305,2025-06-16,F03,F02,P073,7.0,EU to EU Internal
STO06306,2025-06-16,F03,F02,P074,27.0,EU to EU Internal
STO06307,2025-06-17,F03,F02,P075,27.0,EU to EU Internal
STO06308,2025-06-10,F03,F02,P076,44.0,EU to EU Internal
STO06309,2025-06-21,F03,F02,P077,82.0,EU to EU Internal
STO06310,2025-06-23,F03,F02,P079,65.0,EU to EU Internal
STO06311,2025-06-11,F03,F02,P080,18.0,EU to EU Internal
STO06312,2025-06-13,F03,F02,P081,88.0,EU to EU Internal
STO06313,2025-06-21,F03,F02,P082,20.0,EU to EU Internal
STO06314,2025-06-16,F03,F02,P083,4.0,EU to EU Internal
STO06315,2025-06-11,F03,F02,P084,18.0,EU to EU Internal
STO06316,2025-06-13,F03,F02,P085,30.0,EU to EU Internal
STO06317,2025-06-23,F03,F02,P086,4.0,EU to EU Internal
STO06318,2025-06-22,F03,F02,P087,109.0,EU to EU Internal
STO06319,2025-06-21,F03,F02,P088,28.0,EU to EU Internal
STO06320,2025-06-18,F03,F02,P089,37.0,EU to EU Internal
STO06321,2025-06-15,F03,F02,P091,19.0,EU to EU Internal
STO06322,2025-06-16,F03,F02,P092,102.0,EU to EU Internal
STO06323,2025-06-14,F03,F02,P093,58.0,EU to EU Internal
STO06324,2025-06-18,F03,F02,P094,95.0,EU to EU Internal
STO06325,2025-06-19,F03,F02,P095,50.0,EU to EU Internal
STO06326,2025-06-22,F03,F02,P096,41.0,EU to EU Internal
STO06327,2025-06-11,F03,F02,P098,6.0,EU to EU Internal
STO06328,2025-06-14,F03,F02,P099,15.0,EU to EU Internal
STO06329,2025-06-12,F03,F02,P100,50.0,EU to EU Internal
STO06330,2025-06-15,F03,F04,P001,70.0,EU to EU Internal
STO06331,2025-06-13,F03,F04,P002,137.0,EU to EU Internal
STO06332,2025-06-22,F03,F04,P003,117.0,EU to EU Internal
STO06333,2025-06-21,F03,F04,P004,136.0,EU to EU Internal
STO06334,2025-06-11,F03,F04,P005,70.0,EU to EU Internal
STO06335,2025-06-19,F03,F04,P006,34.0,EU to EU Internal
STO06336,2025-06-21,F03,F04,P007,24.0,EU to EU Internal
STO06337,2025-06-18,F03,F04,P008,24.0,EU to EU Internal
STO06338,2025-06-15,F03,F04,P009,52.0,EU to EU Internal
STO06339,2025-06-16,F03,F04,P010,55.0,EU to EU Internal
STO06340,2025-06-14,F03,F04,P011,19.0,EU to EU Internal
STO06341,2025-06-18,F03,F04,P012,36.0,EU to EU Internal
STO06342,2025-06-11,F03,F04,P013,125.0,EU to EU Internal
STO06343,2025-06-19,F03,F04,P014,57.0,EU to EU Internal
STO06344,2025-06-17,F03,F04,P015,99.0,EU to EU Internal
STO06345,2025-06-11,F03,F04,P016,183.0,EU to EU Internal
STO06346,2025-06-19,F03,F04,P018,83.0,EU to EU Internal
STO06347,2025-06-17,F03,F04,P019,61.0,EU to EU Internal
STO06348,2025-06-22,F03,F04,P020,81.0,EU to EU Internal
STO06349,2025-06-14,F03,F04,P021,19.0,EU to EU Internal
STO06350,2025-06-10,F03,F04,P022,129.0,EU to EU Internal
STO06351,2025-06-19,F03,F04,P023,76.0,EU to EU Internal
STO06352,2025-06-13,F03,F04,P024,33.0,EU to EU Internal
STO06353,2025-06-23,F03,F04,P025,11.0,EU to EU Internal
STO06354,2025-06-21,F03,F04,P026,50.0,EU to EU Internal
STO06355,2025-06-19,F03,F04,P027,128.0,EU to EU Internal
STO06356,2025-06-18,F03,F04,P028,127.0,EU to EU Internal
STO06357,2025-06-23,F03,F04,P029,111.0,EU to EU Internal
STO06358,2025-06-17,F03,F04,P030,128.0,EU to EU Internal
STO06359,2025-06-17,F03,F04,P031,98.0,EU to EU Internal
STO06360,2025-06-22,F03,F04,P032,95.0,EU to EU Internal
STO06361,2025-06-17,F03,F04,P033,33.0,EU to EU Internal
STO06362,2025-06-21,F03,F04,P034,42.0,EU to EU Internal
STO06363,2025-06-20,F03,F04,P035,35.0,EU to EU Internal
STO06364,2025-06-22,F03,F04,P036,94.0,EU to EU Internal
STO06365,2025-06-23,F03,F04,P037,86.0,EU to EU Internal
STO06366,2025-06-23,F03,F04,P038,84.0,EU to EU Internal
STO06367,2025-06-10,F03,F04,P039,66.0,EU to EU Internal
STO06368,2025-06-21,F03,F04,P040,113.0,EU to EU Internal
STO06369,2025-06-21,F03,F04,P041,31.0,EU to EU Internal
STO06370,2025-06-11,F03,F04,P042,148.0,EU to EU Internal
STO06371,2025-06-14,F03,F04,P043,75.0,EU to EU Internal
STO06372,2025-06-17,F03,F04,P044,36.0,EU to EU Internal
STO06373,2025-06-20,F03,F04,P045,85.0,EU to EU Internal
STO06374,2025-06-15,F03,F04,P046,134.0,EU to EU Internal
STO06375,2025-06-16,F03,F04,P047,117.0,EU to EU Internal
STO06376,2025-06-15,F03,F04,P048,41.0,EU to EU Internal
STO06377,2025-06-12,F03,F04,P049,24.0,EU to EU Internal
STO06378,2025-06-18,F03,F04,P050,172.0,EU to EU Internal
STO06379,2025-06-21,F03,F04,P051,210.0,EU to EU Internal
STO06380,2025-06-10,F03,F04,P052,157.0,EU to EU Internal
STO06381,2025-06-10,F03,F04,P053,124.0,EU to EU Internal
STO06382,2025-06-16,F03,F04,P054,46.0,EU to EU Internal
STO06383,2025-06-21,F03,F04,P055,35.0,EU to EU Internal
STO06384,2025-06-10,F03,F04,P056,108.0,EU to EU Internal
STO06385,2025-06-19,F03,F04,P057,102.0,EU to EU Internal
STO06386,2025-06-17,F03,F04,P058,107.0,EU to EU Internal
STO06387,2025-06-17,F03,F04,P059,153.0,EU to EU Internal
STO06388,2025-06-22,F03,F04,P060,39.0,EU to EU Internal
STO06389,2025-06-20,F03,F04,P061,143.0,EU to EU Internal
STO06390,2025-06-12,F03,F04,P062,68.0,EU to EU Internal
STO06391,2025-06-18,F03,F04,P063,89.0,EU to EU Internal
STO06392,2025-06-10,F03,F04,P064,68.0,EU to EU Internal
STO06393,2025-06-10,F03,F04,P065,104.0,EU to EU Internal
STO06394,2025-06-19,F03,F04,P066,4.0,EU to EU Internal
STO06395,2025-06-23,F03,F04,P067,5.0,EU to EU Internal
STO06396,2025-06-12,F03,F04,P068,7.0,EU to EU Internal
STO06397,2025-06-20,F03,F04,P069,50.0,EU to EU Internal
STO06398,2025-06-15,F03,F04,P070,25.0,EU to EU Internal
STO06399,2025-06-11,F03,F04,P071,106.0,EU to EU Internal
STO06400,2025-06-16,F03,F04,P072,60.0,EU to EU Internal
STO06401,2025-06-16,F03,F04,P073,114.0,EU to EU Internal
STO06402,2025-06-10,F03,F04,P074,55.0,EU to EU Internal
STO06403,2025-06-16,F03,F04,P075,39.0,EU to EU Internal
STO06404,2025-06-15,F03,F04,P076,33.0,EU to EU Internal
STO06405,2025-06-21,F03,F04,P077,145.0,EU to EU Internal
STO06406,2025-06-22,F03,F04,P078,21.0,EU to EU Internal
STO06407,2025-06-14,F03,F04,P079,110.0,EU to EU Internal
STO06408,2025-06-17,F03,F04,P080,9.0,EU to EU Internal
STO06409,2025-06-13,F03,F04,P081,202.0,EU to EU Internal
STO06410,2025-06-13,F03,F04,P082,210.0,EU to EU Internal
STO06411,2025-06-16,F03,F04,P083,8.0,EU to EU Internal
STO06412,2025-06-16,F03,F04,P084,93.0,EU to EU Internal
STO06413,2025-06-18,F03,F04,P085,131.0,EU to EU Internal
STO06414,2025-06-21,F03,F04,P086,10.0,EU to EU Internal
STO06415,2025-06-22,F03,F04,P087,142.0,EU to EU Internal
STO06416,2025-06-12,F03,F04,P088,56.0,EU to EU Internal
STO06417,2025-06-16,F03,F04,P091,82.0,EU to EU Internal
STO06418,2025-06-20,F03,F04,P092,150.0,EU to EU Internal
STO06419,2025-06-11,F03,F04,P093,187.0,EU to EU Internal
STO06420,2025-06-13,F03,F04,P094,244.0,EU to EU Internal
STO06421,2025-06-10,F03,F04,P095,48.0,EU to EU Internal
STO06422,2025-06-11,F03,F04,P096,59.0,EU to EU Internal
STO06423,2025-06-20,F03,F04,P097,260.0,EU to EU Internal
STO06424,2025-06-13,F03,F04,P098,196.0,EU to EU Internal
STO06425,2025-06-15,F03,F04,P099,189.0,EU to EU Internal
STO06426,2025-06-23,F03,F04,P100,17.0,EU to EU Internal
STO06427,2025-06-23,F01,F05,P002,9.0,EU to EU Internal
STO06428,2025-06-18,F01,F05,P003,21.0,EU to EU Internal
STO06429,2025-06-15,F01,F05,P005,38.0,EU to EU Internal
STO06430,2025-06-19,F01,F05,P007,5.0,EU to EU Internal
STO06431,2025-06-17,F01,F05,P008,25.0,EU to EU Internal
STO06432,2025-06-17,F01,F05,P009,36.0,EU to EU Internal
STO06433,2025-06-21,F01,F05,P010,26.0,EU to EU Internal
STO06434,2025-06-21,F01,F05,P011,41.0,EU to EU Internal
STO06435,2025-06-10,F01,F05,P012,22.0,EU to EU Internal
STO06436,2025-06-11,F01,F05,P014,11.0,EU to EU Internal
STO06437,2025-06-13,F01,F05,P015,98.0,EU to EU Internal
STO06438,2025-06-14,F01,F05,P017,2.0,EU to EU Internal
STO06439,2025-06-19,F01,F05,P018,21.0,EU to EU Internal
STO06440,2025-06-13,F01,F05,P019,27.0,EU to EU Internal
STO06441,2025-06-22,F01,F05,P020,39.0,EU to EU Internal
STO06442,2025-06-16,F01,F05,P021,31.0,EU to EU Internal
STO06443,2025-06-16,F01,F05,P022,11.0,EU to EU Internal
STO06444,2025-06-21,F01,F05,P023,3.0,EU to EU Internal
STO06445,2025-06-11,F01,F05,P024,13.0,EU to EU Internal
STO06446,2025-06-21,F01,F05,P025,28.0,EU to EU Internal
STO06447,2025-06-19,F01,F05,P026,10.0,EU to EU Internal
STO06448,2025-06-10,F01,F05,P028,30.0,EU to EU Internal
STO06449,2025-06-16,F01,F05,P029,28.0,EU to EU Internal
STO06450,2025-06-10,F01,F05,P030,24.0,EU to EU Internal
STO06451,2025-06-23,F01,F05,P032,12.0,EU to EU Internal
STO06452,2025-06-10,F01,F05,P034,37.0,EU to EU Internal
STO06453,2025-06-11,F01,F05,P035,16.0,EU to EU Internal
STO06454,2025-06-15,F01,F05,P037,29.0,EU to EU Internal
STO06455,2025-06-16,F01,F05,P038,15.0,EU to EU Internal
STO06456,2025-06-10,F01,F05,P039,56.0,EU to EU Internal
STO06457,2025-06-17,F01,F05,P041,24.0,EU to EU Internal
STO06458,2025-06-23,F01,F05,P042,21.0,EU to EU Internal
STO06459,2025-06-13,F01,F05,P043,1.0,EU to EU Internal
STO06460,2025-06-19,F01,F05,P044,18.0,EU to EU Internal
STO06461,2025-06-12,F01,F05,P045,34.0,EU to EU Internal
STO06462,2025-06-15,F01,F05,P046,58.0,EU to EU Internal
STO06463,2025-06-11,F01,F05,P047,11.0,EU to EU Internal
STO06464,2025-06-20,F01,F05,P048,27.0,EU to EU Internal
STO06465,2025-06-10,F01,F05,P050,24.0,EU to EU Internal
STO06466,2025-06-17,F01,F05,P051,65.0,EU to EU Internal
STO06467,2025-06-23,F01,F05,P052,11.0,EU to EU Internal
STO06468,2025-06-23,F01,F05,P055,12.0,EU to EU Internal
STO06469,2025-06-15,F01,F05,P056,43.0,EU to EU Internal
STO06470,2025-06-23,F01,F05,P057,67.0,EU to EU Internal
STO06471,2025-06-21,F01,F05,P059,53.0,EU to EU Internal
STO06472,2025-06-15,F01,F05,P061,40.0,EU to EU Internal
STO06473,2025-06-15,F01,F05,P062,9.0,EU to EU Internal
STO06474,2025-06-19,F01,F05,P063,16.0,EU to EU Internal
STO06475,2025-06-17,F01,F05,P064,13.0,EU to EU Internal
STO06476,2025-06-16,F01,F05,P065,4.0,EU to EU Internal
STO06477,2025-06-22,F01,F05,P067,36.0,EU to EU Internal
STO06478,2025-06-13,F01,F05,P069,26.0,EU to EU Internal
STO06479,2025-06-18,F01,F05,P070,79.0,EU to EU Internal
STO06480,2025-06-14,F01,F05,P071,32.0,EU to EU Internal
STO06481,2025-06-20,F01,F05,P072,13.0,EU to EU Internal
STO06482,2025-06-10,F01,F05,P073,19.0,EU to EU Internal
STO06483,2025-06-11,F01,F05,P076,11.0,EU to EU Internal
STO06484,2025-06-16,F01,F05,P077,7.0,EU to EU Internal
STO06485,2025-06-22,F01,F05,P079,31.0,EU to EU Internal
STO06486,2025-06-23,F01,F05,P080,20.0,EU to EU Internal
STO06487,2025-06-13,F01,F05,P081,78.0,EU to EU Internal
STO06488,2025-06-20,F01,F05,P083,14.0,EU to EU Internal
STO06489,2025-06-19,F01,F05,P084,39.0,EU to EU Internal
STO06490,2025-06-20,F01,F05,P085,14.0,EU to EU Internal
STO06491,2025-06-11,F01,F05,P086,13.0,EU to EU Internal
STO06492,2025-06-18,F01,F05,P087,75.0,EU to EU Internal
STO06493,2025-06-16,F01,F05,P088,89.0,EU to EU Internal
STO06494,2025-06-16,F01,F05,P089,45.0,EU to EU Internal
STO06495,2025-06-19,F01,F05,P090,4.0,EU to EU Internal
STO06496,2025-06-12,F01,F05,P091,11.0,EU to EU Internal
STO06497,2025-06-20,F01,F05,P092,23.0,EU to EU Internal
STO06498,2025-06-20,F01,F05,P093,41.0,EU to EU Internal
STO06499,2025-06-22,F01,F05,P094,26.0,EU to EU Internal
STO06500,2025-06-21,F01,F05,P095,11.0,EU to EU Internal
STO06501,2025-06-19,F01,F05,P096,34.0,EU to EU Internal
STO06502,2025-06-13,F01,F05,P097,47.0,EU to EU Internal
STO06503,2025-06-20,F01,F05,P099,16.0,EU to EU Internal
STO06504,2025-06-22,F01,F06,P001,37.0,EU to EU Internal
STO06505,2025-06-10,F01,F06,P002,18.0,EU to EU Internal
STO06506,2025-06-13,F01,F06,P003,10.0,EU to EU Internal
STO06507,2025-06-20,F01,F06,P004,164.0,EU to EU Internal
STO06508,2025-06-23,F01,F06,P005,66.0,EU to EU Internal
STO06509,2025-06-19,F01,F06,P006,41.0,EU to EU Internal
STO06510,2025-06-16,F01,F06,P007,37.0,EU to EU Internal
STO06511,2025-06-21,F01,F06,P008,47.0,EU to EU Internal
STO06512,2025-06-23,F01,F06,P009,93.0,EU to EU Internal
STO06513,2025-06-11,F01,F06,P010,73.0,EU to EU Internal
STO06514,2025-06-23,F01,F06,P011,72.0,EU to EU Internal
STO06515,2025-06-22,F01,F06,P012,45.0,EU to EU Internal
STO06516,2025-06-10,F01,F06,P013,31.0,EU to EU Internal
STO06517,2025-06-13,F01,F06,P014,39.0,EU to EU Internal
STO06518,2025-06-17,F01,F06,P015,23.0,EU to EU Internal
STO06519,2025-06-15,F01,F06,P016,182.0,EU to EU Internal
STO06520,2025-06-15,F01,F06,P017,37.0,EU to EU Internal
STO06521,2025-06-15,F01,F06,P018,47.0,EU to EU Internal
STO06522,2025-06-11,F01,F06,P019,54.0,EU to EU Internal
STO06523,2025-06-21,F01,F06,P020,122.0,EU to EU Internal
STO06524,2025-06-12,F01,F06,P021,83.0,EU to EU Internal
STO06525,2025-06-21,F01,F06,P022,56.0,EU to EU Internal
STO06526,2025-06-13,F01,F06,P023,56.0,EU to EU Internal
STO06527,2025-06-10,F01,F06,P024,22.0,EU to EU Internal
STO06528,2025-06-18,F01,F06,P025,59.0,EU to EU Internal
STO06529,2025-06-11,F01,F06,P026,18.0,EU to EU Internal
STO06530,2025-06-15,F01,F06,P027,74.0,EU to EU Internal
STO06531,2025-06-10,F01,F06,P028,29.0,EU to EU Internal
STO06532,2025-06-15,F01,F06,P029,39.0,EU to EU Internal
STO06533,2025-06-10,F01,F06,P030,81.0,EU to EU Internal
STO06534,2025-06-23,F01,F06,P031,184.0,EU to EU Internal
STO06535,2025-06-17,F01,F06,P032,36.0,EU to EU Internal
STO06536,2025-06-21,F01,F06,P033,31.0,EU to EU Internal
STO06537,2025-06-21,F01,F06,P034,24.0,EU to EU Internal
STO06538,2025-06-23,F01,F06,P035,7.0,EU to EU Internal
STO06539,2025-06-11,F01,F06,P036,16.0,EU to EU Internal
STO06540,2025-06-23,F01,F06,P037,51.0,EU to EU Internal
STO06541,2025-06-18,F01,F06,P038,49.0,EU to EU Internal
STO06542,2025-06-15,F01,F06,P039,52.0,EU to EU Internal
STO06543,2025-06-17,F01,F06,P040,36.0,EU to EU Internal
STO06544,2025-06-21,F01,F06,P041,31.0,EU to EU Internal
STO06545,2025-06-11,F01,F06,P042,90.0,EU to EU Internal
STO06546,2025-06-20,F01,F06,P043,15.0,EU to EU Internal
STO06547,2025-06-17,F01,F06,P044,32.0,EU to EU Internal
STO06548,2025-06-16,F01,F06,P045,64.0,EU to EU Internal
STO06549,2025-06-14,F01,F06,P046,165.0,EU to EU Internal
STO06550,2025-06-19,F01,F06,P047,46.0,EU to EU Internal
STO06551,2025-06-17,F01,F06,P048,40.0,EU to EU Internal
STO06552,2025-06-16,F01,F06,P049,21.0,EU to EU Internal
STO06553,2025-06-22,F01,F06,P050,106.0,EU to EU Internal
STO06554,2025-06-10,F01,F06,P051,158.0,EU to EU Internal
STO06555,2025-06-11,F01,F06,P052,75.0,EU to EU Internal
STO06556,2025-06-18,F01,F06,P053,50.0,EU to EU Internal
STO06557,2025-06-11,F01,F06,P054,24.0,EU to EU Internal
STO06558,2025-06-14,F01,F06,P055,17.0,EU to EU Internal
STO06559,2025-06-13,F01,F06,P056,16.0,EU to EU Internal
STO06560,2025-06-15,F01,F06,P057,67.0,EU to EU Internal
STO06561,2025-06-16,F01,F06,P058,73.0,EU to EU Internal
STO06562,2025-06-13,F01,F06,P059,85.0,EU to EU Internal
STO06563,2025-06-22,F01,F06,P060,24.0,EU to EU Internal
STO06564,2025-06-16,F01,F06,P061,102.0,EU to EU Internal
STO06565,2025-06-23,F01,F06,P062,31.0,EU to EU Internal
STO06566,2025-06-21,F01,F06,P063,102.0,EU to EU Internal
STO06567,2025-06-13,F01,F06,P064,82.0,EU to EU Internal
STO06568,2025-06-17,F01,F06,P065,29.0,EU to EU Internal
STO06569,2025-06-13,F01,F06,P066,10.0,EU to EU Internal
STO06570,2025-06-10,F01,F06,P067,35.0,EU to EU Internal
STO06571,2025-06-14,F01,F06,P068,50.0,EU to EU Internal
STO06572,2025-06-16,F01,F06,P069,44.0,EU to EU Internal
STO06573,2025-06-14,F01,F06,P070,15.0,EU to EU Internal
STO06574,2025-06-11,F01,F06,P071,24.0,EU to EU Internal
STO06575,2025-06-16,F01,F06,P072,69.0,EU to EU Internal
STO06576,2025-06-21,F01,F06,P073,62.0,EU to EU Internal
STO06577,2025-06-11,F01,F06,P074,65.0,EU to EU Internal
STO06578,2025-06-20,F01,F06,P075,50.0,EU to EU Internal
STO06579,2025-06-21,F01,F06,P076,56.0,EU to EU Internal
STO06580,2025-06-12,F01,F06,P077,117.0,EU to EU Internal
STO06581,2025-06-15,F01,F06,P078,28.0,EU to EU Internal
STO06582,2025-06-14,F01,F06,P079,51.0,EU to EU Internal
STO06583,2025-06-22,F01,F06,P080,30.0,EU to EU Internal
STO06584,2025-06-13,F01,F06,P081,176.0,EU to EU Internal
STO06585,2025-06-13,F01,F06,P082,113.0,EU to EU Internal
STO06586,2025-06-14,F01,F06,P083,27.0,EU to EU Internal
STO06587,2025-06-14,F01,F06,P084,20.0,EU to EU Internal
STO06588,2025-06-19,F01,F06,P085,23.0,EU to EU Internal
STO06589,2025-06-21,F01,F06,P086,65.0,EU to EU Internal
STO06590,2025-06-17,F01,F06,P087,106.0,EU to EU Internal
STO06591,2025-06-11,F01,F06,P088,53.0,EU to EU Internal
STO06592,2025-06-15,F01,F06,P089,73.0,EU to EU Internal
STO06593,2025-06-15,F01,F06,P090,17.0,EU to EU Internal
STO06594,2025-06-12,F01,F06,P091,24.0,EU to EU Internal
STO06595,2025-06-10,F01,F06,P092,41.0,EU to EU Internal
STO06596,2025-06-17,F01,F06,P093,115.0,EU to EU Internal
STO06597,2025-06-17,F01,F06,P094,173.0,EU to EU Internal
STO06598,2025-06-20,F01,F06,P095,28.0,EU to EU Internal
STO06599,2025-06-22,F01,F06,P096,77.0,EU to EU Internal
STO06600,2025-06-18,F01,F06,P097,144.0,EU to EU Internal
STO06601,2025-06-21,F01,F06,P098,78.0,EU to EU Internal
STO06602,2025-06-17,F01,F06,P099,12.0,EU to EU Internal
STO06603,2025-06-20,F01,F06,P100,64.0,EU to EU Internal
STO06604,2025-07-20,F03,F02,P001,89.0,EU to EU Internal
STO06605,2025-07-24,F03,F02,P002,25.0,EU to EU Internal
STO06606,2025-07-11,F03,F02,P003,64.0,EU to EU Internal
STO06607,2025-07-22,F03,F02,P004,108.0,EU to EU Internal
STO06608,2025-07-16,F03,F02,P005,58.0,EU to EU Internal
STO06609,2025-07-11,F03,F02,P006,7.0,EU to EU Internal
STO06610,2025-07-15,F03,F02,P008,40.0,EU to EU Internal
STO06611,2025-07-20,F03,F02,P009,39.0,EU to EU Internal
STO06612,2025-07-24,F03,F02,P010,94.0,EU to EU Internal
STO06613,2025-07-16,F03,F02,P011,22.0,EU to EU Internal
STO06614,2025-07-21,F03,F02,P012,3.0,EU to EU Internal
STO06615,2025-07-17,F03,F02,P013,31.0,EU to EU Internal
STO06616,2025-07-14,F03,F02,P014,76.0,EU to EU Internal
STO06617,2025-07-22,F03,F02,P015,17.0,EU to EU Internal
STO06618,2025-07-23,F03,F02,P016,126.0,EU to EU Internal
STO06619,2025-07-12,F03,F02,P017,5.0,EU to EU Internal
STO06620,2025-07-18,F03,F02,P018,61.0,EU to EU Internal
STO06621,2025-07-11,F03,F02,P019,83.0,EU to EU Internal
STO06622,2025-07-24,F03,F02,P020,9.0,EU to EU Internal
STO06623,2025-07-14,F03,F02,P021,27.0,EU to EU Internal
STO06624,2025-07-21,F03,F02,P022,39.0,EU to EU Internal
STO06625,2025-07-19,F03,F02,P023,41.0,EU to EU Internal
STO06626,2025-07-19,F03,F02,P024,31.0,EU to EU Internal
STO06627,2025-07-11,F03,F02,P026,25.0,EU to EU Internal
STO06628,2025-07-24,F03,F02,P027,68.0,EU to EU Internal
STO06629,2025-07-22,F03,F02,P028,79.0,EU to EU Internal
STO06630,2025-07-23,F03,F02,P029,59.0,EU to EU Internal
STO06631,2025-07-16,F03,F02,P030,34.0,EU to EU Internal
STO06632,2025-07-15,F03,F02,P031,108.0,EU to EU Internal
STO06633,2025-07-22,F03,F02,P032,8.0,EU to EU Internal
STO06634,2025-07-17,F03,F02,P033,3.0,EU to EU Internal
STO06635,2025-07-24,F03,F02,P034,79.0,EU to EU Internal
STO06636,2025-07-11,F03,F02,P035,30.0,EU to EU Internal
STO06637,2025-07-17,F03,F02,P036,106.0,EU to EU Internal
STO06638,2025-07-15,F03,F02,P037,20.0,EU to EU Internal
STO06639,2025-07-23,F03,F02,P038,90.0,EU to EU Internal
STO06640,2025-07-22,F03,F02,P039,9.0,EU to EU Internal
STO06641,2025-07-15,F03,F02,P040,14.0,EU to EU Internal
STO06642,2025-07-15,F03,F02,P041,28.0,EU to EU Internal
STO06643,2025-07-24,F03,F02,P042,40.0,EU to EU Internal
STO06644,2025-07-18,F03,F02,P043,139.0,EU to EU Internal
STO06645,2025-07-24,F03,F02,P044,21.0,EU to EU Internal
STO06646,2025-07-13,F03,F02,P045,45.0,EU to EU Internal
STO06647,2025-07-12,F03,F02,P046,66.0,EU to EU Internal
STO06648,2025-07-14,F03,F02,P047,84.0,EU to EU Internal
STO06649,2025-07-21,F03,F02,P048,27.0,EU to EU Internal
STO06650,2025-07-14,F03,F02,P049,16.0,EU to EU Internal
STO06651,2025-07-22,F03,F02,P050,108.0,EU to EU Internal
STO06652,2025-07-12,F03,F02,P051,39.0,EU to EU Internal
STO06653,2025-07-13,F03,F02,P052,8.0,EU to EU Internal
STO06654,2025-07-23,F03,F02,P053,19.0,EU to EU Internal
STO06655,2025-07-12,F03,F02,P054,20.0,EU to EU Internal
STO06656,2025-07-17,F03,F02,P055,14.0,EU to EU Internal
STO06657,2025-07-18,F03,F02,P056,78.0,EU to EU Internal
STO06658,2025-07-23,F03,F02,P057,106.0,EU to EU Internal
STO06659,2025-07-13,F03,F02,P058,46.0,EU to EU Internal
STO06660,2025-07-11,F03,F02,P059,23.0,EU to EU Internal
STO06661,2025-07-23,F03,F02,P060,29.0,EU to EU Internal
STO06662,2025-07-15,F03,F02,P061,83.0,EU to EU Internal
STO06663,2025-07-15,F03,F02,P062,24.0,EU to EU Internal
STO06664,2025-07-20,F03,F02,P063,85.0,EU to EU Internal
STO06665,2025-07-23,F03,F02,P064,31.0,EU to EU Internal
STO06666,2025-07-20,F03,F02,P065,93.0,EU to EU Internal
STO06667,2025-07-22,F03,F02,P067,5.0,EU to EU Internal
STO06668,2025-07-14,F03,F02,P068,7.0,EU to EU Internal
STO06669,2025-07-20,F03,F02,P069,44.0,EU to EU Internal
STO06670,2025-07-18,F03,F02,P070,84.0,EU to EU Internal
STO06671,2025-07-12,F03,F02,P071,49.0,EU to EU Internal
STO06672,2025-07-12,F03,F02,P072,6.0,EU to EU Internal
STO06673,2025-07-21,F03,F02,P073,4.0,EU to EU Internal
STO06674,2025-07-11,F03,F02,P074,5.0,EU to EU Internal
STO06675,2025-07-18,F03,F02,P075,41.0,EU to EU Internal
STO06676,2025-07-23,F03,F02,P076,25.0,EU to EU Internal
STO06677,2025-07-19,F03,F02,P077,57.0,EU to EU Internal
STO06678,2025-07-16,F03,F02,P079,80.0,EU to EU Internal
STO06679,2025-07-20,F03,F02,P080,16.0,EU to EU Internal
STO06680,2025-07-22,F03,F02,P081,121.0,EU to EU Internal
STO06681,2025-07-17,F03,F02,P082,53.0,EU to EU Internal
STO06682,2025-07-15,F03,F02,P083,1.0,EU to EU Internal
STO06683,2025-07-23,F03,F02,P084,22.0,EU to EU Internal
STO06684,2025-07-18,F03,F02,P085,36.0,EU to EU Internal
STO06685,2025-07-19,F03,F02,P086,10.0,EU to EU Internal
STO06686,2025-07-14,F03,F02,P087,96.0,EU to EU Internal
STO06687,2025-07-14,F03,F02,P088,26.0,EU to EU Internal
STO06688,2025-07-11,F03,F02,P089,29.0,EU to EU Internal
STO06689,2025-07-13,F03,F02,P091,13.0,EU to EU Internal
STO06690,2025-07-12,F03,F02,P092,69.0,EU to EU Internal
STO06691,2025-07-13,F03,F02,P093,63.0,EU to EU Internal
STO06692,2025-07-16,F03,F02,P094,40.0,EU to EU Internal
STO06693,2025-07-21,F03,F02,P095,59.0,EU to EU Internal
STO06694,2025-07-20,F03,F02,P096,31.0,EU to EU Internal
STO06695,2025-07-17,F03,F02,P097,34.0,EU to EU Internal
STO06696,2025-07-12,F03,F02,P098,14.0,EU to EU Internal
STO06697,2025-07-14,F03,F02,P099,7.0,EU to EU Internal
STO06698,2025-07-23,F03,F02,P100,34.0,EU to EU Internal
STO06699,2025-07-24,F03,F04,P001,65.0,EU to EU Internal
STO06700,2025-07-15,F03,F04,P002,60.0,EU to EU Internal
STO06701,2025-07-24,F03,F04,P003,76.0,EU to EU Internal
STO06702,2025-07-16,F03,F04,P004,80.0,EU to EU Internal
STO06703,2025-07-14,F03,F04,P005,46.0,EU to EU Internal
STO06704,2025-07-21,F03,F04,P006,30.0,EU to EU Internal
STO06705,2025-07-21,F03,F04,P007,30.0,EU to EU Internal
STO06706,2025-07-24,F03,F04,P008,9.0,EU to EU Internal
STO06707,2025-07-23,F03,F04,P009,58.0,EU to EU Internal
STO06708,2025-07-22,F03,F04,P010,89.0,EU to EU Internal
STO06709,2025-07-19,F03,F04,P011,48.0,EU to EU Internal
STO06710,2025-07-19,F03,F04,P012,24.0,EU to EU Internal
STO06711,2025-07-16,F03,F04,P013,121.0,EU to EU Internal
STO06712,2025-07-21,F03,F04,P014,53.0,EU to EU Internal
STO06713,2025-07-11,F03,F04,P015,159.0,EU to EU Internal
STO06714,2025-07-22,F03,F04,P016,212.0,EU to EU Internal
STO06715,2025-07-24,F03,F04,P018,94.0,EU to EU Internal
STO06716,2025-07-21,F03,F04,P019,120.0,EU to EU Internal
STO06717,2025-07-16,F03,F04,P020,116.0,EU to EU Internal
STO06718,2025-07-12,F03,F04,P021,41.0,EU to EU Internal
STO06719,2025-07-11,F03,F04,P022,155.0,EU to EU Internal
STO06720,2025-07-19,F03,F04,P023,71.0,EU to EU Internal
STO06721,2025-07-17,F03,F04,P024,33.0,EU to EU Internal
STO06722,2025-07-21,F03,F04,P025,44.0,EU to EU Internal
STO06723,2025-07-19,F03,F04,P026,60.0,EU to EU Internal
STO06724,2025-07-19,F03,F04,P027,123.0,EU to EU Internal
STO06725,2025-07-16,F03,F04,P028,116.0,EU to EU Internal
STO06726,2025-07-22,F03,F04,P029,102.0,EU to EU Internal
STO06727,2025-07-16,F03,F04,P030,114.0,EU to EU Internal
STO06728,2025-07-13,F03,F04,P031,138.0,EU to EU Internal
STO06729,2025-07-24,F03,F04,P032,99.0,EU to EU Internal
STO06730,2025-07-19,F03,F04,P033,21.0,EU to EU Internal
STO06731,2025-07-14,F03,F04,P034,39.0,EU to EU Internal
STO06732,2025-07-20,F03,F04,P035,38.0,EU to EU Internal
STO06733,2025-07-18,F03,F04,P036,79.0,EU to EU Internal
STO06734,2025-07-20,F03,F04,P037,81.0,EU to EU Internal
STO06735,2025-07-19,F03,F04,P038,85.0,EU to EU Internal
STO06736,2025-07-24,F03,F04,P039,10.0,EU to EU Internal
STO06737,2025-07-18,F03,F04,P040,121.0,EU to EU Internal
STO06738,2025-07-14,F03,F04,P041,17.0,EU to EU Internal
STO06739,2025-07-22,F03,F04,P042,147.0,EU to EU Internal
STO06740,2025-07-18,F03,F04,P043,210.0,EU to EU Internal
STO06741,2025-07-17,F03,F04,P044,33.0,EU to EU Internal
STO06742,2025-07-23,F03,F04,P045,100.0,EU to EU Internal
STO06743,2025-07-22,F03,F04,P046,60.0,EU to EU Internal
STO06744,2025-07-19,F03,F04,P047,110.0,EU to EU Internal
STO06745,2025-07-16,F03,F04,P048,49.0,EU to EU Internal
STO06746,2025-07-12,F03,F04,P049,44.0,EU to EU Internal
STO06747,2025-07-19,F03,F04,P050,112.0,EU to EU Internal
STO06748,2025-07-24,F03,F04,P051,257.0,EU to EU Internal
STO06749,2025-07-24,F03,F04,P052,175.0,EU to EU Internal
STO06750,2025-07-24,F03,F04,P053,109.0,EU to EU Internal
STO06751,2025-07-13,F03,F04,P054,30.0,EU to EU Internal
STO06752,2025-07-16,F03,F04,P055,36.0,EU to EU Internal
STO06753,2025-07-14,F03,F04,P056,95.0,EU to EU Internal
STO06754,2025-07-24,F03,F04,P057,163.0,EU to EU Internal
STO06755,2025-07-21,F03,F04,P058,93.0,EU to EU Internal
STO06756,2025-07-15,F03,F04,P059,66.0,EU to EU Internal
STO06757,2025-07-17,F03,F04,P060,17.0,EU to EU Internal
STO06758,2025-07-15,F03,F04,P061,145.0,EU to EU Internal
STO06759,2025-07-24,F03,F04,P062,78.0,EU to EU Internal
STO06760,2025-07-21,F03,F04,P063,67.0,EU to EU Internal
STO06761,2025-07-18,F03,F04,P064,93.0,EU to EU Internal
STO06762,2025-07-12,F03,F04,P065,107.0,EU to EU Internal
STO06763,2025-07-17,F03,F04,P066,4.0,EU to EU Internal
STO06764,2025-07-11,F03,F04,P067,23.0,EU to EU Internal
STO06765,2025-07-14,F03,F04,P069,34.0,EU to EU Internal
STO06766,2025-07-15,F03,F04,P070,38.0,EU to EU Internal
STO06767,2025-07-15,F03,F04,P071,168.0,EU to EU Internal
STO06768,2025-07-12,F03,F04,P072,80.0,EU to EU Internal
STO06769,2025-07-12,F03,F04,P073,97.0,EU to EU Internal
STO06770,2025-07-12,F03,F04,P074,37.0,EU to EU Internal
STO06771,2025-07-22,F03,F04,P075,51.0,EU to EU Internal
STO06772,2025-07-22,F03,F04,P076,19.0,EU to EU Internal
STO06773,2025-07-15,F03,F04,P077,103.0,EU to EU Internal
STO06774,2025-07-18,F03,F04,P078,28.0,EU to EU Internal
STO06775,2025-07-15,F03,F04,P079,118.0,EU to EU Internal
STO06776,2025-07-15,F03,F04,P080,12.0,EU to EU Internal
STO06777,2025-07-12,F03,F04,P081,171.0,EU to EU Internal
STO06778,2025-07-13,F03,F04,P082,140.0,EU to EU Internal
STO06779,2025-07-14,F03,F04,P083,10.0,EU to EU Internal
STO06780,2025-07-23,F03,F04,P084,90.0,EU to EU Internal
STO06781,2025-07-15,F03,F04,P085,144.0,EU to EU Internal
STO06782,2025-07-15,F03,F04,P086,65.0,EU to EU Internal
STO06783,2025-07-18,F03,F04,P087,133.0,EU to EU Internal
STO06784,2025-07-15,F03,F04,P088,44.0,EU to EU Internal
STO06785,2025-07-13,F03,F04,P089,13.0,EU to EU Internal
STO06786,2025-07-15,F03,F04,P091,161.0,EU to EU Internal
STO06787,2025-07-23,F03,F04,P092,91.0,EU to EU Internal
STO06788,2025-07-12,F03,F04,P093,121.0,EU to EU Internal
STO06789,2025-07-22,F03,F04,P094,277.0,EU to EU Internal
STO06790,2025-07-11,F03,F04,P095,58.0,EU to EU Internal
STO06791,2025-07-13,F03,F04,P096,66.0,EU to EU Internal
STO06792,2025-07-11,F03,F04,P097,270.0,EU to EU Internal
STO06793,2025-07-20,F03,F04,P098,229.0,EU to EU Internal
STO06794,2025-07-18,F03,F04,P099,211.0,EU to EU Internal
STO06795,2025-07-14,F03,F04,P100,2.0,EU to EU Internal
STO06796,2025-07-20,F01,F05,P002,4.0,EU to EU Internal
STO06797,2025-07-22,F01,F05,P003,10.0,EU to EU Internal
STO06798,2025-07-16,F01,F05,P005,20.0,EU to EU Internal
STO06799,2025-07-13,F01,F05,P007,3.0,EU to EU Internal
STO06800,2025-07-17,F01,F05,P008,12.0,EU to EU Internal
STO06801,2025-07-13,F01,F05,P009,31.0,EU to EU Internal
STO06802,2025-07-21,F01,F05,P010,22.0,EU to EU Internal
STO06803,2025-07-13,F01,F05,P011,97.0,EU to EU Internal
STO06804,2025-07-22,F01,F05,P012,19.0,EU to EU Internal
STO06805,2025-07-21,F01,F05,P014,12.0,EU to EU Internal
STO06806,2025-07-24,F01,F05,P015,85.0,EU to EU Internal
STO06807,2025-07-13,F01,F05,P017,16.0,EU to EU Internal
STO06808,2025-07-19,F01,F05,P018,28.0,EU to EU Internal
STO06809,2025-07-17,F01,F05,P019,7.0,EU to EU Internal
STO06810,2025-07-16,F01,F05,P020,51.0,EU to EU Internal
STO06811,2025-07-20,F01,F05,P021,21.0,EU to EU Internal
STO06812,2025-07-23,F01,F05,P022,28.0,EU to EU Internal
STO06813,2025-07-21,F01,F05,P023,16.0,EU to EU Internal
STO06814,2025-07-14,F01,F05,P024,23.0,EU to EU Internal
STO06815,2025-07-18,F01,F05,P025,7.0,EU to EU Internal
STO06816,2025-07-18,F01,F05,P026,14.0,EU to EU Internal
STO06817,2025-07-18,F01,F05,P028,27.0,EU to EU Internal
STO06818,2025-07-18,F01,F05,P029,7.0,EU to EU Internal
STO06819,2025-07-21,F01,F05,P030,3.0,EU to EU Internal
STO06820,2025-07-12,F01,F05,P032,15.0,EU to EU Internal
STO06821,2025-07-16,F01,F05,P034,22.0,EU to EU Internal
STO06822,2025-07-21,F01,F05,P035,8.0,EU to EU Internal
STO06823,2025-07-20,F01,F05,P037,15.0,EU to EU Internal
STO06824,2025-07-19,F01,F05,P038,13.0,EU to EU Internal
STO06825,2025-07-20,F01,F05,P039,32.0,EU to EU Internal
STO06826,2025-07-14,F01,F05,P041,6.0,EU to EU Internal
STO06827,2025-07-16,F01,F05,P042,4.0,EU to EU Internal
STO06828,2025-07-24,F01,F05,P043,17.0,EU to EU Internal
STO06829,2025-07-12,F01,F05,P044,14.0,EU to EU Internal
STO06830,2025-07-14,F01,F05,P045,29.0,EU to EU Internal
STO06831,2025-07-14,F01,F05,P046,63.0,EU to EU Internal
STO06832,2025-07-13,F01,F05,P047,3.0,EU to EU Internal
STO06833,2025-07-11,F01,F05,P048,4.0,EU to EU Internal
STO06834,2025-07-11,F01,F05,P049,14.0,EU to EU Internal
STO06835,2025-07-15,F01,F05,P050,34.0,EU to EU Internal
STO06836,2025-07-19,F01,F05,P051,51.0,EU to EU Internal
STO06837,2025-07-15,F01,F05,P052,34.0,EU to EU Internal
STO06838,2025-07-21,F01,F05,P055,6.0,EU to EU Internal
STO06839,2025-07-19,F01,F05,P056,20.0,EU to EU Internal
STO06840,2025-07-24,F01,F05,P057,53.0,EU to EU Internal
STO06841,2025-07-17,F01,F05,P059,44.0,EU to EU Internal
STO06842,2025-07-22,F01,F05,P061,59.0,EU to EU Internal
STO06843,2025-07-12,F01,F05,P062,7.0,EU to EU Internal
STO06844,2025-07-15,F01,F05,P063,31.0,EU to EU Internal
STO06845,2025-07-21,F01,F05,P064,6.0,EU to EU Internal
STO06846,2025-07-16,F01,F05,P065,5.0,EU to EU Internal
STO06847,2025-07-22,F01,F05,P067,36.0,EU to EU Internal
STO06848,2025-07-20,F01,F05,P069,7.0,EU to EU Internal
STO06849,2025-07-19,F01,F05,P070,55.0,EU to EU Internal
STO06850,2025-07-17,F01,F05,P071,31.0,EU to EU Internal
STO06851,2025-07-21,F01,F05,P072,10.0,EU to EU Internal
STO06852,2025-07-24,F01,F05,P073,34.0,EU to EU Internal
STO06853,2025-07-20,F01,F05,P076,31.0,EU to EU Internal
STO06854,2025-07-22,F01,F05,P077,26.0,EU to EU Internal
STO06855,2025-07-24,F01,F05,P079,23.0,EU to EU Internal
STO06856,2025-07-22,F01,F05,P080,3.0,EU to EU Internal
STO06857,2025-07-18,F01,F05,P081,60.0,EU to EU Internal
STO06858,2025-07-18,F01,F05,P083,17.0,EU to EU Internal
STO06859,2025-07-14,F01,F05,P084,16.0,EU to EU Internal
STO06860,2025-07-13,F01,F05,P085,14.0,EU to EU Internal
STO06861,2025-07-12,F01,F05,P086,10.0,EU to EU Internal
STO06862,2025-07-14,F01,F05,P087,70.0,EU to EU Internal
STO06863,2025-07-16,F01,F05,P088,51.0,EU to EU Internal
STO06864,2025-07-17,F01,F05,P089,84.0,EU to EU Internal
STO06865,2025-07-11,F01,F05,P090,21.0,EU to EU Internal
STO06866,2025-07-18,F01,F05,P091,10.0,EU to EU Internal
STO06867,2025-07-15,F01,F05,P092,40.0,EU to EU Internal
STO06868,2025-07-16,F01,F05,P093,56.0,EU to EU Internal
STO06869,2025-07-18,F01,F05,P094,16.0,EU to EU Internal
STO06870,2025-07-24,F01,F05,P095,8.0,EU to EU Internal
STO06871,2025-07-11,F01,F05,P096,47.0,EU to EU Internal
STO06872,2025-07-17,F01,F05,P097,86.0,EU to EU Internal
STO06873,2025-07-20,F01,F05,P099,26.0,EU to EU Internal
STO06874,2025-07-22,F01,F06,P001,54.0,EU to EU Internal
STO06875,2025-07-16,F01,F06,P002,19.0,EU to EU Internal
STO06876,2025-07-19,F01,F06,P003,23.0,EU to EU Internal
STO06877,2025-07-11,F01,F06,P004,132.0,EU to EU Internal
STO06878,2025-07-14,F01,F06,P005,64.0,EU to EU Internal
STO06879,2025-07-21,F01,F06,P006,26.0,EU to EU Internal
STO06880,2025-07-23,F01,F06,P007,28.0,EU to EU Internal
STO06881,2025-07-20,F01,F06,P008,76.0,EU to EU Internal
STO06882,2025-07-14,F01,F06,P009,91.0,EU to EU Internal
STO06883,2025-07-16,F01,F06,P010,113.0,EU to EU Internal
STO06884,2025-07-11,F01,F06,P011,63.0,EU to EU Internal
STO06885,2025-07-20,F01,F06,P012,27.0,EU to EU Internal
STO06886,2025-07-11,F01,F06,P013,25.0,EU to EU Internal
STO06887,2025-07-13,F01,F06,P014,46.0,EU to EU Internal
STO06888,2025-07-12,F01,F06,P015,40.0,EU to EU Internal
STO06889,2025-07-13,F01,F06,P016,166.0,EU to EU Internal
STO06890,2025-07-14,F01,F06,P017,51.0,EU to EU Internal
STO06891,2025-07-15,F01,F06,P018,78.0,EU to EU Internal
STO06892,2025-07-17,F01,F06,P019,99.0,EU to EU Internal
STO06893,2025-07-23,F01,F06,P020,59.0,EU to EU Internal
STO06894,2025-07-13,F01,F06,P021,28.0,EU to EU Internal
STO06895,2025-07-14,F01,F06,P022,70.0,EU to EU Internal
STO06896,2025-07-18,F01,F06,P023,48.0,EU to EU Internal
STO06897,2025-07-18,F01,F06,P024,24.0,EU to EU Internal
STO06898,2025-07-21,F01,F06,P025,28.0,EU to EU Internal
STO06899,2025-07-20,F01,F06,P026,8.0,EU to EU Internal
STO06900,2025-07-20,F01,F06,P027,130.0,EU to EU Internal
STO06901,2025-07-19,F01,F06,P028,75.0,EU to EU Internal
STO06902,2025-07-21,F01,F06,P029,46.0,EU to EU Internal
STO06903,2025-07-16,F01,F06,P030,72.0,EU to EU Internal
STO06904,2025-07-13,F01,F06,P031,113.0,EU to EU Internal
STO06905,2025-07-24,F01,F06,P032,57.0,EU to EU Internal
STO06906,2025-07-16,F01,F06,P033,62.0,EU to EU Internal
STO06907,2025-07-14,F01,F06,P034,19.0,EU to EU Internal
STO06908,2025-07-14,F01,F06,P035,33.0,EU to EU Internal
STO06909,2025-07-23,F01,F06,P036,19.0,EU to EU Internal
STO06910,2025-07-13,F01,F06,P037,41.0,EU to EU Internal
STO06911,2025-07-17,F01,F06,P038,59.0,EU to EU Internal
STO06912,2025-07-21,F01,F06,P039,75.0,EU to EU Internal
STO06913,2025-07-20,F01,F06,P040,59.0,EU to EU Internal
STO06914,2025-07-21,F01,F06,P041,37.0,EU to EU Internal
STO06915,2025-07-24,F01,F06,P042,90.0,EU to EU Internal
STO06916,2025-07-18,F01,F06,P043,45.0,EU to EU Internal
STO06917,2025-07-17,F01,F06,P044,38.0,EU to EU Internal
STO06918,2025-07-22,F01,F06,P045,52.0,EU to EU Internal
STO06919,2025-07-23,F01,F06,P046,135.0,EU to EU Internal
STO06920,2025-07-18,F01,F06,P047,27.0,EU to EU Internal
STO06921,2025-07-12,F01,F06,P048,60.0,EU to EU Internal
STO06922,2025-07-13,F01,F06,P049,47.0,EU to EU Internal
STO06923,2025-07-23,F01,F06,P050,88.0,EU to EU Internal
STO06924,2025-07-22,F01,F06,P051,55.0,EU to EU Internal
STO06925,2025-07-21,F01,F06,P052,54.0,EU to EU Internal
STO06926,2025-07-11,F01,F06,P053,11.0,EU to EU Internal
STO06927,2025-07-21,F01,F06,P054,34.0,EU to EU Internal
STO06928,2025-07-17,F01,F06,P055,31.0,EU to EU Internal
STO06929,2025-07-17,F01,F06,P056,17.0,EU to EU Internal
STO06930,2025-07-19,F01,F06,P057,76.0,EU to EU Internal
STO06931,2025-07-22,F01,F06,P058,57.0,EU to EU Internal
STO06932,2025-07-23,F01,F06,P059,102.0,EU to EU Internal
STO06933,2025-07-16,F01,F06,P060,64.0,EU to EU Internal
STO06934,2025-07-24,F01,F06,P061,53.0,EU to EU Internal
STO06935,2025-07-13,F01,F06,P062,39.0,EU to EU Internal
STO06936,2025-07-12,F01,F06,P063,61.0,EU to EU Internal
STO06937,2025-07-14,F01,F06,P064,65.0,EU to EU Internal
STO06938,2025-07-13,F01,F06,P065,70.0,EU to EU Internal
STO06939,2025-07-14,F01,F06,P066,12.0,EU to EU Internal
STO06940,2025-07-14,F01,F06,P067,24.0,EU to EU Internal
STO06941,2025-07-21,F01,F06,P068,54.0,EU to EU Internal
STO06942,2025-07-18,F01,F06,P069,42.0,EU to EU Internal
STO06943,2025-07-23,F01,F06,P070,42.0,EU to EU Internal
STO06944,2025-07-18,F01,F06,P071,20.0,EU to EU Internal
STO06945,2025-07-23,F01,F06,P072,79.0,EU to EU Internal
STO06946,2025-07-19,F01,F06,P073,65.0,EU to EU Internal
STO06947,2025-07-16,F01,F06,P074,39.0,EU to EU Internal
STO06948,2025-07-11,F01,F06,P075,50.0,EU to EU Internal
STO06949,2025-07-13,F01,F06,P076,74.0,EU to EU Internal
STO06950,2025-07-18,F01,F06,P077,72.0,EU to EU Internal
STO06951,2025-07-19,F01,F06,P078,17.0,EU to EU Internal
STO06952,2025-07-15,F01,F06,P079,37.0,EU to EU Internal
STO06953,2025-07-12,F01,F06,P080,33.0,EU to EU Internal
STO06954,2025-07-22,F01,F06,P081,172.0,EU to EU Internal
STO06955,2025-07-21,F01,F06,P082,103.0,EU to EU Internal
STO06956,2025-07-21,F01,F06,P083,22.0,EU to EU Internal
STO06957,2025-07-24,F01,F06,P084,40.0,EU to EU Internal
STO06958,2025-07-19,F01,F06,P085,74.0,EU to EU Internal
STO06959,2025-07-18,F01,F06,P086,83.0,EU to EU Internal
STO06960,2025-07-18,F01,F06,P087,61.0,EU to EU Internal
STO06961,2025-07-11,F01,F06,P088,23.0,EU to EU Internal
STO06962,2025-07-24,F01,F06,P089,89.0,EU to EU Internal
STO06963,2025-07-18,F01,F06,P090,10.0,EU to EU Internal
STO06964,2025-07-12,F01,F06,P091,32.0,EU to EU Internal
STO06965,2025-07-15,F01,F06,P092,47.0,EU to EU Internal
STO06966,2025-07-17,F01,F06,P093,150.0,EU to EU Internal
STO06967,2025-07-11,F01,F06,P094,152.0,EU to EU Internal
STO06968,2025-07-21,F01,F06,P095,49.0,EU to EU Internal
STO06969,2025-07-12,F01,F06,P096,51.0,EU to EU Internal
STO06970,2025-07-12,F01,F06,P097,88.0,EU to EU Internal
STO06971,2025-07-21,F01,F06,P098,100.0,EU to EU Internal
STO06972,2025-07-21,F01,F06,P099,40.0,EU to EU Internal
STO06973,2025-07-16,F01,F06,P100,73.0,EU to EU Internal
STO06974,2025-08-22,F03,F02,P001,87.0,EU to EU Internal
STO06975,2025-08-19,F03,F02,P002,17.0,EU to EU Internal
STO06976,2025-08-14,F03,F02,P003,36.0,EU to EU Internal
STO06977,2025-08-21,F03,F02,P004,108.0,EU to EU Internal
STO06978,2025-08-18,F03,F02,P005,51.0,EU to EU Internal
STO06979,2025-08-24,F03,F02,P006,5.0,EU to EU Internal
STO06980,2025-08-24,F03,F02,P008,34.0,EU to EU Internal
STO06981,2025-08-15,F03,F02,P009,13.0,EU to EU Internal
STO06982,2025-08-17,F03,F02,P010,62.0,EU to EU Internal
STO06983,2025-08-23,F03,F02,P011,4.0,EU to EU Internal
STO06984,2025-08-12,F03,F02,P012,19.0,EU to EU Internal
STO06985,2025-08-12,F03,F02,P013,36.0,EU to EU Internal
STO06986,2025-08-20,F03,F02,P014,83.0,EU to EU Internal
STO06987,2025-08-16,F03,F02,P015,18.0,EU to EU Internal
STO06988,2025-08-11,F03,F02,P016,209.0,EU to EU Internal
STO06989,2025-08-22,F03,F02,P017,6.0,EU to EU Internal
STO06990,2025-08-15,F03,F02,P018,41.0,EU to EU Internal
STO06991,2025-08-16,F03,F02,P019,55.0,EU to EU Internal
STO06992,2025-08-12,F03,F02,P020,12.0,EU to EU Internal
STO06993,2025-08-14,F03,F02,P021,68.0,EU to EU Internal
STO06994,2025-08-19,F03,F02,P022,16.0,EU to EU Internal
STO06995,2025-08-21,F03,F02,P023,68.0,EU to EU Internal
STO06996,2025-08-23,F03,F02,P024,39.0,EU to EU Internal
STO06997,2025-08-16,F03,F02,P026,25.0,EU to EU Internal
STO06998,2025-08-22,F03,F02,P027,68.0,EU to EU Internal
STO06999,2025-08-17,F03,F02,P028,83.0,EU to EU Internal
STO07000,2025-08-19,F03,F02,P029,97.0,EU to EU Internal
STO07001,2025-08-12,F03,F02,P030,31.0,EU to EU Internal
STO07002,2025-08-11,F03,F02,P031,138.0,EU to EU Internal
STO07003,2025-08-12,F03,F02,P032,5.0,EU to EU Internal
STO07004,2025-08-22,F03,F02,P033,24.0,EU to EU Internal
STO07005,2025-08-20,F03,F02,P034,38.0,EU to EU Internal
STO07006,2025-08-23,F03,F02,P035,26.0,EU to EU Internal
STO07007,2025-08-13,F03,F02,P036,102.0,EU to EU Internal
STO07008,2025-08-11,F03,F02,P037,22.0,EU to EU Internal
STO07009,2025-08-20,F03,F02,P038,86.0,EU to EU Internal
STO07010,2025-08-13,F03,F02,P040,13.0,EU to EU Internal
STO07011,2025-08-21,F03,F02,P041,32.0,EU to EU Internal
STO07012,2025-08-18,F03,F02,P042,67.0,EU to EU Internal
STO07013,2025-08-22,F03,F02,P043,90.0,EU to EU Internal
STO07014,2025-08-11,F03,F02,P044,36.0,EU to EU Internal
STO07015,2025-08-20,F03,F02,P045,57.0,EU to EU Internal
STO07016,2025-08-17,F03,F02,P046,65.0,EU to EU Internal
STO07017,2025-08-14,F03,F02,P047,158.0,EU to EU Internal
STO07018,2025-08-19,F03,F02,P048,22.0,EU to EU Internal
STO07019,2025-08-13,F03,F02,P049,20.0,EU to EU Internal
STO07020,2025-08-16,F03,F02,P050,42.0,EU to EU Internal
STO07021,2025-08-18,F03,F02,P051,68.0,EU to EU Internal
STO07022,2025-08-14,F03,F02,P052,12.0,EU to EU Internal
STO07023,2025-08-23,F03,F02,P053,31.0,EU to EU Internal
STO07024,2025-08-12,F03,F02,P054,15.0,EU to EU Internal
STO07025,2025-08-12,F03,F02,P055,26.0,EU to EU Internal
STO07026,2025-08-24,F03,F02,P056,27.0,EU to EU Internal
STO07027,2025-08-17,F03,F02,P057,89.0,EU to EU Internal
STO07028,2025-08-17,F03,F02,P058,41.0,EU to EU Internal
STO07029,2025-08-20,F03,F02,P059,21.0,EU to EU Internal
STO07030,2025-08-17,F03,F02,P060,21.0,EU to EU Internal
STO07031,2025-08-16,F03,F02,P061,46.0,EU to EU Internal
STO07032,2025-08-14,F03,F02,P062,32.0,EU to EU Internal
STO07033,2025-08-16,F03,F02,P063,98.0,EU to EU Internal
STO07034,2025-08-19,F03,F02,P064,41.0,EU to EU Internal
STO07035,2025-08-17,F03,F02,P065,58.0,EU to EU Internal
STO07036,2025-08-18,F03,F02,P067,8.0,EU to EU Internal
STO07037,2025-08-20,F03,F02,P068,35.0,EU to EU Internal
STO07038,2025-08-16,F03,F02,P069,64.0,EU to EU Internal
STO07039,2025-08-21,F03,F02,P070,152.0,EU to EU Internal
STO07040,2025-08-18,F03,F02,P071,51.0,EU to EU Internal
STO07041,2025-08-14,F03,F02,P072,4.0,EU to EU Internal
STO07042,2025-08-23,F03,F02,P073,15.0,EU to EU Internal
STO07043,2025-08-22,F03,F02,P074,28.0,EU to EU Internal
STO07044,2025-08-18,F03,F02,P075,42.0,EU to EU Internal
STO07045,2025-08-24,F03,F02,P076,39.0,EU to EU Internal
STO07046,2025-08-19,F03,F02,P077,98.0,EU to EU Internal
STO07047,2025-08-14,F03,F02,P079,32.0,EU to EU Internal
STO07048,2025-08-23,F03,F02,P080,8.0,EU to EU Internal
STO07049,2025-08-12,F03,F02,P081,102.0,EU to EU Internal
STO07050,2025-08-17,F03,F02,P082,44.0,EU to EU Internal
STO07051,2025-08-17,F03,F02,P083,3.0,EU to EU Internal
STO07052,2025-08-16,F03,F02,P084,23.0,EU to EU Internal
STO07053,2025-08-18,F03,F02,P085,61.0,EU to EU Internal
STO07054,2025-08-23,F03,F02,P086,42.0,EU to EU Internal
STO07055,2025-08-16,F03,F02,P087,143.0,EU to EU Internal
STO07056,2025-08-15,F03,F02,P088,48.0,EU to EU Internal
STO07057,2025-08-11,F03,F02,P089,52.0,EU to EU Internal
STO07058,2025-08-11,F03,F02,P091,14.0,EU to EU Internal
STO07059,2025-08-22,F03,F02,P092,48.0,EU to EU Internal
STO07060,2025-08-23,F03,F02,P093,42.0,EU to EU Internal
STO07061,2025-08-22,F03,F02,P094,113.0,EU to EU Internal
STO07062,2025-08-17,F03,F02,P095,85.0,EU to EU Internal
STO07063,2025-08-12,F03,F02,P096,25.0,EU to EU Internal
STO07064,2025-08-16,F03,F02,P097,25.0,EU to EU Internal
STO07065,2025-08-19,F03,F02,P098,33.0,EU to EU Internal
STO07066,2025-08-21,F03,F02,P099,5.0,EU to EU Internal
STO07067,2025-08-19,F03,F02,P100,28.0,EU to EU Internal
STO07068,2025-08-14,F03,F04,P001,59.0,EU to EU Internal
STO07069,2025-08-22,F03,F04,P002,113.0,EU to EU Internal
STO07070,2025-08-14,F03,F04,P003,101.0,EU to EU Internal
STO07071,2025-08-21,F03,F04,P004,153.0,EU to EU Internal
STO07072,2025-08-12,F03,F04,P005,18.0,EU to EU Internal
STO07073,2025-08-23,F03,F04,P006,18.0,EU to EU Internal
STO07074,2025-08-20,F03,F04,P007,42.0,EU to EU Internal
STO07075,2025-08-11,F03,F04,P008,14.0,EU to EU Internal
STO07076,2025-08-16,F03,F04,P009,33.0,EU to EU Internal
STO07077,2025-08-16,F03,F04,P010,66.0,EU to EU Internal
STO07078,2025-08-11,F03,F04,P011,12.0,EU to EU Internal
STO07079,2025-08-14,F03,F04,P012,49.0,EU to EU Internal
STO07080,2025-08-11,F03,F04,P013,162.0,EU to EU Internal
STO07081,2025-08-18,F03,F04,P014,63.0,EU to EU Internal
STO07082,2025-08-22,F03,F04,P015,181.0,EU to EU Internal
STO07083,2025-08-16,F03,F04,P016,77.0,EU to EU Internal
STO07084,2025-08-24,F03,F04,P018,73.0,EU to EU Internal
STO07085,2025-08-17,F03,F04,P019,69.0,EU to EU Internal
STO07086,2025-08-15,F03,F04,P020,123.0,EU to EU Internal
STO07087,2025-08-15,F03,F04,P021,41.0,EU to EU Internal
STO07088,2025-08-22,F03,F04,P022,123.0,EU to EU Internal
STO07089,2025-08-22,F03,F04,P023,98.0,EU to EU Internal
STO07090,2025-08-24,F03,F04,P024,38.0,EU to EU Internal
STO07091,2025-08-15,F03,F04,P025,7.0,EU to EU Internal
STO07092,2025-08-24,F03,F04,P026,81.0,EU to EU Internal
STO07093,2025-08-20,F03,F04,P027,184.0,EU to EU Internal
STO07094,2025-08-12,F03,F04,P028,80.0,EU to EU Internal
STO07095,2025-08-14,F03,F04,P029,100.0,EU to EU Internal
STO07096,2025-08-20,F03,F04,P030,167.0,EU to EU Internal
STO07097,2025-08-15,F03,F04,P031,69.0,EU to EU Internal
STO07098,2025-08-17,F03,F04,P032,158.0,EU to EU Internal
STO07099,2025-08-12,F03,F04,P033,17.0,EU to EU Internal
STO07100,2025-08-17,F03,F04,P034,45.0,EU to EU Internal
STO07101,2025-08-11,F03,F04,P035,48.0,EU to EU Internal
STO07102,2025-08-21,F03,F04,P036,92.0,EU to EU Internal
STO07103,2025-08-19,F03,F04,P037,79.0,EU to EU Internal
STO07104,2025-08-24,F03,F04,P038,69.0,EU to EU Internal
STO07105,2025-08-14,F03,F04,P039,33.0,EU to EU Internal
STO07106,2025-08-21,F03,F04,P040,129.0,EU to EU Internal
STO07107,2025-08-24,F03,F04,P041,2.0,EU to EU Internal
STO07108,2025-08-19,F03,F04,P042,107.0,EU to EU Internal
STO07109,2025-08-16,F03,F04,P043,177.0,EU to EU Internal
STO07110,2025-08-13,F03,F04,P044,25.0,EU to EU Internal
STO07111,2025-08-22,F03,F04,P045,85.0,EU to EU Internal
STO07112,2025-08-17,F03,F04,P046,140.0,EU to EU Internal
STO07113,2025-08-13,F03,F04,P047,101.0,EU to EU Internal
STO07114,2025-08-24,F03,F04,P048,59.0,EU to EU Internal
STO07115,2025-08-19,F03,F04,P049,38.0,EU to EU Internal
STO07116,2025-08-16,F03,F04,P050,177.0,EU to EU Internal
STO07117,2025-08-20,F03,F04,P051,255.0,EU to EU Internal
STO07118,2025-08-11,F03,F04,P052,153.0,EU to EU Internal
STO07119,2025-08-23,F03,F04,P053,110.0,EU to EU Internal
STO07120,2025-08-22,F03,F04,P054,29.0,EU to EU Internal
STO07121,2025-08-15,F03,F04,P055,22.0,EU to EU Internal
STO07122,2025-08-19,F03,F04,P056,174.0,EU to EU Internal
STO07123,2025-08-13,F03,F04,P057,109.0,EU to EU Internal
STO07124,2025-08-11,F03,F04,P058,108.0,EU to EU Internal
STO07125,2025-08-18,F03,F04,P059,61.0,EU to EU Internal
STO07126,2025-08-18,F03,F04,P060,34.0,EU to EU Internal
STO07127,2025-08-19,F03,F04,P061,127.0,EU to EU Internal
STO07128,2025-08-13,F03,F04,P062,85.0,EU to EU Internal
STO07129,2025-08-18,F03,F04,P063,73.0,EU to EU Internal
STO07130,2025-08-14,F03,F04,P064,63.0,EU to EU Internal
STO07131,2025-08-17,F03,F04,P065,92.0,EU to EU Internal
STO07132,2025-08-23,F03,F04,P066,4.0,EU to EU Internal
STO07133,2025-08-15,F03,F04,P067,4.0,EU to EU Internal
STO07134,2025-08-16,F03,F04,P069,56.0,EU to EU Internal
STO07135,2025-08-18,F03,F04,P070,39.0,EU to EU Internal
STO07136,2025-08-21,F03,F04,P071,82.0,EU to EU Internal
STO07137,2025-08-17,F03,F04,P072,38.0,EU to EU Internal
STO07138,2025-08-11,F03,F04,P073,144.0,EU to EU Internal
STO07139,2025-08-18,F03,F04,P074,27.0,EU to EU Internal
STO07140,2025-08-21,F03,F04,P075,52.0,EU to EU Internal
STO07141,2025-08-14,F03,F04,P076,36.0,EU to EU Internal
STO07142,2025-08-11,F03,F04,P077,103.0,EU to EU Internal
STO07143,2025-08-21,F03,F04,P078,29.0,EU to EU Internal
STO07144,2025-08-15,F03,F04,P079,139.0,EU to EU Internal
STO07145,2025-08-23,F03,F04,P080,8.0,EU to EU Internal
STO07146,2025-08-22,F03,F04,P081,155.0,EU to EU Internal
STO07147,2025-08-18,F03,F04,P082,200.0,EU to EU Internal
STO07148,2025-08-16,F03,F04,P083,19.0,EU to EU Internal
STO07149,2025-08-16,F03,F04,P084,127.0,EU to EU Internal
STO07150,2025-08-21,F03,F04,P085,143.0,EU to EU Internal
STO07151,2025-08-15,F03,F04,P086,33.0,EU to EU Internal
STO07152,2025-08-11,F03,F04,P087,184.0,EU to EU Internal
STO07153,2025-08-13,F03,F04,P088,46.0,EU to EU Internal
STO07154,2025-08-11,F03,F04,P091,72.0,EU to EU Internal
STO07155,2025-08-13,F03,F04,P092,194.0,EU to EU Internal
STO07156,2025-08-13,F03,F04,P093,137.0,EU to EU Internal
STO07157,2025-08-13,F03,F04,P094,214.0,EU to EU Internal
STO07158,2025-08-20,F03,F04,P095,51.0,EU to EU Internal
STO07159,2025-08-21,F03,F04,P096,56.0,EU to EU Internal
STO07160,2025-08-15,F03,F04,P097,257.0,EU to EU Internal
STO07161,2025-08-16,F03,F04,P098,166.0,EU to EU Internal
STO07162,2025-08-22,F03,F04,P099,262.0,EU to EU Internal
STO07163,2025-08-11,F03,F04,P100,9.0,EU to EU Internal
STO07164,2025-08-21,F01,F05,P003,10.0,EU to EU Internal
STO07165,2025-08-14,F01,F05,P005,21.0,EU to EU Internal
STO07166,2025-08-17,F01,F05,P007,3.0,EU to EU Internal
STO07167,2025-08-21,F01,F05,P008,12.0,EU to EU Internal
STO07168,2025-08-15,F01,F05,P009,51.0,EU to EU Internal
STO07169,2025-08-11,F01,F05,P010,15.0,EU to EU Internal
STO07170,2025-08-18,F01,F05,P011,76.0,EU to EU Internal
STO07171,2025-08-19,F01,F05,P012,21.0,EU to EU Internal
STO07172,2025-08-18,F01,F05,P014,3.0,EU to EU Internal
STO07173,2025-08-18,F01,F05,P015,166.0,EU to EU Internal
STO07174,2025-08-20,F01,F05,P017,10.0,EU to EU Internal
STO07175,2025-08-17,F01,F05,P018,17.0,EU to EU Internal
STO07176,2025-08-17,F01,F05,P019,14.0,EU to EU Internal
STO07177,2025-08-17,F01,F05,P020,99.0,EU to EU Internal
STO07178,2025-08-11,F01,F05,P021,34.0,EU to EU Internal
STO07179,2025-08-17,F01,F05,P022,8.0,EU to EU Internal
STO07180,2025-08-19,F01,F05,P023,9.0,EU to EU Internal
STO07181,2025-08-20,F01,F05,P024,25.0,EU to EU Internal
STO07182,2025-08-24,F01,F05,P025,12.0,EU to EU Internal
STO07183,2025-08-13,F01,F05,P026,13.0,EU to EU Internal
STO07184,2025-08-15,F01,F05,P028,23.0,EU to EU Internal
STO07185,2025-08-16,F01,F05,P029,13.0,EU to EU Internal
STO07186,2025-08-17,F01,F05,P030,18.0,EU to EU Internal
STO07187,2025-08-12,F01,F05,P032,39.0,EU to EU Internal
STO07188,2025-08-19,F01,F05,P034,16.0,EU to EU Internal
STO07189,2025-08-21,F01,F05,P035,33.0,EU to EU Internal
STO07190,2025-08-12,F01,F05,P037,14.0,EU to EU Internal
STO07191,2025-08-18,F01,F05,P038,14.0,EU to EU Internal
STO07192,2025-08-23,F01,F05,P039,41.0,EU to EU Internal
STO07193,2025-08-11,F01,F05,P041,4.0,EU to EU Internal
STO07194,2025-08-22,F01,F05,P042,18.0,EU to EU Internal
STO07195,2025-08-21,F01,F05,P043,2.0,EU to EU Internal
STO07196,2025-08-18,F01,F05,P044,32.0,EU to EU Internal
STO07197,2025-08-11,F01,F05,P045,29.0,EU to EU Internal
STO07198,2025-08-19,F01,F05,P046,79.0,EU to EU Internal
STO07199,2025-08-21,F01,F05,P047,6.0,EU to EU Internal
STO07200,2025-08-20,F01,F05,P048,23.0,EU to EU Internal
STO07201,2025-08-17,F01,F05,P049,8.0,EU to EU Internal
STO07202,2025-08-13,F01,F05,P050,44.0,EU to EU Internal
STO07203,2025-08-23,F01,F05,P051,29.0,EU to EU Internal
STO07204,2025-08-13,F01,F05,P052,23.0,EU to EU Internal
STO07205,2025-08-20,F01,F05,P055,5.0,EU to EU Internal
STO07206,2025-08-12,F01,F05,P056,26.0,EU to EU Internal
STO07207,2025-08-14,F01,F05,P057,26.0,EU to EU Internal
STO07208,2025-08-21,F01,F05,P059,44.0,EU to EU Internal
STO07209,2025-08-20,F01,F05,P061,57.0,EU to EU Internal
STO07210,2025-08-22,F01,F05,P062,5.0,EU to EU Internal
STO07211,2025-08-24,F01,F05,P063,16.0,EU to EU Internal
STO07212,2025-08-13,F01,F05,P065,23.0,EU to EU Internal
STO07213,2025-08-16,F01,F05,P067,29.0,EU to EU Internal
STO07214,2025-08-20,F01,F05,P069,19.0,EU to EU Internal
STO07215,2025-08-12,F01,F05,P070,41.0,EU to EU Internal
STO07216,2025-08-11,F01,F05,P071,8.0,EU to EU Internal
STO07217,2025-08-11,F01,F05,P072,18.0,EU to EU Internal
STO07218,2025-08-14,F01,F05,P073,13.0,EU to EU Internal
STO07219,2025-08-23,F01,F05,P076,20.0,EU to EU Internal
STO07220,2025-08-17,F01,F05,P077,10.0,EU to EU Internal
STO07221,2025-08-20,F01,F05,P079,28.0,EU to EU Internal
STO07222,2025-08-22,F01,F05,P080,7.0,EU to EU Internal
STO07223,2025-08-17,F01,F05,P081,60.0,EU to EU Internal
STO07224,2025-08-24,F01,F05,P083,7.0,EU to EU Internal
STO07225,2025-08-13,F01,F05,P084,44.0,EU to EU Internal
STO07226,2025-08-22,F01,F05,P085,30.0,EU to EU Internal
STO07227,2025-08-20,F01,F05,P086,47.0,EU to EU Internal
STO07228,2025-08-20,F01,F05,P087,47.0,EU to EU Internal
STO07229,2025-08-24,F01,F05,P088,45.0,EU to EU Internal
STO07230,2025-08-21,F01,F05,P089,29.0,EU to EU Internal
STO07231,2025-08-16,F01,F05,P090,4.0,EU to EU Internal
STO07232,2025-08-11,F01,F05,P091,29.0,EU to EU Internal
STO07233,2025-08-16,F01,F05,P092,7.0,EU to EU Internal
STO07234,2025-08-17,F01,F05,P093,38.0,EU to EU Internal
STO07235,2025-08-16,F01,F05,P094,5.0,EU to EU Internal
STO07236,2025-08-20,F01,F05,P095,4.0,EU to EU Internal
STO07237,2025-08-19,F01,F05,P096,26.0,EU to EU Internal
STO07238,2025-08-11,F01,F05,P097,56.0,EU to EU Internal
STO07239,2025-08-12,F01,F05,P099,14.0,EU to EU Internal
STO07240,2025-08-11,F01,F06,P001,90.0,EU to EU Internal
STO07241,2025-08-17,F01,F06,P002,13.0,EU to EU Internal
STO07242,2025-08-20,F01,F06,P003,7.0,EU to EU Internal
STO07243,2025-08-13,F01,F06,P004,153.0,EU to EU Internal
STO07244,2025-08-24,F01,F06,P005,57.0,EU to EU Internal
STO07245,2025-08-20,F01,F06,P006,47.0,EU to EU Internal
STO07246,2025-08-21,F01,F06,P007,53.0,EU to EU Internal
STO07247,2025-08-24,F01,F06,P008,65.0,EU to EU Internal
STO07248,2025-08-14,F01,F06,P009,79.0,EU to EU Internal
STO07249,2025-08-18,F01,F06,P010,92.0,EU to EU Internal
STO07250,2025-08-17,F01,F06,P011,73.0,EU to EU Internal
STO07251,2025-08-18,F01,F06,P012,26.0,EU to EU Internal
STO07252,2025-08-12,F01,F06,P013,20.0,EU to EU Internal
STO07253,2025-08-19,F01,F06,P014,41.0,EU to EU Internal
STO07254,2025-08-23,F01,F06,P015,7.0,EU to EU Internal
STO07255,2025-08-18,F01,F06,P016,92.0,EU to EU Internal
STO07256,2025-08-23,F01,F06,P017,51.0,EU to EU Internal
STO07257,2025-08-21,F01,F06,P018,49.0,EU to EU Internal
STO07258,2025-08-15,F01,F06,P019,109.0,EU to EU Internal
STO07259,2025-08-15,F01,F06,P020,84.0,EU to EU Internal
STO07260,2025-08-12,F01,F06,P021,46.0,EU to EU Internal
STO07261,2025-08-17,F01,F06,P022,17.0,EU to EU Internal
STO07262,2025-08-11,F01,F06,P023,12.0,EU to EU Internal
STO07263,2025-08-18,F01,F06,P024,34.0,EU to EU Internal
STO07264,2025-08-19,F01,F06,P025,38.0,EU to EU Internal
STO07265,2025-08-16,F01,F06,P026,5.0,EU to EU Internal
STO07266,2025-08-13,F01,F06,P027,48.0,EU to EU Internal
STO07267,2025-08-14,F01,F06,P028,47.0,EU to EU Internal
STO07268,2025-08-19,F01,F06,P029,37.0,EU to EU Internal
STO07269,2025-08-20,F01,F06,P030,56.0,EU to EU Internal
STO07270,2025-08-17,F01,F06,P031,115.0,EU to EU Internal
STO07271,2025-08-13,F01,F06,P032,64.0,EU to EU Internal
STO07272,2025-08-21,F01,F06,P033,39.0,EU to EU Internal
STO07273,2025-08-12,F01,F06,P034,43.0,EU to EU Internal
STO07274,2025-08-14,F01,F06,P035,3.0,EU to EU Internal
STO07275,2025-08-14,F01,F06,P036,26.0,EU to EU Internal
STO07276,2025-08-23,F01,F06,P037,48.0,EU to EU Internal
STO07277,2025-08-23,F01,F06,P038,32.0,EU to EU Internal
STO07278,2025-08-11,F01,F06,P039,89.0,EU to EU Internal
STO07279,2025-08-12,F01,F06,P040,40.0,EU to EU Internal
STO07280,2025-08-13,F01,F06,P041,36.0,EU to EU Internal
STO07281,2025-08-16,F01,F06,P042,60.0,EU to EU Internal
STO07282,2025-08-18,F01,F06,P043,31.0,EU to EU Internal
STO07283,2025-08-13,F01,F06,P044,41.0,EU to EU Internal
STO07284,2025-08-17,F01,F06,P045,53.0,EU to EU Internal
STO07285,2025-08-24,F01,F06,P046,53.0,EU to EU Internal
STO07286,2025-08-17,F01,F06,P047,42.0,EU to EU Internal
STO07287,2025-08-23,F01,F06,P048,63.0,EU to EU Internal
STO07288,2025-08-19,F01,F06,P049,41.0,EU to EU Internal
STO07289,2025-08-11,F01,F06,P050,112.0,EU to EU Internal
STO07290,2025-08-17,F01,F06,P051,80.0,EU to EU Internal
STO07291,2025-08-20,F01,F06,P052,77.0,EU to EU Internal
STO07292,2025-08-18,F01,F06,P053,35.0,EU to EU Internal
STO07293,2025-08-17,F01,F06,P054,43.0,EU to EU Internal
STO07294,2025-08-15,F01,F06,P055,41.0,EU to EU Internal
STO07295,2025-08-16,F01,F06,P056,5.0,EU to EU Internal
STO07296,2025-08-16,F01,F06,P057,84.0,EU to EU Internal
STO07297,2025-08-11,F01,F06,P058,59.0,EU to EU Internal
STO07298,2025-08-20,F01,F06,P059,43.0,EU to EU Internal
STO07299,2025-08-22,F01,F06,P060,35.0,EU to EU Internal
STO07300,2025-08-23,F01,F06,P061,70.0,EU to EU Internal
STO07301,2025-08-19,F01,F06,P062,37.0,EU to EU Internal
STO07302,2025-08-17,F01,F06,P063,58.0,EU to EU Internal
STO07303,2025-08-22,F01,F06,P064,63.0,EU to EU Internal
STO07304,2025-08-16,F01,F06,P065,97.0,EU to EU Internal
STO07305,2025-08-16,F01,F06,P066,19.0,EU to EU Internal
STO07306,2025-08-14,F01,F06,P067,10.0,EU to EU Internal
STO07307,2025-08-15,F01,F06,P068,62.0,EU to EU Internal
STO07308,2025-08-14,F01,F06,P069,68.0,EU to EU Internal
STO07309,2025-08-23,F01,F06,P070,47.0,EU to EU Internal
STO07310,2025-08-15,F01,F06,P071,31.0,EU to EU Internal
STO07311,2025-08-21,F01,F06,P072,66.0,EU to EU Internal
STO07312,2025-08-24,F01,F06,P073,68.0,EU to EU Internal
STO07313,2025-08-11,F01,F06,P074,39.0,EU to EU Internal
STO07314,2025-08-18,F01,F06,P075,49.0,EU to EU Internal
STO07315,2025-08-14,F01,F06,P076,71.0,EU to EU Internal
STO07316,2025-08-17,F01,F06,P077,54.0,EU to EU Internal
STO07317,2025-08-22,F01,F06,P078,39.0,EU to EU Internal
STO07318,2025-08-14,F01,F06,P079,29.0,EU to EU Internal
STO07319,2025-08-24,F01,F06,P080,24.0,EU to EU Internal
STO07320,2025-08-23,F01,F06,P081,109.0,EU to EU Internal
STO07321,2025-08-16,F01,F06,P082,84.0,EU to EU Internal
STO07322,2025-08-20,F01,F06,P083,12.0,EU to EU Internal
STO07323,2025-08-19,F01,F06,P084,24.0,EU to EU Internal
STO07324,2025-08-20,F01,F06,P085,65.0,EU to EU Internal
STO07325,2025-08-14,F01,F06,P086,55.0,EU to EU Internal
STO07326,2025-08-15,F01,F06,P087,68.0,EU to EU Internal
STO07327,2025-08-14,F01,F06,P088,49.0,EU to EU Internal
STO07328,2025-08-16,F01,F06,P089,126.0,EU to EU Internal
STO07329,2025-08-15,F01,F06,P090,32.0,EU to EU Internal
STO07330,2025-08-17,F01,F06,P091,10.0,EU to EU Internal
STO07331,2025-08-14,F01,F06,P092,38.0,EU to EU Internal
STO07332,2025-08-23,F01,F06,P093,56.0,EU to EU Internal
STO07333,2025-08-24,F01,F06,P094,95.0,EU to EU Internal
STO07334,2025-08-17,F01,F06,P095,58.0,EU to EU Internal
STO07335,2025-08-22,F01,F06,P096,71.0,EU to EU Internal
STO07336,2025-08-19,F01,F06,P097,71.0,EU to EU Internal
STO07337,2025-08-24,F01,F06,P098,76.0,EU to EU Internal
STO07338,2025-08-14,F01,F06,P099,39.0,EU to EU Internal
STO07339,2025-08-15,F01,F06,P100,65.0,EU to EU Internal
STO07340,2025-09-18,F03,F02,P001,71.0,EU to EU Internal
STO07341,2025-09-19,F03,F02,P002,34.0,EU to EU Internal
STO07342,2025-09-23,F03,F02,P003,46.0,EU to EU Internal
STO07343,2025-09-18,F03,F02,P004,121.0,EU to EU Internal
STO07344,2025-09-14,F03,F02,P005,95.0,EU to EU Internal
STO07345,2025-09-21,F03,F02,P006,3.0,EU to EU Internal
STO07346,2025-09-17,F03,F02,P008,6.0,EU to EU Internal
STO07347,2025-09-11,F03,F02,P009,14.0,EU to EU Internal
STO07348,2025-09-20,F03,F02,P010,70.0,EU to EU Internal
STO07349,2025-09-14,F03,F02,P011,13.0,EU to EU Internal
STO07350,2025-09-21,F03,F02,P012,12.0,EU to EU Internal
STO07351,2025-09-12,F03,F02,P013,11.0,EU to EU Internal
STO07352,2025-09-23,F03,F02,P014,96.0,EU to EU Internal
STO07353,2025-09-21,F03,F02,P015,17.0,EU to EU Internal
STO07354,2025-09-14,F03,F02,P016,115.0,EU to EU Internal
STO07355,2025-09-18,F03,F02,P017,6.0,EU to EU Internal
STO07356,2025-09-15,F03,F02,P018,63.0,EU to EU Internal
STO07357,2025-09-16,F03,F02,P019,37.0,EU to EU Internal
STO07358,2025-09-14,F03,F02,P020,12.0,EU to EU Internal
STO07359,2025-09-23,F03,F02,P021,65.0,EU to EU Internal
STO07360,2025-09-22,F03,F02,P022,47.0,EU to EU Internal
STO07361,2025-09-11,F03,F02,P023,69.0,EU to EU Internal
STO07362,2025-09-18,F03,F02,P024,12.0,EU to EU Internal
STO07363,2025-09-16,F03,F02,P026,28.0,EU to EU Internal
STO07364,2025-09-19,F03,F02,P027,62.0,EU to EU Internal
STO07365,2025-09-23,F03,F02,P028,49.0,EU to EU Internal
STO07366,2025-09-18,F03,F02,P029,96.0,EU to EU Internal
STO07367,2025-09-21,F03,F02,P030,73.0,EU to EU Internal
STO07368,2025-09-17,F03,F02,P031,170.0,EU to EU Internal
STO07369,2025-09-13,F03,F02,P032,5.0,EU to EU Internal
STO07370,2025-09-23,F03,F02,P033,10.0,EU to EU Internal
STO07371,2025-09-10,F03,F02,P034,58.0,EU to EU Internal
STO07372,2025-09-17,F03,F02,P035,27.0,EU to EU Internal
STO07373,2025-09-15,F03,F02,P036,99.0,EU to EU Internal
STO07374,2025-09-18,F03,F02,P037,37.0,EU to EU Internal
STO07375,2025-09-21,F03,F02,P038,64.0,EU to EU Internal
STO07376,2025-09-14,F03,F02,P039,7.0,EU to EU Internal
STO07377,2025-09-23,F03,F02,P040,25.0,EU to EU Internal
STO07378,2025-09-16,F03,F02,P041,31.0,EU to EU Internal
STO07379,2025-09-10,F03,F02,P042,102.0,EU to EU Internal
STO07380,2025-09-22,F03,F02,P043,86.0,EU to EU Internal
STO07381,2025-09-14,F03,F02,P044,19.0,EU to EU Internal
STO07382,2025-09-11,F03,F02,P045,61.0,EU to EU Internal
STO07383,2025-09-18,F03,F02,P046,56.0,EU to EU Internal
STO07384,2025-09-11,F03,F02,P047,151.0,EU to EU Internal
STO07385,2025-09-12,F03,F02,P048,27.0,EU to EU Internal
STO07386,2025-09-11,F03,F02,P049,26.0,EU to EU Internal
STO07387,2025-09-18,F03,F02,P050,87.0,EU to EU Internal
STO07388,2025-09-19,F03,F02,P051,29.0,EU to EU Internal
STO07389,2025-09-16,F03,F02,P052,29.0,EU to EU Internal
STO07390,2025-09-18,F03,F02,P053,17.0,EU to EU Internal
STO07391,2025-09-21,F03,F02,P054,3.0,EU to EU Internal
STO07392,2025-09-10,F03,F02,P055,30.0,EU to EU Internal
STO07393,2025-09-16,F03,F02,P056,64.0,EU to EU Internal
STO07394,2025-09-14,F03,F02,P057,88.0,EU to EU Internal
STO07395,2025-09-11,F03,F02,P058,50.0,EU to EU Internal
STO07396,2025-09-16,F03,F02,P059,15.0,EU to EU Internal
STO07397,2025-09-18,F03,F02,P060,2.0,EU to EU Internal
STO07398,2025-09-22,F03,F02,P061,52.0,EU to EU Internal
STO07399,2025-09-16,F03,F02,P062,23.0,EU to EU Internal
STO07400,2025-09-11,F03,F02,P063,119.0,EU to EU Internal
STO07401,2025-09-15,F03,F02,P064,16.0,EU to EU Internal
STO07402,2025-09-19,F03,F02,P065,63.0,EU to EU Internal
STO07403,2025-09-18,F03,F02,P068,25.0,EU to EU Internal
STO07404,2025-09-18,F03,F02,P069,80.0,EU to EU Internal
STO07405,2025-09-20,F03,F02,P070,89.0,EU to EU Internal
STO07406,2025-09-12,F03,F02,P071,24.0,EU to EU Internal
STO07407,2025-09-23,F03,F02,P072,22.0,EU to EU Internal
STO07408,2025-09-20,F03,F02,P073,8.0,EU to EU Internal
STO07409,2025-09-17,F03,F02,P074,23.0,EU to EU Internal
STO07410,2025-09-14,F03,F02,P075,28.0,EU to EU Internal
STO07411,2025-09-21,F03,F02,P076,35.0,EU to EU Internal
STO07412,2025-09-11,F03,F02,P077,108.0,EU to EU Internal
STO07413,2025-09-16,F03,F02,P079,49.0,EU to EU Internal
STO07414,2025-09-17,F03,F02,P080,20.0,EU to EU Internal
STO07415,2025-09-12,F03,F02,P081,134.0,EU to EU Internal
STO07416,2025-09-12,F03,F02,P082,5.0,EU to EU Internal
STO07417,2025-09-22,F03,F02,P083,3.0,EU to EU Internal
STO07418,2025-09-22,F03,F02,P084,28.0,EU to EU Internal
STO07419,2025-09-18,F03,F02,P085,51.0,EU to EU Internal
STO07420,2025-09-12,F03,F02,P086,50.0,EU to EU Internal
STO07421,2025-09-13,F03,F02,P087,130.0,EU to EU Internal
STO07422,2025-09-13,F03,F02,P088,52.0,EU to EU Internal
STO07423,2025-09-18,F03,F02,P089,34.0,EU to EU Internal
STO07424,2025-09-13,F03,F02,P091,19.0,EU to EU Internal
STO07425,2025-09-14,F03,F02,P092,70.0,EU to EU Internal
STO07426,2025-09-20,F03,F02,P093,54.0,EU to EU Internal
STO07427,2025-09-22,F03,F02,P094,77.0,EU to EU Internal
STO07428,2025-09-23,F03,F02,P095,46.0,EU to EU Internal
STO07429,2025-09-19,F03,F02,P096,31.0,EU to EU Internal
STO07430,2025-09-21,F03,F02,P097,120.0,EU to EU Internal
STO07431,2025-09-12,F03,F02,P098,20.0,EU to EU Internal
STO07432,2025-09-23,F03,F02,P099,5.0,EU to EU Internal
STO07433,2025-09-16,F03,F02,P100,71.0,EU to EU Internal
STO07434,2025-09-10,F03,F04,P001,69.0,EU to EU Internal
STO07435,2025-09-22,F03,F04,P002,109.0,EU to EU Internal
STO07436,2025-09-13,F03,F04,P003,142.0,EU to EU Internal
STO07437,2025-09-23,F03,F04,P004,101.0,EU to EU Internal
STO07438,2025-09-23,F03,F04,P005,111.0,EU to EU Internal
STO07439,2025-09-21,F03,F04,P006,39.0,EU to EU Internal
STO07440,2025-09-16,F03,F04,P007,32.0,EU to EU Internal
STO07441,2025-09-10,F03,F04,P008,9.0,EU to EU Internal
STO07442,2025-09-13,F03,F04,P009,28.0,EU to EU Internal
STO07443,2025-09-13,F03,F04,P010,80.0,EU to EU Internal
STO07444,2025-09-22,F03,F04,P011,27.0,EU to EU Internal
STO07445,2025-09-13,F03,F04,P012,34.0,EU to EU Internal
STO07446,2025-09-21,F03,F04,P013,136.0,EU to EU Internal
STO07447,2025-09-15,F03,F04,P014,91.0,EU to EU Internal
STO07448,2025-09-20,F03,F04,P015,122.0,EU to EU Internal
STO07449,2025-09-12,F03,F04,P016,244.0,EU to EU Internal
STO07450,2025-09-15,F03,F04,P018,61.0,EU to EU Internal
STO07451,2025-09-18,F03,F04,P019,87.0,EU to EU Internal
STO07452,2025-09-11,F03,F04,P020,76.0,EU to EU Internal
STO07453,2025-09-16,F03,F04,P021,53.0,EU to EU Internal
STO07454,2025-09-10,F03,F04,P022,57.0,EU to EU Internal
STO07455,2025-09-13,F03,F04,P023,76.0,EU to EU Internal
STO07456,2025-09-17,F03,F04,P024,23.0,EU to EU Internal
STO07457,2025-09-20,F03,F04,P026,65.0,EU to EU Internal
STO07458,2025-09-16,F03,F04,P027,140.0,EU to EU Internal
STO07459,2025-09-16,F03,F04,P028,144.0,EU to EU Internal
STO07460,2025-09-18,F03,F04,P029,108.0,EU to EU Internal
STO07461,2025-09-18,F03,F04,P030,218.0,EU to EU Internal
STO07462,2025-09-19,F03,F04,P031,135.0,EU to EU Internal
STO07463,2025-09-23,F03,F04,P032,96.0,EU to EU Internal
STO07464,2025-09-21,F03,F04,P033,40.0,EU to EU Internal
STO07465,2025-09-17,F03,F04,P034,63.0,EU to EU Internal
STO07466,2025-09-10,F03,F04,P035,36.0,EU to EU Internal
STO07467,2025-09-19,F03,F04,P036,92.0,EU to EU Internal
STO07468,2025-09-13,F03,F04,P037,105.0,EU to EU Internal
STO07469,2025-09-21,F03,F04,P038,95.0,EU to EU Internal
STO07470,2025-09-14,F03,F04,P039,32.0,EU to EU Internal
STO07471,2025-09-17,F03,F04,P040,77.0,EU to EU Internal
STO07472,2025-09-21,F03,F04,P041,21.0,EU to EU Internal
STO07473,2025-09-20,F03,F04,P042,135.0,EU to EU Internal
STO07474,2025-09-23,F03,F04,P043,157.0,EU to EU Internal
STO07475,2025-09-23,F03,F04,P044,53.0,EU to EU Internal
STO07476,2025-09-18,F03,F04,P045,82.0,EU to EU Internal
STO07477,2025-09-15,F03,F04,P046,134.0,EU to EU Internal
STO07478,2025-09-14,F03,F04,P047,94.0,EU to EU Internal
STO07479,2025-09-12,F03,F04,P048,37.0,EU to EU Internal
STO07480,2025-09-19,F03,F04,P049,12.0,EU to EU Internal
STO07481,2025-09-11,F03,F04,P050,150.0,EU to EU Internal
STO07482,2025-09-23,F03,F04,P051,250.0,EU to EU Internal
STO07483,2025-09-22,F03,F04,P052,133.0,EU to EU Internal
STO07484,2025-09-17,F03,F04,P053,76.0,EU to EU Internal
STO07485,2025-09-12,F03,F04,P054,33.0,EU to EU Internal
STO07486,2025-09-14,F03,F04,P055,33.0,EU to EU Internal
STO07487,2025-09-15,F03,F04,P056,160.0,EU to EU Internal
STO07488,2025-09-13,F03,F04,P057,126.0,EU to EU Internal
STO07489,2025-09-14,F03,F04,P058,79.0,EU to EU Internal
STO07490,2025-09-11,F03,F04,P059,27.0,EU to EU Internal
STO07491,2025-09-17,F03,F04,P060,25.0,EU to EU Internal
STO07492,2025-09-18,F03,F04,P061,173.0,EU to EU Internal
STO07493,2025-09-16,F03,F04,P062,68.0,EU to EU Internal
STO07494,2025-09-21,F03,F04,P063,107.0,EU to EU Internal
STO07495,2025-09-15,F03,F04,P064,54.0,EU to EU Internal
STO07496,2025-09-20,F03,F04,P065,96.0,EU to EU Internal
STO07497,2025-09-10,F03,F04,P066,11.0,EU to EU Internal
STO07498,2025-09-14,F03,F04,P067,3.0,EU to EU Internal
STO07499,2025-09-16,F03,F04,P068,6.0,EU to EU Internal
STO07500,2025-09-20,F03,F04,P069,32.0,EU to EU Internal
STO07501,2025-09-11,F03,F04,P070,8.0,EU to EU Internal
STO07502,2025-09-19,F03,F04,P071,116.0,EU to EU Internal
STO07503,2025-09-19,F03,F04,P072,31.0,EU to EU Internal
STO07504,2025-09-17,F03,F04,P073,132.0,EU to EU Internal
STO07505,2025-09-16,F03,F04,P074,44.0,EU to EU Internal
STO07506,2025-09-13,F03,F04,P075,38.0,EU to EU Internal
STO07507,2025-09-16,F03,F04,P076,25.0,EU to EU Internal
STO07508,2025-09-11,F03,F04,P077,132.0,EU to EU Internal
STO07509,2025-09-15,F03,F04,P078,28.0,EU to EU Internal
STO07510,2025-09-12,F03,F04,P079,142.0,EU to EU Internal
STO07511,2025-09-13,F03,F04,P080,25.0,EU to EU Internal
STO07512,2025-09-14,F03,F04,P081,213.0,EU to EU Internal
STO07513,2025-09-19,F03,F04,P082,190.0,EU to EU Internal
STO07514,2025-09-17,F03,F04,P083,11.0,EU to EU Internal
STO07515,2025-09-11,F03,F04,P084,89.0,EU to EU Internal
STO07516,2025-09-21,F03,F04,P085,128.0,EU to EU Internal
STO07517,2025-09-20,F03,F04,P086,26.0,EU to EU Internal
STO07518,2025-09-15,F03,F04,P087,128.0,EU to EU Internal
STO07519,2025-09-17,F03,F04,P088,39.0,EU to EU Internal
STO07520,2025-09-12,F03,F04,P091,106.0,EU to EU Internal
STO07521,2025-09-12,F03,F04,P092,112.0,EU to EU Internal
STO07522,2025-09-18,F03,F04,P093,144.0,EU to EU Internal
STO07523,2025-09-16,F03,F04,P094,242.0,EU to EU Internal
STO07524,2025-09-19,F03,F04,P095,56.0,EU to EU Internal
STO07525,2025-09-19,F03,F04,P096,60.0,EU to EU Internal
STO07526,2025-09-16,F03,F04,P097,176.0,EU to EU Internal
STO07527,2025-09-13,F03,F04,P098,178.0,EU to EU Internal
STO07528,2025-09-20,F03,F04,P099,188.0,EU to EU Internal
STO07529,2025-09-14,F03,F04,P100,10.0,EU to EU Internal
STO07530,2025-09-16,F01,F05,P002,1.0,EU to EU Internal
STO07531,2025-09-17,F01,F05,P003,15.0,EU to EU Internal
STO07532,2025-09-23,F01,F05,P005,59.0,EU to EU Internal
STO07533,2025-09-11,F01,F05,P007,3.0,EU to EU Internal
STO07534,2025-09-10,F01,F05,P008,26.0,EU to EU Internal
STO07535,2025-09-12,F01,F05,P009,54.0,EU to EU Internal
STO07536,2025-09-22,F01,F05,P010,26.0,EU to EU Internal
STO07537,2025-09-16,F01,F05,P011,33.0,EU to EU Internal
STO07538,2025-09-16,F01,F05,P012,13.0,EU to EU Internal
STO07539,2025-09-19,F01,F05,P014,25.0,EU to EU Internal
STO07540,2025-09-16,F01,F05,P015,130.0,EU to EU Internal
STO07541,2025-09-21,F01,F05,P017,13.0,EU to EU Internal
STO07542,2025-09-15,F01,F05,P018,16.0,EU to EU Internal
STO07543,2025-09-11,F01,F05,P019,53.0,EU to EU Internal
STO07544,2025-09-20,F01,F05,P020,55.0,EU to EU Internal
STO07545,2025-09-10,F01,F05,P021,29.0,EU to EU Internal
STO07546,2025-09-21,F01,F05,P022,15.0,EU to EU Internal
STO07547,2025-09-20,F01,F05,P023,45.0,EU to EU Internal
STO07548,2025-09-15,F01,F05,P024,14.0,EU to EU Internal
STO07549,2025-09-20,F01,F05,P025,20.0,EU to EU Internal
STO07550,2025-09-10,F01,F05,P026,7.0,EU to EU Internal
STO07551,2025-09-13,F01,F05,P028,26.0,EU to EU Internal
STO07552,2025-09-18,F01,F05,P029,1.0,EU to EU Internal
STO07553,2025-09-19,F01,F05,P030,20.0,EU to EU Internal
STO07554,2025-09-22,F01,F05,P032,14.0,EU to EU Internal
STO07555,2025-09-19,F01,F05,P034,32.0,EU to EU Internal
STO07556,2025-09-20,F01,F05,P035,23.0,EU to EU Internal
STO07557,2025-09-19,F01,F05,P037,21.0,EU to EU Internal
STO07558,2025-09-17,F01,F05,P038,12.0,EU to EU Internal
STO07559,2025-09-11,F01,F05,P039,67.0,EU to EU Internal
STO07560,2025-09-22,F01,F05,P041,23.0,EU to EU Internal
STO07561,2025-09-13,F01,F05,P042,29.0,EU to EU Internal
STO07562,2025-09-20,F01,F05,P043,29.0,EU to EU Internal
STO07563,2025-09-20,F01,F05,P044,21.0,EU to EU Internal
STO07564,2025-09-14,F01,F05,P045,42.0,EU to EU Internal
STO07565,2025-09-16,F01,F05,P046,108.0,EU to EU Internal
STO07566,2025-09-17,F01,F05,P047,4.0,EU to EU Internal
STO07567,2025-09-16,F01,F05,P048,28.0,EU to EU Internal
STO07568,2025-09-14,F01,F05,P049,13.0,EU to EU Internal
STO07569,2025-09-23,F01,F05,P050,11.0,EU to EU Internal
STO07570,2025-09-19,F01,F05,P051,24.0,EU to EU Internal
STO07571,2025-09-23,F01,F05,P052,9.0,EU to EU Internal
STO07572,2025-09-16,F01,F05,P055,4.0,EU to EU Internal
STO07573,2025-09-20,F01,F05,P056,26.0,EU to EU Internal
STO07574,2025-09-14,F01,F05,P057,94.0,EU to EU Internal
STO07575,2025-09-11,F01,F05,P059,90.0,EU to EU Internal
STO07576,2025-09-19,F01,F05,P061,54.0,EU to EU Internal
STO07577,2025-09-16,F01,F05,P062,28.0,EU to EU Internal
STO07578,2025-09-19,F01,F05,P063,24.0,EU to EU Internal
STO07579,2025-09-10,F01,F05,P064,13.0,EU to EU Internal
STO07580,2025-09-17,F01,F05,P065,25.0,EU to EU Internal
STO07581,2025-09-19,F01,F05,P067,17.0,EU to EU Internal
STO07582,2025-09-17,F01,F05,P069,14.0,EU to EU Internal
STO07583,2025-09-18,F01,F05,P070,35.0,EU to EU Internal
STO07584,2025-09-12,F01,F05,P071,39.0,EU to EU Internal
STO07585,2025-09-11,F01,F05,P072,22.0,EU to EU Internal
STO07586,2025-09-16,F01,F05,P073,47.0,EU to EU Internal
STO07587,2025-09-10,F01,F05,P076,10.0,EU to EU Internal
STO07588,2025-09-21,F01,F05,P077,2.0,EU to EU Internal
STO07589,2025-09-12,F01,F05,P079,29.0,EU to EU Internal
STO07590,2025-09-15,F01,F05,P080,11.0,EU to EU Internal
STO07591,2025-09-11,F01,F05,P081,48.0,EU to EU Internal
STO07592,2025-09-19,F01,F05,P083,23.0,EU to EU Internal
STO07593,2025-09-18,F01,F05,P084,34.0,EU to EU Internal
STO07594,2025-09-12,F01,F05,P085,25.0,EU to EU Internal
STO07595,2025-09-19,F01,F05,P086,46.0,EU to EU Internal
STO07596,2025-09-19,F01,F05,P087,58.0,EU to EU Internal
STO07597,2025-09-20,F01,F05,P088,46.0,EU to EU Internal
STO07598,2025-09-21,F01,F05,P089,33.0,EU to EU Internal
STO07599,2025-09-17,F01,F05,P090,11.0,EU to EU Internal
STO07600,2025-09-17,F01,F05,P091,39.0,EU to EU Internal
STO07601,2025-09-16,F01,F05,P092,23.0,EU to EU Internal
STO07602,2025-09-16,F01,F05,P093,13.0,EU to EU Internal
STO07603,2025-09-12,F01,F05,P095,7.0,EU to EU Internal
STO07604,2025-09-17,F01,F05,P096,17.0,EU to EU Internal
STO07605,2025-09-19,F01,F05,P097,88.0,EU to EU Internal
STO07606,2025-09-14,F01,F05,P099,19.0,EU to EU Internal
STO07607,2025-09-21,F01,F06,P001,52.0,EU to EU Internal
STO07608,2025-09-11,F01,F06,P002,42.0,EU to EU Internal
STO07609,2025-09-14,F01,F06,P003,12.0,EU to EU Internal
STO07610,2025-09-23,F01,F06,P004,9.0,EU to EU Internal
STO07611,2025-09-12,F01,F06,P005,85.0,EU to EU Internal
STO07612,2025-09-10,F01,F06,P006,35.0,EU to EU Internal
STO07613,2025-09-18,F01,F06,P007,41.0,EU to EU Internal
STO07614,2025-09-21,F01,F06,P008,33.0,EU to EU Internal
STO07615,2025-09-12,F01,F06,P009,74.0,EU to EU Internal
STO07616,2025-09-20,F01,F06,P010,78.0,EU to EU Internal
STO07617,2025-09-14,F01,F06,P011,135.0,EU to EU Internal
STO07618,2025-09-19,F01,F06,P012,43.0,EU to EU Internal
STO07619,2025-09-10,F01,F06,P013,21.0,EU to EU Internal
STO07620,2025-09-18,F01,F06,P014,32.0,EU to EU Internal
STO07621,2025-09-15,F01,F06,P015,13.0,EU to EU Internal
STO07622,2025-09-19,F01,F06,P016,79.0,EU to EU Internal
STO07623,2025-09-14,F01,F06,P017,86.0,EU to EU Internal
STO07624,2025-09-14,F01,F06,P018,48.0,EU to EU Internal
STO07625,2025-09-23,F01,F06,P019,39.0,EU to EU Internal
STO07626,2025-09-15,F01,F06,P020,87.0,EU to EU Internal
STO07627,2025-09-11,F01,F06,P021,57.0,EU to EU Internal
STO07628,2025-09-13,F01,F06,P022,65.0,EU to EU Internal
STO07629,2025-09-23,F01,F06,P023,84.0,EU to EU Internal
STO07630,2025-09-11,F01,F06,P024,23.0,EU to EU Internal
STO07631,2025-09-14,F01,F06,P025,48.0,EU to EU Internal
STO07632,2025-09-11,F01,F06,P026,9.0,EU to EU Internal
STO07633,2025-09-11,F01,F06,P027,42.0,EU to EU Internal
STO07634,2025-09-22,F01,F06,P028,51.0,EU to EU Internal
STO07635,2025-09-14,F01,F06,P029,43.0,EU to EU Internal
STO07636,2025-09-10,F01,F06,P030,92.0,EU to EU Internal
STO07637,2025-09-15,F01,F06,P031,107.0,EU to EU Internal
STO07638,2025-09-18,F01,F06,P032,83.0,EU to EU Internal
STO07639,2025-09-19,F01,F06,P033,47.0,EU to EU Internal
STO07640,2025-09-21,F01,F06,P034,16.0,EU to EU Internal
STO07641,2025-09-13,F01,F06,P035,28.0,EU to EU Internal
STO07642,2025-09-16,F01,F06,P036,24.0,EU to EU Internal
STO07643,2025-09-19,F01,F06,P037,35.0,EU to EU Internal
STO07644,2025-09-23,F01,F06,P038,68.0,EU to EU Internal
STO07645,2025-09-13,F01,F06,P039,98.0,EU to EU Internal
STO07646,2025-09-13,F01,F06,P040,35.0,EU to EU Internal
STO07647,2025-09-14,F01,F06,P041,21.0,EU to EU Internal
STO07648,2025-09-11,F01,F06,P042,127.0,EU to EU Internal
STO07649,2025-09-13,F01,F06,P043,38.0,EU to EU Internal
STO07650,2025-09-13,F01,F06,P044,66.0,EU to EU Internal
STO07651,2025-09-14,F01,F06,P045,62.0,EU to EU Internal
STO07652,2025-09-17,F01,F06,P046,110.0,EU to EU Internal
STO07653,2025-09-19,F01,F06,P047,45.0,EU to EU Internal
STO07654,2025-09-19,F01,F06,P048,73.0,EU to EU Internal
STO07655,2025-09-11,F01,F06,P049,30.0,EU to EU Internal
STO07656,2025-09-23,F01,F06,P050,78.0,EU to EU Internal
STO07657,2025-09-22,F01,F06,P051,60.0,EU to EU Internal
STO07658,2025-09-10,F01,F06,P052,55.0,EU to EU Internal
STO07659,2025-09-22,F01,F06,P053,15.0,EU to EU Internal
STO07660,2025-09-16,F01,F06,P054,21.0,EU to EU Internal
STO07661,2025-09-16,F01,F06,P055,22.0,EU to EU Internal
STO07662,2025-09-16,F01,F06,P056,21.0,EU to EU Internal
STO07663,2025-09-17,F01,F06,P057,95.0,EU to EU Internal
STO07664,2025-09-17,F01,F06,P058,47.0,EU to EU Internal
STO07665,2025-09-19,F01,F06,P059,115.0,EU to EU Internal
STO07666,2025-09-17,F01,F06,P060,44.0,EU to EU Internal
STO07667,2025-09-10,F01,F06,P061,100.0,EU to EU Internal
STO07668,2025-09-13,F01,F06,P062,34.0,EU to EU Internal
STO07669,2025-09-17,F01,F06,P063,79.0,EU to EU Internal
STO07670,2025-09-20,F01,F06,P064,71.0,EU to EU Internal
STO07671,2025-09-18,F01,F06,P065,91.0,EU to EU Internal
STO07672,2025-09-22,F01,F06,P066,14.0,EU to EU Internal
STO07673,2025-09-16,F01,F06,P067,34.0,EU to EU Internal
STO07674,2025-09-14,F01,F06,P068,60.0,EU to EU Internal
STO07675,2025-09-19,F01,F06,P069,43.0,EU to EU Internal
STO07676,2025-09-20,F01,F06,P070,28.0,EU to EU Internal
STO07677,2025-09-14,F01,F06,P071,9.0,EU to EU Internal
STO07678,2025-09-16,F01,F06,P072,68.0,EU to EU Internal
STO07679,2025-09-23,F01,F06,P073,72.0,EU to EU Internal
STO07680,2025-09-21,F01,F06,P074,82.0,EU to EU Internal
STO07681,2025-09-22,F01,F06,P075,33.0,EU to EU Internal
STO07682,2025-09-11,F01,F06,P076,54.0,EU to EU Internal
STO07683,2025-09-20,F01,F06,P077,118.0,EU to EU Internal
STO07684,2025-09-15,F01,F06,P078,21.0,EU to EU Internal
STO07685,2025-09-12,F01,F06,P079,62.0,EU to EU Internal
STO07686,2025-09-23,F01,F06,P080,29.0,EU to EU Internal
STO07687,2025-09-11,F01,F06,P081,138.0,EU to EU Internal
STO07688,2025-09-10,F01,F06,P082,46.0,EU to EU Internal
STO07689,2025-09-19,F01,F06,P083,33.0,EU to EU Internal
STO07690,2025-09-11,F01,F06,P084,11.0,EU to EU Internal
STO07691,2025-09-20,F01,F06,P085,36.0,EU to EU Internal
STO07692,2025-09-10,F01,F06,P086,87.0,EU to EU Internal
STO07693,2025-09-17,F01,F06,P087,56.0,EU to EU Internal
STO07694,2025-09-19,F01,F06,P088,49.0,EU to EU Internal
STO07695,2025-09-14,F01,F06,P089,108.0,EU to EU Internal
STO07696,2025-09-10,F01,F06,P090,17.0,EU to EU Internal
STO07697,2025-09-17,F01,F06,P091,29.0,EU to EU Internal
STO07698,2025-09-16,F01,F06,P092,41.0,EU to EU Internal
STO07699,2025-09-22,F01,F06,P093,110.0,EU to EU Internal
STO07700,2025-09-18,F01,F06,P094,150.0,EU to EU Internal
STO07701,2025-09-14,F01,F06,P095,40.0,EU to EU Internal
STO07702,2025-09-11,F01,F06,P096,30.0,EU to EU Internal
STO07703,2025-09-23,F01,F06,P097,84.0,EU to EU Internal
STO07704,2025-09-11,F01,F06,P098,128.0,EU to EU Internal
STO07705,2025-09-16,F01,F06,P099,71.0,EU to EU Internal
STO07706,2025-09-14,F01,F06,P100,66.0,EU to EU Internal
STO07707,2025-10-16,F03,F02,P001,42.0,EU to EU Internal
STO07708,2025-10-23,F03,F02,P002,42.0,EU to EU Internal
STO07709,2025-10-17,F03,F02,P003,85.0,EU to EU Internal
STO07710,2025-10-23,F03,F02,P004,125.0,EU to EU Internal
STO07711,2025-10-20,F03,F02,P005,110.0,EU to EU Internal
STO07712,2025-10-16,F03,F02,P006,6.0,EU to EU Internal
STO07713,2025-10-20,F03,F02,P008,39.0,EU to EU Internal
STO07714,2025-10-19,F03,F02,P009,3.0,EU to EU Internal
STO07715,2025-10-22,F03,F02,P010,75.0,EU to EU Internal
STO07716,2025-10-19,F03,F02,P011,20.0,EU to EU Internal
STO07717,2025-10-14,F03,F02,P012,12.0,EU to EU Internal
STO07718,2025-10-19,F03,F02,P013,21.0,EU to EU Internal
STO07719,2025-10-13,F03,F02,P014,127.0,EU to EU Internal
STO07720,2025-10-13,F03,F02,P016,64.0,EU to EU Internal
STO07721,2025-10-15,F03,F02,P017,7.0,EU to EU Internal
STO07722,2025-10-23,F03,F02,P018,44.0,EU to EU Internal
STO07723,2025-10-12,F03,F02,P019,120.0,EU to EU Internal
STO07724,2025-10-24,F03,F02,P021,68.0,EU to EU Internal
STO07725,2025-10-16,F03,F02,P022,16.0,EU to EU Internal
STO07726,2025-10-22,F03,F02,P023,42.0,EU to EU Internal
STO07727,2025-10-13,F03,F02,P024,26.0,EU to EU Internal
STO07728,2025-10-16,F03,F02,P026,16.0,EU to EU Internal
STO07729,2025-10-21,F03,F02,P027,51.0,EU to EU Internal
STO07730,2025-10-18,F03,F02,P028,48.0,EU to EU Internal
STO07731,2025-10-21,F03,F02,P029,57.0,EU to EU Internal
STO07732,2025-10-22,F03,F02,P030,25.0,EU to EU Internal
STO07733,2025-10-24,F03,F02,P031,149.0,EU to EU Internal
STO07734,2025-10-19,F03,F02,P032,26.0,EU to EU Internal
STO07735,2025-10-16,F03,F02,P033,15.0,EU to EU Internal
STO07736,2025-10-20,F03,F02,P034,45.0,EU to EU Internal
STO07737,2025-10-14,F03,F02,P035,25.0,EU to EU Internal
STO07738,2025-10-22,F03,F02,P036,87.0,EU to EU Internal
STO07739,2025-10-20,F03,F02,P037,35.0,EU to EU Internal
STO07740,2025-10-21,F03,F02,P038,112.0,EU to EU Internal
STO07741,2025-10-23,F03,F02,P039,9.0,EU to EU Internal
STO07742,2025-10-12,F03,F02,P040,16.0,EU to EU Internal
STO07743,2025-10-14,F03,F02,P041,42.0,EU to EU Internal
STO07744,2025-10-15,F03,F02,P042,53.0,EU to EU Internal
STO07745,2025-10-16,F03,F02,P043,102.0,EU to EU Internal
STO07746,2025-10-19,F03,F02,P044,20.0,EU to EU Internal
STO07747,2025-10-12,F03,F02,P045,26.0,EU to EU Internal
STO07748,2025-10-24,F03,F02,P046,77.0,EU to EU Internal
STO07749,2025-10-21,F03,F02,P047,129.0,EU to EU Internal
STO07750,2025-10-20,F03,F02,P048,18.0,EU to EU Internal
STO07751,2025-10-22,F03,F02,P049,35.0,EU to EU Internal
STO07752,2025-10-16,F03,F02,P050,50.0,EU to EU Internal
STO07753,2025-10-17,F03,F02,P051,33.0,EU to EU Internal
STO07754,2025-10-13,F03,F02,P052,2.0,EU to EU Internal
STO07755,2025-10-24,F03,F02,P053,29.0,EU to EU Internal
STO07756,2025-10-22,F03,F02,P054,3.0,EU to EU Internal
STO07757,2025-10-12,F03,F02,P055,41.0,EU to EU Internal
STO07758,2025-10-12,F03,F02,P056,43.0,EU to EU Internal
STO07759,2025-10-13,F03,F02,P057,105.0,EU to EU Internal
STO07760,2025-10-15,F03,F02,P058,43.0,EU to EU Internal
STO07761,2025-10-21,F03,F02,P059,16.0,EU to EU Internal
STO07762,2025-10-23,F03,F02,P060,12.0,EU to EU Internal
STO07763,2025-10-24,F03,F02,P061,73.0,EU to EU Internal
STO07764,2025-10-16,F03,F02,P062,21.0,EU to EU Internal
STO07765,2025-10-17,F03,F02,P063,69.0,EU to EU Internal
STO07766,2025-10-20,F03,F02,P064,34.0,EU to EU Internal
STO07767,2025-10-19,F03,F02,P065,43.0,EU to EU Internal
STO07768,2025-10-12,F03,F02,P068,22.0,EU to EU Internal
STO07769,2025-10-20,F03,F02,P069,60.0,EU to EU Internal
STO07770,2025-10-22,F03,F02,P070,121.0,EU to EU Internal
STO07771,2025-10-11,F03,F02,P071,53.0,EU to EU Internal
STO07772,2025-10-20,F03,F02,P072,3.0,EU to EU Internal
STO07773,2025-10-14,F03,F02,P073,6.0,EU to EU Internal
STO07774,2025-10-24,F03,F02,P074,28.0,EU to EU Internal
STO07775,2025-10-13,F03,F02,P075,27.0,EU to EU Internal
STO07776,2025-10-13,F03,F02,P076,33.0,EU to EU Internal
STO07777,2025-10-19,F03,F02,P077,71.0,EU to EU Internal
STO07778,2025-10-22,F03,F02,P079,49.0,EU to EU Internal
STO07779,2025-10-17,F03,F02,P080,5.0,EU to EU Internal
STO07780,2025-10-12,F03,F02,P081,112.0,EU to EU Internal
STO07781,2025-10-21,F03,F02,P082,74.0,EU to EU Internal
STO07782,2025-10-20,F03,F02,P083,5.0,EU to EU Internal
STO07783,2025-10-11,F03,F02,P084,16.0,EU to EU Internal
STO07784,2025-10-15,F03,F02,P085,50.0,EU to EU Internal
STO07785,2025-10-14,F03,F02,P086,5.0,EU to EU Internal
STO07786,2025-10-17,F03,F02,P087,42.0,EU to EU Internal
STO07787,2025-10-19,F03,F02,P088,77.0,EU to EU Internal
STO07788,2025-10-20,F03,F02,P089,58.0,EU to EU Internal
STO07789,2025-10-24,F03,F02,P091,9.0,EU to EU Internal
STO07790,2025-10-22,F03,F02,P092,75.0,EU to EU Internal
STO07791,2025-10-12,F03,F02,P093,44.0,EU to EU Internal
STO07792,2025-10-18,F03,F02,P094,58.0,EU to EU Internal
STO07793,2025-10-15,F03,F02,P095,45.0,EU to EU Internal
STO07794,2025-10-22,F03,F02,P096,42.0,EU to EU Internal
STO07795,2025-10-16,F03,F02,P097,130.0,EU to EU Internal
STO07796,2025-10-11,F03,F02,P098,23.0,EU to EU Internal
STO07797,2025-10-14,F03,F02,P099,13.0,EU to EU Internal
STO07798,2025-10-12,F03,F02,P100,38.0,EU to EU Internal
STO07799,2025-10-20,F03,F04,P001,70.0,EU to EU Internal
STO07800,2025-10-17,F03,F04,P002,84.0,EU to EU Internal
STO07801,2025-10-12,F03,F04,P003,63.0,EU to EU Internal
STO07802,2025-10-15,F03,F04,P004,102.0,EU to EU Internal
STO07803,2025-10-23,F03,F04,P005,60.0,EU to EU Internal
STO07804,2025-10-20,F03,F04,P006,30.0,EU to EU Internal
STO07805,2025-10-15,F03,F04,P007,57.0,EU to EU Internal
STO07806,2025-10-20,F03,F04,P008,26.0,EU to EU Internal
STO07807,2025-10-16,F03,F04,P009,29.0,EU to EU Internal
STO07808,2025-10-15,F03,F04,P010,48.0,EU to EU Internal
STO07809,2025-10-23,F03,F04,P011,40.0,EU to EU Internal
STO07810,2025-10-11,F03,F04,P012,41.0,EU to EU Internal
STO07811,2025-10-21,F03,F04,P013,126.0,EU to EU Internal
STO07812,2025-10-21,F03,F04,P014,86.0,EU to EU Internal
STO07813,2025-10-14,F03,F04,P015,108.0,EU to EU Internal
STO07814,2025-10-21,F03,F04,P016,216.0,EU to EU Internal
STO07815,2025-10-13,F03,F04,P018,117.0,EU to EU Internal
STO07816,2025-10-24,F03,F04,P019,58.0,EU to EU Internal
STO07817,2025-10-18,F03,F04,P020,126.0,EU to EU Internal
STO07818,2025-10-11,F03,F04,P021,13.0,EU to EU Internal
STO07819,2025-10-11,F03,F04,P022,167.0,EU to EU Internal
STO07820,2025-10-12,F03,F04,P023,75.0,EU to EU Internal
STO07821,2025-10-24,F03,F04,P024,20.0,EU to EU Internal
STO07822,2025-10-16,F03,F04,P025,35.0,EU to EU Internal
STO07823,2025-10-19,F03,F04,P026,51.0,EU to EU Internal
STO07824,2025-10-24,F03,F04,P027,136.0,EU to EU Internal
STO07825,2025-10-22,F03,F04,P028,97.0,EU to EU Internal
STO07826,2025-10-24,F03,F04,P029,104.0,EU to EU Internal
STO07827,2025-10-15,F03,F04,P030,168.0,EU to EU Internal
STO07828,2025-10-24,F03,F04,P031,119.0,EU to EU Internal
STO07829,2025-10-16,F03,F04,P032,114.0,EU to EU Internal
STO07830,2025-10-24,F03,F04,P033,45.0,EU to EU Internal
STO07831,2025-10-14,F03,F04,P034,62.0,EU to EU Internal
STO07832,2025-10-22,F03,F04,P035,26.0,EU to EU Internal
STO07833,2025-10-13,F03,F04,P036,70.0,EU to EU Internal
STO07834,2025-10-22,F03,F04,P037,70.0,EU to EU Internal
STO07835,2025-10-16,F03,F04,P038,82.0,EU to EU Internal
STO07836,2025-10-23,F03,F04,P039,49.0,EU to EU Internal
STO07837,2025-10-20,F03,F04,P040,134.0,EU to EU Internal
STO07838,2025-10-11,F03,F04,P041,18.0,EU to EU Internal
STO07839,2025-10-24,F03,F04,P042,54.0,EU to EU Internal
STO07840,2025-10-19,F03,F04,P043,153.0,EU to EU Internal
STO07841,2025-10-13,F03,F04,P044,59.0,EU to EU Internal
STO07842,2025-10-19,F03,F04,P045,69.0,EU to EU Internal
STO07843,2025-10-12,F03,F04,P046,126.0,EU to EU Internal
STO07844,2025-10-15,F03,F04,P047,139.0,EU to EU Internal
STO07845,2025-10-24,F03,F04,P048,38.0,EU to EU Internal
STO07846,2025-10-12,F03,F04,P049,15.0,EU to EU Internal
STO07847,2025-10-16,F03,F04,P050,142.0,EU to EU Internal
STO07848,2025-10-16,F03,F04,P051,217.0,EU to EU Internal
STO07849,2025-10-13,F03,F04,P052,118.0,EU to EU Internal
STO07850,2025-10-13,F03,F04,P053,100.0,EU to EU Internal
STO07851,2025-10-23,F03,F04,P054,45.0,EU to EU Internal
STO07852,2025-10-20,F03,F04,P055,27.0,EU to EU Internal
STO07853,2025-10-21,F03,F04,P056,139.0,EU to EU Internal
STO07854,2025-10-18,F03,F04,P057,91.0,EU to EU Internal
STO07855,2025-10-17,F03,F04,P058,142.0,EU to EU Internal
STO07856,2025-10-20,F03,F04,P059,39.0,EU to EU Internal
STO07857,2025-10-12,F03,F04,P060,25.0,EU to EU Internal
STO07858,2025-10-18,F03,F04,P061,192.0,EU to EU Internal
STO07859,2025-10-24,F03,F04,P062,85.0,EU to EU Internal
STO07860,2025-10-23,F03,F04,P063,49.0,EU to EU Internal
STO07861,2025-10-20,F03,F04,P064,36.0,EU to EU Internal
STO07862,2025-10-16,F03,F04,P065,129.0,EU to EU Internal
STO07863,2025-10-11,F03,F04,P066,5.0,EU to EU Internal
STO07864,2025-10-24,F03,F04,P067,7.0,EU to EU Internal
STO07865,2025-10-17,F03,F04,P068,3.0,EU to EU Internal
STO07866,2025-10-18,F03,F04,P069,41.0,EU to EU Internal
STO07867,2025-10-19,F03,F04,P070,36.0,EU to EU Internal
STO07868,2025-10-19,F03,F04,P071,128.0,EU to EU Internal
STO07869,2025-10-17,F03,F04,P072,82.0,EU to EU Internal
STO07870,2025-10-16,F03,F04,P073,110.0,EU to EU Internal
STO07871,2025-10-22,F03,F04,P074,56.0,EU to EU Internal
STO07872,2025-10-20,F03,F04,P075,69.0,EU to EU Internal
STO07873,2025-10-17,F03,F04,P076,77.0,EU to EU Internal
STO07874,2025-10-13,F03,F04,P077,97.0,EU to EU Internal
STO07875,2025-10-16,F03,F04,P078,30.0,EU to EU Internal
STO07876,2025-10-17,F03,F04,P079,144.0,EU to EU Internal
STO07877,2025-10-18,F03,F04,P080,20.0,EU to EU Internal
STO07878,2025-10-24,F03,F04,P081,194.0,EU to EU Internal
STO07879,2025-10-15,F03,F04,P082,201.0,EU to EU Internal
STO07880,2025-10-22,F03,F04,P083,19.0,EU to EU Internal
STO07881,2025-10-17,F03,F04,P084,86.0,EU to EU Internal
STO07882,2025-10-15,F03,F04,P085,102.0,EU to EU Internal
STO07883,2025-10-15,F03,F04,P086,12.0,EU to EU Internal
STO07884,2025-10-23,F03,F04,P087,105.0,EU to EU Internal
STO07885,2025-10-13,F03,F04,P088,123.0,EU to EU Internal
STO07886,2025-10-13,F03,F04,P089,9.0,EU to EU Internal
STO07887,2025-10-19,F03,F04,P091,107.0,EU to EU Internal
STO07888,2025-10-14,F03,F04,P092,127.0,EU to EU Internal
STO07889,2025-10-19,F03,F04,P093,103.0,EU to EU Internal
STO07890,2025-10-14,F03,F04,P094,287.0,EU to EU Internal
STO07891,2025-10-12,F03,F04,P095,42.0,EU to EU Internal
STO07892,2025-10-22,F03,F04,P096,40.0,EU to EU Internal
STO07893,2025-10-13,F03,F04,P097,176.0,EU to EU Internal
STO07894,2025-10-21,F03,F04,P098,197.0,EU to EU Internal
STO07895,2025-10-19,F03,F04,P099,252.0,EU to EU Internal
STO07896,2025-10-19,F03,F04,P100,8.0,EU to EU Internal
STO07897,2025-10-20,F01,F05,P002,6.0,EU to EU Internal
STO07898,2025-10-16,F01,F05,P003,19.0,EU to EU Internal
STO07899,2025-10-19,F01,F05,P005,30.0,EU to EU Internal
STO07900,2025-10-11,F01,F05,P008,21.0,EU to EU Internal
STO07901,2025-10-22,F01,F05,P009,52.0,EU to EU Internal
STO07902,2025-10-11,F01,F05,P010,10.0,EU to EU Internal
STO07903,2025-10-19,F01,F05,P011,65.0,EU to EU Internal
STO07904,2025-10-22,F01,F05,P012,24.0,EU to EU Internal
STO07905,2025-10-21,F01,F05,P014,11.0,EU to EU Internal
STO07906,2025-10-21,F01,F05,P015,138.0,EU to EU Internal
STO07907,2025-10-23,F01,F05,P018,20.0,EU to EU Internal
STO07908,2025-10-12,F01,F05,P019,54.0,EU to EU Internal
STO07909,2025-10-15,F01,F05,P020,73.0,EU to EU Internal
STO07910,2025-10-24,F01,F05,P021,27.0,EU to EU Internal
STO07911,2025-10-22,F01,F05,P022,4.0,EU to EU Internal
STO07912,2025-10-18,F01,F05,P023,26.0,EU to EU Internal
STO07913,2025-10-22,F01,F05,P024,31.0,EU to EU Internal
STO07914,2025-10-16,F01,F05,P025,10.0,EU to EU Internal
STO07915,2025-10-24,F01,F05,P026,27.0,EU to EU Internal
STO07916,2025-10-20,F01,F05,P028,4.0,EU to EU Internal
STO07917,2025-10-14,F01,F05,P029,16.0,EU to EU Internal
STO07918,2025-10-13,F01,F05,P030,10.0,EU to EU Internal
STO07919,2025-10-18,F01,F05,P032,7.0,EU to EU Internal
STO07920,2025-10-16,F01,F05,P034,18.0,EU to EU Internal
STO07921,2025-10-15,F01,F05,P035,26.0,EU to EU Internal
STO07922,2025-10-22,F01,F05,P037,17.0,EU to EU Internal
STO07923,2025-10-21,F01,F05,P038,8.0,EU to EU Internal
STO07924,2025-10-22,F01,F05,P039,89.0,EU to EU Internal
STO07925,2025-10-15,F01,F05,P041,20.0,EU to EU Internal
STO07926,2025-10-13,F01,F05,P042,7.0,EU to EU Internal
STO07927,2025-10-20,F01,F05,P043,23.0,EU to EU Internal
STO07928,2025-10-23,F01,F05,P044,15.0,EU to EU Internal
STO07929,2025-10-23,F01,F05,P045,35.0,EU to EU Internal
STO07930,2025-10-18,F01,F05,P046,63.0,EU to EU Internal
STO07931,2025-10-15,F01,F05,P047,7.0,EU to EU Internal
STO07932,2025-10-17,F01,F05,P048,25.0,EU to EU Internal
STO07933,2025-10-23,F01,F05,P049,8.0,EU to EU Internal
STO07934,2025-10-11,F01,F05,P050,21.0,EU to EU Internal
STO07935,2025-10-14,F01,F05,P051,18.0,EU to EU Internal
STO07936,2025-10-14,F01,F05,P052,10.0,EU to EU Internal
STO07937,2025-10-14,F01,F05,P055,14.0,EU to EU Internal
STO07938,2025-10-13,F01,F05,P056,23.0,EU to EU Internal
STO07939,2025-10-18,F01,F05,P057,29.0,EU to EU Internal
STO07940,2025-10-21,F01,F05,P059,55.0,EU to EU Internal
STO07941,2025-10-21,F01,F05,P061,76.0,EU to EU Internal
STO07942,2025-10-19,F01,F05,P062,12.0,EU to EU Internal
STO07943,2025-10-11,F01,F05,P063,32.0,EU to EU Internal
STO07944,2025-10-16,F01,F05,P064,15.0,EU to EU Internal
STO07945,2025-10-12,F01,F05,P065,32.0,EU to EU Internal
STO07946,2025-10-16,F01,F05,P067,17.0,EU to EU Internal
STO07947,2025-10-23,F01,F05,P069,21.0,EU to EU Internal
STO07948,2025-10-12,F01,F05,P070,60.0,EU to EU Internal
STO07949,2025-10-20,F01,F05,P071,34.0,EU to EU Internal
STO07950,2025-10-11,F01,F05,P072,23.0,EU to EU Internal
STO07951,2025-10-16,F01,F05,P073,55.0,EU to EU Internal
STO07952,2025-10-20,F01,F05,P076,39.0,EU to EU Internal
STO07953,2025-10-24,F01,F05,P077,21.0,EU to EU Internal
STO07954,2025-10-19,F01,F05,P079,11.0,EU to EU Internal
STO07955,2025-10-23,F01,F05,P080,17.0,EU to EU Internal
STO07956,2025-10-23,F01,F05,P081,70.0,EU to EU Internal
STO07957,2025-10-24,F01,F05,P083,13.0,EU to EU Internal
STO07958,2025-10-11,F01,F05,P084,31.0,EU to EU Internal
STO07959,2025-10-20,F01,F05,P085,7.0,EU to EU Internal
STO07960,2025-10-17,F01,F05,P086,19.0,EU to EU Internal
STO07961,2025-10-20,F01,F05,P087,62.0,EU to EU Internal
STO07962,2025-10-22,F01,F05,P088,16.0,EU to EU Internal
STO07963,2025-10-17,F01,F05,P089,41.0,EU to EU Internal
STO07964,2025-10-22,F01,F05,P090,2.0,EU to EU Internal
STO07965,2025-10-15,F01,F05,P091,16.0,EU to EU Internal
STO07966,2025-10-23,F01,F05,P092,18.0,EU to EU Internal
STO07967,2025-10-24,F01,F05,P093,27.0,EU to EU Internal
STO07968,2025-10-24,F01,F05,P094,11.0,EU to EU Internal
STO07969,2025-10-16,F01,F05,P095,1.0,EU to EU Internal
STO07970,2025-10-19,F01,F05,P096,26.0,EU to EU Internal
STO07971,2025-10-17,F01,F05,P097,101.0,EU to EU Internal
STO07972,2025-10-12,F01,F05,P099,23.0,EU to EU Internal
STO07973,2025-10-17,F01,F06,P001,59.0,EU to EU Internal
STO07974,2025-10-16,F01,F06,P002,19.0,EU to EU Internal
STO07975,2025-10-14,F01,F06,P003,9.0,EU to EU Internal
STO07976,2025-10-20,F01,F06,P004,162.0,EU to EU Internal
STO07977,2025-10-11,F01,F06,P005,115.0,EU to EU Internal
STO07978,2025-10-13,F01,F06,P006,41.0,EU to EU Internal
STO07979,2025-10-24,F01,F06,P007,31.0,EU to EU Internal
STO07980,2025-10-20,F01,F06,P008,47.0,EU to EU Internal
STO07981,2025-10-11,F01,F06,P009,79.0,EU to EU Internal
STO07982,2025-10-13,F01,F06,P010,90.0,EU to EU Internal
STO07983,2025-10-16,F01,F06,P011,77.0,EU to EU Internal
STO07984,2025-10-24,F01,F06,P012,51.0,EU to EU Internal
STO07985,2025-10-21,F01,F06,P013,48.0,EU to EU Internal
STO07986,2025-10-19,F01,F06,P014,46.0,EU to EU Internal
STO07987,2025-10-11,F01,F06,P015,29.0,EU to EU Internal
STO07988,2025-10-17,F01,F06,P016,81.0,EU to EU Internal
STO07989,2025-10-20,F01,F06,P017,67.0,EU to EU Internal
STO07990,2025-10-15,F01,F06,P018,47.0,EU to EU Internal
STO07991,2025-10-23,F01,F06,P019,99.0,EU to EU Internal
STO07992,2025-10-12,F01,F06,P020,101.0,EU to EU Internal
STO07993,2025-10-24,F01,F06,P021,68.0,EU to EU Internal
STO07994,2025-10-14,F01,F06,P022,18.0,EU to EU Internal
STO07995,2025-10-21,F01,F06,P023,73.0,EU to EU Internal
STO07996,2025-10-16,F01,F06,P024,8.0,EU to EU Internal
STO07997,2025-10-23,F01,F06,P025,22.0,EU to EU Internal
STO07998,2025-10-21,F01,F06,P026,34.0,EU to EU Internal
STO07999,2025-10-16,F01,F06,P027,90.0,EU to EU Internal
STO08000,2025-10-16,F01,F06,P028,33.0,EU to EU Internal
STO08001,2025-10-11,F01,F06,P029,49.0,EU to EU Internal
STO08002,2025-10-24,F01,F06,P030,60.0,EU to EU Internal
STO08003,2025-10-14,F01,F06,P031,110.0,EU to EU Internal
STO08004,2025-10-20,F01,F06,P032,70.0,EU to EU Internal
STO08005,2025-10-22,F01,F06,P033,56.0,EU to EU Internal
STO08006,2025-10-15,F01,F06,P034,30.0,EU to EU Internal
STO08007,2025-10-14,F01,F06,P035,18.0,EU to EU Internal
STO08008,2025-10-19,F01,F06,P036,43.0,EU to EU Internal
STO08009,2025-10-18,F01,F06,P037,26.0,EU to EU Internal
STO08010,2025-10-15,F01,F06,P038,31.0,EU to EU Internal
STO08011,2025-10-21,F01,F06,P039,43.0,EU to EU Internal
STO08012,2025-10-20,F01,F06,P040,38.0,EU to EU Internal
STO08013,2025-10-23,F01,F06,P041,29.0,EU to EU Internal
STO08014,2025-10-17,F01,F06,P042,35.0,EU to EU Internal
STO08015,2025-10-21,F01,F06,P043,1.0,EU to EU Internal
STO08016,2025-10-17,F01,F06,P044,49.0,EU to EU Internal
STO08017,2025-10-15,F01,F06,P045,71.0,EU to EU Internal
STO08018,2025-10-11,F01,F06,P046,92.0,EU to EU Internal
STO08019,2025-10-23,F01,F06,P047,48.0,EU to EU Internal
STO08020,2025-10-15,F01,F06,P048,45.0,EU to EU Internal
STO08021,2025-10-11,F01,F06,P049,25.0,EU to EU Internal
STO08022,2025-10-12,F01,F06,P050,50.0,EU to EU Internal
STO08023,2025-10-18,F01,F06,P051,67.0,EU to EU Internal
STO08024,2025-10-19,F01,F06,P052,74.0,EU to EU Internal
STO08025,2025-10-15,F01,F06,P053,30.0,EU to EU Internal
STO08026,2025-10-20,F01,F06,P054,22.0,EU to EU Internal
STO08027,2025-10-16,F01,F06,P055,42.0,EU to EU Internal
STO08028,2025-10-11,F01,F06,P056,6.0,EU to EU Internal
STO08029,2025-10-19,F01,F06,P057,97.0,EU to EU Internal
STO08030,2025-10-14,F01,F06,P058,59.0,EU to EU Internal
STO08031,2025-10-17,F01,F06,P059,96.0,EU to EU Internal
STO08032,2025-10-15,F01,F06,P060,31.0,EU to EU Internal
STO08033,2025-10-22,F01,F06,P061,117.0,EU to EU Internal
STO08034,2025-10-24,F01,F06,P062,37.0,EU to EU Internal
STO08035,2025-10-17,F01,F06,P063,114.0,EU to EU Internal
STO08036,2025-10-18,F01,F06,P064,64.0,EU to EU Internal
STO08037,2025-10-14,F01,F06,P065,71.0,EU to EU Internal
STO08038,2025-10-19,F01,F06,P066,4.0,EU to EU Internal
STO08039,2025-10-11,F01,F06,P067,24.0,EU to EU Internal
STO08040,2025-10-23,F01,F06,P068,27.0,EU to EU Internal
STO08041,2025-10-14,F01,F06,P069,56.0,EU to EU Internal
STO08042,2025-10-17,F01,F06,P070,37.0,EU to EU Internal
STO08043,2025-10-24,F01,F06,P071,39.0,EU to EU Internal
STO08044,2025-10-22,F01,F06,P072,52.0,EU to EU Internal
STO08045,2025-10-11,F01,F06,P073,109.0,EU to EU Internal
STO08046,2025-10-15,F01,F06,P074,52.0,EU to EU Internal
STO08047,2025-10-14,F01,F06,P075,46.0,EU to EU Internal
STO08048,2025-10-17,F01,F06,P076,39.0,EU to EU Internal
STO08049,2025-10-20,F01,F06,P077,105.0,EU to EU Internal
STO08050,2025-10-15,F01,F06,P078,38.0,EU to EU Internal
STO08051,2025-10-13,F01,F06,P079,60.0,EU to EU Internal
STO08052,2025-10-22,F01,F06,P080,30.0,EU to EU Internal
STO08053,2025-10-11,F01,F06,P081,109.0,EU to EU Internal
STO08054,2025-10-13,F01,F06,P082,53.0,EU to EU Internal
STO08055,2025-10-23,F01,F06,P083,17.0,EU to EU Internal
STO08056,2025-10-21,F01,F06,P084,47.0,EU to EU Internal
STO08057,2025-10-19,F01,F06,P085,52.0,EU to EU Internal
STO08058,2025-10-23,F01,F06,P086,60.0,EU to EU Internal
STO08059,2025-10-19,F01,F06,P087,64.0,EU to EU Internal
STO08060,2025-10-18,F01,F06,P088,56.0,EU to EU Internal
STO08061,2025-10-19,F01,F06,P089,87.0,EU to EU Internal
STO08062,2025-10-24,F01,F06,P090,17.0,EU to EU Internal
STO08063,2025-10-17,F01,F06,P091,8.0,EU to EU Internal
STO08064,2025-10-24,F01,F06,P092,37.0,EU to EU Internal
STO08065,2025-10-22,F01,F06,P093,147.0,EU to EU Internal
STO08066,2025-10-16,F01,F06,P094,89.0,EU to EU Internal
STO08067,2025-10-12,F01,F06,P095,32.0,EU to EU Internal
STO08068,2025-10-13,F01,F06,P096,80.0,EU to EU Internal
STO08069,2025-10-20,F01,F06,P097,205.0,EU to EU Internal
STO08070,2025-10-20,F01,F06,P098,112.0,EU to EU Internal
STO08071,2025-10-22,F01,F06,P099,46.0,EU to EU Internal
STO08072,2025-10-22,F01,F06,P100,34.0,EU to EU Internal
STO08073,2025-11-17,F03,F02,P001,92.0,EU to EU Internal
STO08074,2025-11-17,F03,F02,P002,49.0,EU to EU Internal
STO08075,2025-11-20,F03,F02,P003,57.0,EU to EU Internal
STO08076,2025-11-20,F03,F02,P004,141.0,EU to EU Internal
STO08077,2025-11-20,F03,F02,P005,57.0,EU to EU Internal
STO08078,2025-11-16,F03,F02,P006,3.0,EU to EU Internal
STO08079,2025-11-12,F03,F02,P008,42.0,EU to EU Internal
STO08080,2025-11-11,F03,F02,P009,11.0,EU to EU Internal
STO08081,2025-11-15,F03,F02,P010,63.0,EU to EU Internal
STO08082,2025-11-15,F03,F02,P011,11.0,EU to EU Internal
STO08083,2025-11-17,F03,F02,P013,28.0,EU to EU Internal
STO08084,2025-11-15,F03,F02,P014,103.0,EU to EU Internal
STO08085,2025-11-11,F03,F02,P015,31.0,EU to EU Internal
STO08086,2025-11-12,F03,F02,P016,128.0,EU to EU Internal
STO08087,2025-11-13,F03,F02,P017,13.0,EU to EU Internal
STO08088,2025-11-18,F03,F02,P018,66.0,EU to EU Internal
STO08089,2025-11-13,F03,F02,P019,103.0,EU to EU Internal
STO08090,2025-11-17,F03,F02,P020,47.0,EU to EU Internal
STO08091,2025-11-17,F03,F02,P021,35.0,EU to EU Internal
STO08092,2025-11-20,F03,F02,P022,18.0,EU to EU Internal
STO08093,2025-11-21,F03,F02,P023,81.0,EU to EU Internal
STO08094,2025-11-21,F03,F02,P024,39.0,EU to EU Internal
STO08095,2025-11-19,F03,F02,P026,25.0,EU to EU Internal
STO08096,2025-11-16,F03,F02,P027,57.0,EU to EU Internal
STO08097,2025-11-20,F03,F02,P028,97.0,EU to EU Internal
STO08098,2025-11-17,F03,F02,P029,54.0,EU to EU Internal
STO08099,2025-11-16,F03,F02,P030,40.0,EU to EU Internal
STO08100,2025-11-18,F03,F02,P031,176.0,EU to EU Internal
STO08101,2025-11-12,F03,F02,P033,3.0,EU to EU Internal
STO08102,2025-11-13,F03,F02,P034,53.0,EU to EU Internal
STO08103,2025-11-13,F03,F02,P035,28.0,EU to EU Internal
STO08104,2025-11-23,F03,F02,P036,106.0,EU to EU Internal
STO08105,2025-11-12,F03,F02,P037,32.0,EU to EU Internal
STO08106,2025-11-15,F03,F02,P038,85.0,EU to EU Internal
STO08107,2025-11-16,F03,F02,P039,13.0,EU to EU Internal
STO08108,2025-11-20,F03,F02,P040,15.0,EU to EU Internal
STO08109,2025-11-22,F03,F02,P041,27.0,EU to EU Internal
STO08110,2025-11-21,F03,F02,P042,53.0,EU to EU Internal
STO08111,2025-11-23,F03,F02,P043,68.0,EU to EU Internal
STO08112,2025-11-11,F03,F02,P044,30.0,EU to EU Internal
STO08113,2025-11-16,F03,F02,P045,49.0,EU to EU Internal
STO08114,2025-11-18,F03,F02,P046,53.0,EU to EU Internal
STO08115,2025-11-21,F03,F02,P047,91.0,EU to EU Internal
STO08116,2025-11-21,F03,F02,P048,25.0,EU to EU Internal
STO08117,2025-11-18,F03,F02,P049,29.0,EU to EU Internal
STO08118,2025-11-17,F03,F02,P050,94.0,EU to EU Internal
STO08119,2025-11-13,F03,F02,P051,14.0,EU to EU Internal
STO08120,2025-11-11,F03,F02,P052,15.0,EU to EU Internal
STO08121,2025-11-23,F03,F02,P053,38.0,EU to EU Internal
STO08122,2025-11-14,F03,F02,P054,14.0,EU to EU Internal
STO08123,2025-11-14,F03,F02,P055,33.0,EU to EU Internal
STO08124,2025-11-16,F03,F02,P056,90.0,EU to EU Internal
STO08125,2025-11-22,F03,F02,P057,107.0,EU to EU Internal
STO08126,2025-11-17,F03,F02,P058,13.0,EU to EU Internal
STO08127,2025-11-19,F03,F02,P059,28.0,EU to EU Internal
STO08128,2025-11-14,F03,F02,P060,20.0,EU to EU Internal
STO08129,2025-11-20,F03,F02,P061,44.0,EU to EU Internal
STO08130,2025-11-22,F03,F02,P062,28.0,EU to EU Internal
STO08131,2025-11-14,F03,F02,P063,64.0,EU to EU Internal
STO08132,2025-11-16,F03,F02,P064,36.0,EU to EU Internal
STO08133,2025-11-18,F03,F02,P065,78.0,EU to EU Internal
STO08134,2025-11-22,F03,F02,P067,5.0,EU to EU Internal
STO08135,2025-11-21,F03,F02,P068,13.0,EU to EU Internal
STO08136,2025-11-19,F03,F02,P069,53.0,EU to EU Internal
STO08137,2025-11-16,F03,F02,P070,126.0,EU to EU Internal
STO08138,2025-11-12,F03,F02,P071,38.0,EU to EU Internal
STO08139,2025-11-16,F03,F02,P072,16.0,EU to EU Internal
STO08140,2025-11-16,F03,F02,P073,9.0,EU to EU Internal
STO08141,2025-11-17,F03,F02,P074,2.0,EU to EU Internal
STO08142,2025-11-13,F03,F02,P075,35.0,EU to EU Internal
STO08143,2025-11-22,F03,F02,P076,27.0,EU to EU Internal
STO08144,2025-11-10,F03,F02,P077,50.0,EU to EU Internal
STO08145,2025-11-12,F03,F02,P079,92.0,EU to EU Internal
STO08146,2025-11-16,F03,F02,P080,10.0,EU to EU Internal
STO08147,2025-11-11,F03,F02,P081,124.0,EU to EU Internal
STO08148,2025-11-23,F03,F02,P082,11.0,EU to EU Internal
STO08149,2025-11-15,F03,F02,P083,2.0,EU to EU Internal
STO08150,2025-11-22,F03,F02,P084,16.0,EU to EU Internal
STO08151,2025-11-18,F03,F02,P085,58.0,EU to EU Internal
STO08152,2025-11-16,F03,F02,P086,54.0,EU to EU Internal
STO08153,2025-11-15,F03,F02,P087,160.0,EU to EU Internal
STO08154,2025-11-18,F03,F02,P088,91.0,EU to EU Internal
STO08155,2025-11-14,F03,F02,P089,42.0,EU to EU Internal
STO08156,2025-11-23,F03,F02,P091,15.0,EU to EU Internal
STO08157,2025-11-16,F03,F02,P092,70.0,EU to EU Internal
STO08158,2025-11-13,F03,F02,P093,31.0,EU to EU Internal
STO08159,2025-11-21,F03,F02,P094,29.0,EU to EU Internal
STO08160,2025-11-17,F03,F02,P095,83.0,EU to EU Internal
STO08161,2025-11-16,F03,F02,P096,48.0,EU to EU Internal
STO08162,2025-11-21,F03,F02,P097,22.0,EU to EU Internal
STO08163,2025-11-20,F03,F02,P098,18.0,EU to EU Internal
STO08164,2025-11-21,F03,F02,P099,5.0,EU to EU Internal
STO08165,2025-11-20,F03,F02,P100,35.0,EU to EU Internal
STO08166,2025-11-19,F03,F04,P001,49.0,EU to EU Internal
STO08167,2025-11-12,F03,F04,P002,60.0,EU to EU Internal
STO08168,2025-11-18,F03,F04,P003,104.0,EU to EU Internal
STO08169,2025-11-14,F03,F04,P004,143.0,EU to EU Internal
STO08170,2025-11-18,F03,F04,P005,47.0,EU to EU Internal
STO08171,2025-11-15,F03,F04,P006,32.0,EU to EU Internal
STO08172,2025-11-14,F03,F04,P007,35.0,EU to EU Internal
STO08173,2025-11-10,F03,F04,P008,28.0,EU to EU Internal
STO08174,2025-11-22,F03,F04,P009,53.0,EU to EU Internal
STO08175,2025-11-23,F03,F04,P010,48.0,EU to EU Internal
STO08176,2025-11-18,F03,F04,P011,29.0,EU to EU Internal
STO08177,2025-11-15,F03,F04,P012,24.0,EU to EU Internal
STO08178,2025-11-10,F03,F04,P013,110.0,EU to EU Internal
STO08179,2025-11-22,F03,F04,P014,90.0,EU to EU Internal
STO08180,2025-11-15,F03,F04,P015,113.0,EU to EU Internal
STO08181,2025-11-16,F03,F04,P016,110.0,EU to EU Internal
STO08182,2025-11-23,F03,F04,P018,90.0,EU to EU Internal
STO08183,2025-11-15,F03,F04,P019,90.0,EU to EU Internal
STO08184,2025-11-17,F03,F04,P020,143.0,EU to EU Internal
STO08185,2025-11-14,F03,F04,P021,37.0,EU to EU Internal
STO08186,2025-11-18,F03,F04,P022,91.0,EU to EU Internal
STO08187,2025-11-17,F03,F04,P023,62.0,EU to EU Internal
STO08188,2025-11-18,F03,F04,P024,31.0,EU to EU Internal
STO08189,2025-11-13,F03,F04,P025,27.0,EU to EU Internal
STO08190,2025-11-15,F03,F04,P026,49.0,EU to EU Internal
STO08191,2025-11-23,F03,F04,P027,143.0,EU to EU Internal
STO08192,2025-11-13,F03,F04,P028,143.0,EU to EU Internal
STO08193,2025-11-17,F03,F04,P029,112.0,EU to EU Internal
STO08194,2025-11-19,F03,F04,P030,189.0,EU to EU Internal
STO08195,2025-11-21,F03,F04,P031,82.0,EU to EU Internal
STO08196,2025-11-10,F03,F04,P032,109.0,EU to EU Internal
STO08197,2025-11-18,F03,F04,P033,52.0,EU to EU Internal
STO08198,2025-11-15,F03,F04,P034,97.0,EU to EU Internal
STO08199,2025-11-18,F03,F04,P035,30.0,EU to EU Internal
STO08200,2025-11-19,F03,F04,P036,126.0,EU to EU Internal
STO08201,2025-11-18,F03,F04,P037,53.0,EU to EU Internal
STO08202,2025-11-12,F03,F04,P038,102.0,EU to EU Internal
STO08203,2025-11-13,F03,F04,P039,53.0,EU to EU Internal
STO08204,2025-11-10,F03,F04,P040,81.0,EU to EU Internal
STO08205,2025-11-23,F03,F04,P041,27.0,EU to EU Internal
STO08206,2025-11-21,F03,F04,P042,125.0,EU to EU Internal
STO08207,2025-11-21,F03,F04,P043,106.0,EU to EU Internal
STO08208,2025-11-12,F03,F04,P044,46.0,EU to EU Internal
STO08209,2025-11-19,F03,F04,P045,110.0,EU to EU Internal
STO08210,2025-11-19,F03,F04,P046,224.0,EU to EU Internal
STO08211,2025-11-13,F03,F04,P047,141.0,EU to EU Internal
STO08212,2025-11-22,F03,F04,P048,29.0,EU to EU Internal
STO08213,2025-11-20,F03,F04,P049,26.0,EU to EU Internal
STO08214,2025-11-22,F03,F04,P050,185.0,EU to EU Internal
STO08215,2025-11-16,F03,F04,P051,246.0,EU to EU Internal
STO08216,2025-11-14,F03,F04,P052,163.0,EU to EU Internal
STO08217,2025-11-17,F03,F04,P053,115.0,EU to EU Internal
STO08218,2025-11-14,F03,F04,P054,31.0,EU to EU Internal
STO08219,2025-11-15,F03,F04,P055,12.0,EU to EU Internal
STO08220,2025-11-20,F03,F04,P056,94.0,EU to EU Internal
STO08221,2025-11-17,F03,F04,P057,159.0,EU to EU Internal
STO08222,2025-11-12,F03,F04,P058,102.0,EU to EU Internal
STO08223,2025-11-18,F03,F04,P059,114.0,EU to EU Internal
STO08224,2025-11-18,F03,F04,P060,49.0,EU to EU Internal
STO08225,2025-11-13,F03,F04,P061,94.0,EU to EU Internal
STO08226,2025-11-12,F03,F04,P062,87.0,EU to EU Internal
STO08227,2025-11-23,F03,F04,P063,91.0,EU to EU Internal
STO08228,2025-11-16,F03,F04,P064,88.0,EU to EU Internal
STO08229,2025-11-16,F03,F04,P065,122.0,EU to EU Internal
STO08230,2025-11-12,F03,F04,P066,11.0,EU to EU Internal
STO08231,2025-11-16,F03,F04,P067,5.0,EU to EU Internal
STO08232,2025-11-19,F03,F04,P068,9.0,EU to EU Internal
STO08233,2025-11-16,F03,F04,P069,23.0,EU to EU Internal
STO08234,2025-11-20,F03,F04,P070,19.0,EU to EU Internal
STO08235,2025-11-11,F03,F04,P071,150.0,EU to EU Internal
STO08236,2025-11-23,F03,F04,P072,72.0,EU to EU Internal
STO08237,2025-11-14,F03,F04,P073,128.0,EU to EU Internal
STO08238,2025-11-12,F03,F04,P074,48.0,EU to EU Internal
STO08239,2025-11-10,F03,F04,P075,44.0,EU to EU Internal
STO08240,2025-11-18,F03,F04,P076,24.0,EU to EU Internal
STO08241,2025-11-18,F03,F04,P077,131.0,EU to EU Internal
STO08242,2025-11-20,F03,F04,P078,17.0,EU to EU Internal
STO08243,2025-11-15,F03,F04,P079,182.0,EU to EU Internal
STO08244,2025-11-18,F03,F04,P080,11.0,EU to EU Internal
STO08245,2025-11-18,F03,F04,P081,160.0,EU to EU Internal
STO08246,2025-11-15,F03,F04,P082,155.0,EU to EU Internal
STO08247,2025-11-14,F03,F04,P083,7.0,EU to EU Internal
STO08248,2025-11-10,F03,F04,P084,124.0,EU to EU Internal
STO08249,2025-11-17,F03,F04,P085,138.0,EU to EU Internal
STO08250,2025-11-21,F03,F04,P086,40.0,EU to EU Internal
STO08251,2025-11-10,F03,F04,P087,101.0,EU to EU Internal
STO08252,2025-11-13,F03,F04,P088,15.0,EU to EU Internal
STO08253,2025-11-15,F03,F04,P089,16.0,EU to EU Internal
STO08254,2025-11-21,F03,F04,P091,156.0,EU to EU Internal
STO08255,2025-11-23,F03,F04,P092,92.0,EU to EU Internal
STO08256,2025-11-16,F03,F04,P093,100.0,EU to EU Internal
STO08257,2025-11-16,F03,F04,P094,176.0,EU to EU Internal
STO08258,2025-11-22,F03,F04,P095,61.0,EU to EU Internal
STO08259,2025-11-23,F03,F04,P096,49.0,EU to EU Internal
STO08260,2025-11-21,F03,F04,P097,237.0,EU to EU Internal
STO08261,2025-11-12,F03,F04,P098,161.0,EU to EU Internal
STO08262,2025-11-13,F03,F04,P099,243.0,EU to EU Internal
STO08263,2025-11-16,F03,F04,P100,7.0,EU to EU Internal
STO08264,2025-11-14,F01,F05,P002,17.0,EU to EU Internal
STO08265,2025-11-11,F01,F05,P003,14.0,EU to EU Internal
STO08266,2025-11-16,F01,F05,P005,44.0,EU to EU Internal
STO08267,2025-11-23,F01,F05,P007,12.0,EU to EU Internal
STO08268,2025-11-16,F01,F05,P008,24.0,EU to EU Internal
STO08269,2025-11-15,F01,F05,P009,60.0,EU to EU Internal
STO08270,2025-11-21,F01,F05,P010,30.0,EU to EU Internal
STO08271,2025-11-16,F01,F05,P011,99.0,EU to EU Internal
STO08272,2025-11-13,F01,F05,P012,20.0,EU to EU Internal
STO08273,2025-11-10,F01,F05,P014,3.0,EU to EU Internal
STO08274,2025-11-22,F01,F05,P015,66.0,EU to EU Internal
STO08275,2025-11-13,F01,F05,P017,20.0,EU to EU Internal
STO08276,2025-11-10,F01,F05,P018,21.0,EU to EU Internal
STO08277,2025-11-19,F01,F05,P019,24.0,EU to EU Internal
STO08278,2025-11-23,F01,F05,P020,79.0,EU to EU Internal
STO08279,2025-11-13,F01,F05,P021,19.0,EU to EU Internal
STO08280,2025-11-12,F01,F05,P022,4.0,EU to EU Internal
STO08281,2025-11-18,F01,F05,P023,31.0,EU to EU Internal
STO08282,2025-11-18,F01,F05,P024,27.0,EU to EU Internal
STO08283,2025-11-15,F01,F05,P025,34.0,EU to EU Internal
STO08284,2025-11-19,F01,F05,P026,5.0,EU to EU Internal
STO08285,2025-11-13,F01,F05,P028,30.0,EU to EU Internal
STO08286,2025-11-10,F01,F05,P029,22.0,EU to EU Internal
STO08287,2025-11-10,F01,F05,P030,2.0,EU to EU Internal
STO08288,2025-11-15,F01,F05,P032,35.0,EU to EU Internal
STO08289,2025-11-10,F01,F05,P034,32.0,EU to EU Internal
STO08290,2025-11-15,F01,F05,P035,21.0,EU to EU Internal
STO08291,2025-11-15,F01,F05,P037,18.0,EU to EU Internal
STO08292,2025-11-12,F01,F05,P038,15.0,EU to EU Internal
STO08293,2025-11-14,F01,F05,P039,58.0,EU to EU Internal
STO08294,2025-11-19,F01,F05,P041,8.0,EU to EU Internal
STO08295,2025-11-16,F01,F05,P042,11.0,EU to EU Internal
STO08296,2025-11-13,F01,F05,P043,14.0,EU to EU Internal
STO08297,2025-11-20,F01,F05,P044,47.0,EU to EU Internal
STO08298,2025-11-22,F01,F05,P045,17.0,EU to EU Internal
STO08299,2025-11-17,F01,F05,P046,87.0,EU to EU Internal
STO08300,2025-11-19,F01,F05,P047,22.0,EU to EU Internal
STO08301,2025-11-13,F01,F05,P048,46.0,EU to EU Internal
STO08302,2025-11-20,F01,F05,P049,11.0,EU to EU Internal
STO08303,2025-11-11,F01,F05,P050,15.0,EU to EU Internal
STO08304,2025-11-12,F01,F05,P051,51.0,EU to EU Internal
STO08305,2025-11-16,F01,F05,P052,19.0,EU to EU Internal
STO08306,2025-11-21,F01,F05,P055,7.0,EU to EU Internal
STO08307,2025-11-14,F01,F05,P056,48.0,EU to EU Internal
STO08308,2025-11-13,F01,F05,P057,32.0,EU to EU Internal
STO08309,2025-11-22,F01,F05,P059,82.0,EU to EU Internal
STO08310,2025-11-19,F01,F05,P061,43.0,EU to EU Internal
STO08311,2025-11-11,F01,F05,P062,21.0,EU to EU Internal
STO08312,2025-11-21,F01,F05,P063,13.0,EU to EU Internal
STO08313,2025-11-22,F01,F05,P064,19.0,EU to EU Internal
STO08314,2025-11-19,F01,F05,P065,12.0,EU to EU Internal
STO08315,2025-11-11,F01,F05,P067,8.0,EU to EU Internal
STO08316,2025-11-14,F01,F05,P069,19.0,EU to EU Internal
STO08317,2025-11-19,F01,F05,P070,39.0,EU to EU Internal
STO08318,2025-11-10,F01,F05,P071,35.0,EU to EU Internal
STO08319,2025-11-18,F01,F05,P072,8.0,EU to EU Internal
STO08320,2025-11-22,F01,F05,P073,34.0,EU to EU Internal
STO08321,2025-11-16,F01,F05,P076,33.0,EU to EU Internal
STO08322,2025-11-19,F01,F05,P077,4.0,EU to EU Internal
STO08323,2025-11-22,F01,F05,P079,26.0,EU to EU Internal
STO08324,2025-11-14,F01,F05,P080,20.0,EU to EU Internal
STO08325,2025-11-22,F01,F05,P081,41.0,EU to EU Internal
STO08326,2025-11-21,F01,F05,P083,5.0,EU to EU Internal
STO08327,2025-11-17,F01,F05,P084,24.0,EU to EU Internal
STO08328,2025-11-22,F01,F05,P085,15.0,EU to EU Internal
STO08329,2025-11-20,F01,F05,P086,9.0,EU to EU Internal
STO08330,2025-11-14,F01,F05,P087,74.0,EU to EU Internal
STO08331,2025-11-21,F01,F05,P088,32.0,EU to EU Internal
STO08332,2025-11-20,F01,F05,P089,84.0,EU to EU Internal
STO08333,2025-11-21,F01,F05,P090,5.0,EU to EU Internal
STO08334,2025-11-21,F01,F05,P091,16.0,EU to EU Internal
STO08335,2025-11-23,F01,F05,P092,19.0,EU to EU Internal
STO08336,2025-11-13,F01,F05,P093,32.0,EU to EU Internal
STO08337,2025-11-13,F01,F05,P094,19.0,EU to EU Internal
STO08338,2025-11-19,F01,F05,P095,5.0,EU to EU Internal
STO08339,2025-11-22,F01,F05,P096,16.0,EU to EU Internal
STO08340,2025-11-13,F01,F05,P097,59.0,EU to EU Internal
STO08341,2025-11-14,F01,F05,P099,28.0,EU to EU Internal
STO08342,2025-11-16,F01,F06,P001,47.0,EU to EU Internal
STO08343,2025-11-16,F01,F06,P002,14.0,EU to EU Internal
STO08344,2025-11-13,F01,F06,P003,16.0,EU to EU Internal
STO08345,2025-11-12,F01,F06,P004,111.0,EU to EU Internal
STO08346,2025-11-23,F01,F06,P005,90.0,EU to EU Internal
STO08347,2025-11-12,F01,F06,P006,23.0,EU to EU Internal
STO08348,2025-11-15,F01,F06,P007,19.0,EU to EU Internal
STO08349,2025-11-10,F01,F06,P008,64.0,EU to EU Internal
STO08350,2025-11-16,F01,F06,P009,39.0,EU to EU Internal
STO08351,2025-11-11,F01,F06,P010,83.0,EU to EU Internal
STO08352,2025-11-17,F01,F06,P011,74.0,EU to EU Internal
STO08353,2025-11-10,F01,F06,P012,36.0,EU to EU Internal
STO08354,2025-11-14,F01,F06,P013,40.0,EU to EU Internal
STO08355,2025-11-12,F01,F06,P014,63.0,EU to EU Internal
STO08356,2025-11-11,F01,F06,P015,20.0,EU to EU Internal
STO08357,2025-11-16,F01,F06,P016,93.0,EU to EU Internal
STO08358,2025-11-20,F01,F06,P017,52.0,EU to EU Internal
STO08359,2025-11-12,F01,F06,P018,103.0,EU to EU Internal
STO08360,2025-11-14,F01,F06,P019,101.0,EU to EU Internal
STO08361,2025-11-14,F01,F06,P020,127.0,EU to EU Internal
STO08362,2025-11-18,F01,F06,P021,70.0,EU to EU Internal
STO08363,2025-11-11,F01,F06,P022,61.0,EU to EU Internal
STO08364,2025-11-16,F01,F06,P023,109.0,EU to EU Internal
STO08365,2025-11-20,F01,F06,P024,30.0,EU to EU Internal
STO08366,2025-11-11,F01,F06,P025,80.0,EU to EU Internal
STO08367,2025-11-14,F01,F06,P026,35.0,EU to EU Internal
STO08368,2025-11-15,F01,F06,P027,169.0,EU to EU Internal
STO08369,2025-11-16,F01,F06,P028,64.0,EU to EU Internal
STO08370,2025-11-15,F01,F06,P029,33.0,EU to EU Internal
STO08371,2025-11-14,F01,F06,P030,28.0,EU to EU Internal
STO08372,2025-11-20,F01,F06,P031,205.0,EU to EU Internal
STO08373,2025-11-15,F01,F06,P032,65.0,EU to EU Internal
STO08374,2025-11-10,F01,F06,P033,53.0,EU to EU Internal
STO08375,2025-11-10,F01,F06,P034,43.0,EU to EU Internal
STO08376,2025-11-20,F01,F06,P035,25.0,EU to EU Internal
STO08377,2025-11-16,F01,F06,P036,41.0,EU to EU Internal
STO08378,2025-11-13,F01,F06,P037,31.0,EU to EU Internal
STO08379,2025-11-23,F01,F06,P038,53.0,EU to EU Internal
STO08380,2025-11-14,F01,F06,P039,68.0,EU to EU Internal
STO08381,2025-11-22,F01,F06,P040,31.0,EU to EU Internal
STO08382,2025-11-18,F01,F06,P041,37.0,EU to EU Internal
STO08383,2025-11-10,F01,F06,P042,86.0,EU to EU Internal
STO08384,2025-11-23,F01,F06,P043,21.0,EU to EU Internal
STO08385,2025-11-22,F01,F06,P044,30.0,EU to EU Internal
STO08386,2025-11-16,F01,F06,P045,64.0,EU to EU Internal
STO08387,2025-11-15,F01,F06,P046,130.0,EU to EU Internal
STO08388,2025-11-13,F01,F06,P047,64.0,EU to EU Internal
STO08389,2025-11-13,F01,F06,P048,48.0,EU to EU Internal
STO08390,2025-11-10,F01,F06,P049,46.0,EU to EU Internal
STO08391,2025-11-23,F01,F06,P050,106.0,EU to EU Internal
STO08392,2025-11-20,F01,F06,P051,90.0,EU to EU Internal
STO08393,2025-11-18,F01,F06,P052,34.0,EU to EU Internal
STO08394,2025-11-23,F01,F06,P053,18.0,EU to EU Internal
STO08395,2025-11-18,F01,F06,P054,23.0,EU to EU Internal
STO08396,2025-11-23,F01,F06,P055,24.0,EU to EU Internal
STO08397,2025-11-20,F01,F06,P056,19.0,EU to EU Internal
STO08398,2025-11-21,F01,F06,P057,107.0,EU to EU Internal
STO08399,2025-11-16,F01,F06,P058,74.0,EU to EU Internal
STO08400,2025-11-12,F01,F06,P059,67.0,EU to EU Internal
STO08401,2025-11-10,F01,F06,P060,21.0,EU to EU Internal
STO08402,2025-11-23,F01,F06,P061,49.0,EU to EU Internal
STO08403,2025-11-15,F01,F06,P062,38.0,EU to EU Internal
STO08404,2025-11-22,F01,F06,P063,63.0,EU to EU Internal
STO08405,2025-11-21,F01,F06,P064,50.0,EU to EU Internal
STO08406,2025-11-23,F01,F06,P065,39.0,EU to EU Internal
STO08407,2025-11-21,F01,F06,P066,10.0,EU to EU Internal
STO08408,2025-11-14,F01,F06,P067,30.0,EU to EU Internal
STO08409,2025-11-22,F01,F06,P068,47.0,EU to EU Internal
STO08410,2025-11-11,F01,F06,P069,49.0,EU to EU Internal
STO08411,2025-11-10,F01,F06,P070,30.0,EU to EU Internal
STO08412,2025-11-16,F01,F06,P071,47.0,EU to EU Internal
STO08413,2025-11-10,F01,F06,P072,72.0,EU to EU Internal
STO08414,2025-11-14,F01,F06,P073,78.0,EU to EU Internal
STO08415,2025-11-13,F01,F06,P074,60.0,EU to EU Internal
STO08416,2025-11-11,F01,F06,P075,19.0,EU to EU Internal
STO08417,2025-11-12,F01,F06,P076,45.0,EU to EU Internal
STO08418,2025-11-21,F01,F06,P077,195.0,EU to EU Internal
STO08419,2025-11-16,F01,F06,P078,59.0,EU to EU Internal
STO08420,2025-11-16,F01,F06,P079,47.0,EU to EU Internal
STO08421,2025-11-12,F01,F06,P080,30.0,EU to EU Internal
STO08422,2025-11-10,F01,F06,P081,174.0,EU to EU Internal
STO08423,2025-11-21,F01,F06,P082,51.0,EU to EU Internal
STO08424,2025-11-21,F01,F06,P083,32.0,EU to EU Internal
STO08425,2025-11-13,F01,F06,P084,27.0,EU to EU Internal
STO08426,2025-11-22,F01,F06,P085,59.0,EU to EU Internal
STO08427,2025-11-20,F01,F06,P086,57.0,EU to EU Internal
STO08428,2025-11-18,F01,F06,P087,43.0,EU to EU Internal
STO08429,2025-11-14,F01,F06,P088,39.0,EU to EU Internal
STO08430,2025-11-22,F01,F06,P089,78.0,EU to EU Internal
STO08431,2025-11-21,F01,F06,P090,26.0,EU to EU Internal
STO08432,2025-11-16,F01,F06,P091,28.0,EU to EU Internal
STO08433,2025-11-19,F01,F06,P092,48.0,EU to EU Internal
STO08434,2025-11-15,F01,F06,P093,73.0,EU to EU Internal
STO08435,2025-11-18,F01,F06,P094,67.0,EU to EU Internal
STO08436,2025-11-22,F01,F06,P095,41.0,EU to EU Internal
STO08437,2025-11-10,F01,F06,P096,52.0,EU to EU Internal
STO08438,2025-11-22,F01,F06,P097,104.0,EU to EU Internal
STO08439,2025-11-14,F01,F06,P098,116.0,EU to EU Internal
STO08440,2025-11-17,F01,F06,P099,59.0,EU to EU Internal
STO08441,2025-11-21,F01,F06,P100,41.0,EU to EU Internal
STO08442,2025-12-19,F03,F02,P001,74.0,EU to EU Internal
STO08443,2025-12-16,F03,F02,P002,60.0,EU to EU Internal
STO08444,2025-12-17,F03,F02,P003,55.0,EU to EU Internal
STO08445,2025-12-16,F03,F02,P004,139.0,EU to EU Internal
STO08446,2025-12-20,F03,F02,P005,108.0,EU to EU Internal
STO08447,2025-12-16,F03,F02,P006,2.0,EU to EU Internal
STO08448,2025-12-22,F03,F02,P008,29.0,EU to EU Internal
STO08449,2025-12-15,F03,F02,P009,9.0,EU to EU Internal
STO08450,2025-12-18,F03,F02,P010,33.0,EU to EU Internal
STO08451,2025-12-24,F03,F02,P011,4.0,EU to EU Internal
STO08452,2025-12-18,F03,F02,P012,11.0,EU to EU Internal
STO08453,2025-12-24,F03,F02,P013,27.0,EU to EU Internal
STO08454,2025-12-15,F03,F02,P014,86.0,EU to EU Internal
STO08455,2025-12-13,F03,F02,P015,16.0,EU to EU Internal
STO08456,2025-12-23,F03,F02,P016,81.0,EU to EU Internal
STO08457,2025-12-15,F03,F02,P017,16.0,EU to EU Internal
STO08458,2025-12-18,F03,F02,P018,62.0,EU to EU Internal
STO08459,2025-12-18,F03,F02,P019,78.0,EU to EU Internal
STO08460,2025-12-24,F03,F02,P020,13.0,EU to EU Internal
STO08461,2025-12-13,F03,F02,P021,34.0,EU to EU Internal
STO08462,2025-12-12,F03,F02,P022,35.0,EU to EU Internal
STO08463,2025-12-11,F03,F02,P023,49.0,EU to EU Internal
STO08464,2025-12-23,F03,F02,P024,54.0,EU to EU Internal
STO08465,2025-12-15,F03,F02,P026,29.0,EU to EU Internal
STO08466,2025-12-22,F03,F02,P027,33.0,EU to EU Internal
STO08467,2025-12-16,F03,F02,P028,55.0,EU to EU Internal
STO08468,2025-12-21,F03,F02,P029,134.0,EU to EU Internal
STO08469,2025-12-15,F03,F02,P030,33.0,EU to EU Internal
STO08470,2025-12-13,F03,F02,P031,159.0,EU to EU Internal
STO08471,2025-12-20,F03,F02,P032,20.0,EU to EU Internal
STO08472,2025-12-13,F03,F02,P033,28.0,EU to EU Internal
STO08473,2025-12-16,F03,F02,P034,66.0,EU to EU Internal
STO08474,2025-12-15,F03,F02,P035,17.0,EU to EU Internal
STO08475,2025-12-19,F03,F02,P036,90.0,EU to EU Internal
STO08476,2025-12-16,F03,F02,P037,31.0,EU to EU Internal
STO08477,2025-12-16,F03,F02,P038,109.0,EU to EU Internal
STO08478,2025-12-12,F03,F02,P039,8.0,EU to EU Internal
STO08479,2025-12-21,F03,F02,P040,19.0,EU to EU Internal
STO08480,2025-12-17,F03,F02,P041,29.0,EU to EU Internal
STO08481,2025-12-20,F03,F02,P042,89.0,EU to EU Internal
STO08482,2025-12-24,F03,F02,P043,94.0,EU to EU Internal
STO08483,2025-12-21,F03,F02,P044,36.0,EU to EU Internal
STO08484,2025-12-24,F03,F02,P045,33.0,EU to EU Internal
STO08485,2025-12-24,F03,F02,P046,69.0,EU to EU Internal
STO08486,2025-12-12,F03,F02,P047,103.0,EU to EU Internal
STO08487,2025-12-20,F03,F02,P048,26.0,EU to EU Internal
STO08488,2025-12-23,F03,F02,P049,15.0,EU to EU Internal
STO08489,2025-12-15,F03,F02,P050,49.0,EU to EU Internal
STO08490,2025-12-16,F03,F02,P051,36.0,EU to EU Internal
STO08491,2025-12-13,F03,F02,P052,15.0,EU to EU Internal
STO08492,2025-12-18,F03,F02,P053,14.0,EU to EU Internal
STO08493,2025-12-20,F03,F02,P054,7.0,EU to EU Internal
STO08494,2025-12-22,F03,F02,P055,25.0,EU to EU Internal
STO08495,2025-12-16,F03,F02,P056,40.0,EU to EU Internal
STO08496,2025-12-18,F03,F02,P057,64.0,EU to EU Internal
STO08497,2025-12-21,F03,F02,P058,27.0,EU to EU Internal
STO08498,2025-12-17,F03,F02,P060,22.0,EU to EU Internal
STO08499,2025-12-20,F03,F02,P061,80.0,EU to EU Internal
STO08500,2025-12-13,F03,F02,P062,45.0,EU to EU Internal
STO08501,2025-12-12,F03,F02,P063,112.0,EU to EU Internal
STO08502,2025-12-14,F03,F02,P064,18.0,EU to EU Internal
STO08503,2025-12-17,F03,F02,P065,71.0,EU to EU Internal
STO08504,2025-12-14,F03,F02,P067,2.0,EU to EU Internal
STO08505,2025-12-16,F03,F02,P068,11.0,EU to EU Internal
STO08506,2025-12-17,F03,F02,P069,50.0,EU to EU Internal
STO08507,2025-12-19,F03,F02,P070,94.0,EU to EU Internal
STO08508,2025-12-12,F03,F02,P071,37.0,EU to EU Internal
STO08509,2025-12-15,F03,F02,P072,14.0,EU to EU Internal
STO08510,2025-12-23,F03,F02,P073,10.0,EU to EU Internal
STO08511,2025-12-12,F03,F02,P074,11.0,EU to EU Internal
STO08512,2025-12-13,F03,F02,P075,41.0,EU to EU Internal
STO08513,2025-12-21,F03,F02,P076,30.0,EU to EU Internal
STO08514,2025-12-16,F03,F02,P077,73.0,EU to EU Internal
STO08515,2025-12-20,F03,F02,P079,84.0,EU to EU Internal
STO08516,2025-12-12,F03,F02,P080,17.0,EU to EU Internal
STO08517,2025-12-11,F03,F02,P081,119.0,EU to EU Internal
STO08518,2025-12-19,F03,F02,P082,48.0,EU to EU Internal
STO08519,2025-12-17,F03,F02,P083,6.0,EU to EU Internal
STO08520,2025-12-16,F03,F02,P084,12.0,EU to EU Internal
STO08521,2025-12-11,F03,F02,P085,52.0,EU to EU Internal
STO08522,2025-12-23,F03,F02,P086,34.0,EU to EU Internal
STO08523,2025-12-11,F03,F02,P087,63.0,EU to EU Internal
STO08524,2025-12-19,F03,F02,P088,57.0,EU to EU Internal
STO08525,2025-12-24,F03,F02,P089,52.0,EU to EU Internal
STO08526,2025-12-23,F03,F02,P091,25.0,EU to EU Internal
STO08527,2025-12-16,F03,F02,P092,70.0,EU to EU Internal
STO08528,2025-12-18,F03,F02,P093,22.0,EU to EU Internal
STO08529,2025-12-21,F03,F02,P094,121.0,EU to EU Internal
STO08530,2025-12-18,F03,F02,P095,61.0,EU to EU Internal
STO08531,2025-12-23,F03,F02,P096,23.0,EU to EU Internal
STO08532,2025-12-15,F03,F02,P097,54.0,EU to EU Internal
STO08533,2025-12-16,F03,F02,P098,43.0,EU to EU Internal
STO08534,2025-12-19,F03,F02,P099,10.0,EU to EU Internal
STO08535,2025-12-18,F03,F02,P100,46.0,EU to EU Internal
STO08536,2025-12-23,F03,F04,P001,55.0,EU to EU Internal
STO08537,2025-12-19,F03,F04,P002,73.0,EU to EU Internal
STO08538,2025-12-13,F03,F04,P003,86.0,EU to EU Internal
STO08539,2025-12-15,F03,F04,P004,113.0,EU to EU Internal
STO08540,2025-12-19,F03,F04,P005,39.0,EU to EU Internal
STO08541,2025-12-23,F03,F04,P006,34.0,EU to EU Internal
STO08542,2025-12-21,F03,F04,P007,31.0,EU to EU Internal
STO08543,2025-12-20,F03,F04,P008,23.0,EU to EU Internal
STO08544,2025-12-11,F03,F04,P009,17.0,EU to EU Internal
STO08545,2025-12-15,F03,F04,P010,49.0,EU to EU Internal
STO08546,2025-12-13,F03,F04,P011,20.0,EU to EU Internal
STO08547,2025-12-21,F03,F04,P012,31.0,EU to EU Internal
STO08548,2025-12-20,F03,F04,P013,111.0,EU to EU Internal
STO08549,2025-12-15,F03,F04,P014,60.0,EU to EU Internal
STO08550,2025-12-23,F03,F04,P015,127.0,EU to EU Internal
STO08551,2025-12-19,F03,F04,P016,244.0,EU to EU Internal
STO08552,2025-12-21,F03,F04,P018,64.0,EU to EU Internal
STO08553,2025-12-24,F03,F04,P019,93.0,EU to EU Internal
STO08554,2025-12-13,F03,F04,P020,111.0,EU to EU Internal
STO08555,2025-12-11,F03,F04,P021,26.0,EU to EU Internal
STO08556,2025-12-24,F03,F04,P022,142.0,EU to EU Internal
STO08557,2025-12-19,F03,F04,P023,85.0,EU to EU Internal
STO08558,2025-12-22,F03,F04,P024,27.0,EU to EU Internal
STO08559,2025-12-21,F03,F04,P025,9.0,EU to EU Internal
STO08560,2025-12-12,F03,F04,P026,53.0,EU to EU Internal
STO08561,2025-12-21,F03,F04,P027,131.0,EU to EU Internal
STO08562,2025-12-19,F03,F04,P028,121.0,EU to EU Internal
STO08563,2025-12-13,F03,F04,P029,143.0,EU to EU Internal
STO08564,2025-12-16,F03,F04,P030,183.0,EU to EU Internal
STO08565,2025-12-24,F03,F04,P031,154.0,EU to EU Internal
STO08566,2025-12-24,F03,F04,P032,106.0,EU to EU Internal
STO08567,2025-12-15,F03,F04,P033,38.0,EU to EU Internal
STO08568,2025-12-24,F03,F04,P034,84.0,EU to EU Internal
STO08569,2025-12-14,F03,F04,P035,29.0,EU to EU Internal
STO08570,2025-12-18,F03,F04,P036,67.0,EU to EU Internal
STO08571,2025-12-21,F03,F04,P037,58.0,EU to EU Internal
STO08572,2025-12-19,F03,F04,P038,87.0,EU to EU Internal
STO08573,2025-12-24,F03,F04,P039,40.0,EU to EU Internal
STO08574,2025-12-12,F03,F04,P040,110.0,EU to EU Internal
STO08575,2025-12-20,F03,F04,P041,12.0,EU to EU Internal
STO08576,2025-12-22,F03,F04,P042,171.0,EU to EU Internal
STO08577,2025-12-15,F03,F04,P043,77.0,EU to EU Internal
STO08578,2025-12-11,F03,F04,P044,30.0,EU to EU Internal
STO08579,2025-12-16,F03,F04,P045,85.0,EU to EU Internal
STO08580,2025-12-15,F03,F04,P046,178.0,EU to EU Internal
STO08581,2025-12-16,F03,F04,P047,105.0,EU to EU Internal
STO08582,2025-12-11,F03,F04,P048,58.0,EU to EU Internal
STO08583,2025-12-16,F03,F04,P049,35.0,EU to EU Internal
STO08584,2025-12-17,F03,F04,P050,87.0,EU to EU Internal
STO08585,2025-12-16,F03,F04,P051,303.0,EU to EU Internal
STO08586,2025-12-11,F03,F04,P052,136.0,EU to EU Internal
STO08587,2025-12-12,F03,F04,P053,133.0,EU to EU Internal
STO08588,2025-12-12,F03,F04,P054,58.0,EU to EU Internal
STO08589,2025-12-17,F03,F04,P055,42.0,EU to EU Internal
STO08590,2025-12-24,F03,F04,P056,39.0,EU to EU Internal
STO08591,2025-12-22,F03,F04,P057,173.0,EU to EU Internal
STO08592,2025-12-19,F03,F04,P058,138.0,EU to EU Internal
STO08593,2025-12-15,F03,F04,P059,80.0,EU to EU Internal
STO08594,2025-12-13,F03,F04,P060,41.0,EU to EU Internal
STO08595,2025-12-21,F03,F04,P061,120.0,EU to EU Internal
STO08596,2025-12-11,F03,F04,P062,104.0,EU to EU Internal
STO08597,2025-12-11,F03,F04,P063,63.0,EU to EU Internal
STO08598,2025-12-13,F03,F04,P064,91.0,EU to EU Internal
STO08599,2025-12-15,F03,F04,P065,93.0,EU to EU Internal
STO08600,2025-12-24,F03,F04,P066,11.0,EU to EU Internal
STO08601,2025-12-14,F03,F04,P067,10.0,EU to EU Internal
STO08602,2025-12-23,F03,F04,P068,10.0,EU to EU Internal
STO08603,2025-12-11,F03,F04,P069,34.0,EU to EU Internal
STO08604,2025-12-18,F03,F04,P070,64.0,EU to EU Internal
STO08605,2025-12-14,F03,F04,P071,130.0,EU to EU Internal
STO08606,2025-12-11,F03,F04,P072,92.0,EU to EU Internal
STO08607,2025-12-13,F03,F04,P073,99.0,EU to EU Internal
STO08608,2025-12-21,F03,F04,P074,35.0,EU to EU Internal
STO08609,2025-12-19,F03,F04,P075,37.0,EU to EU Internal
STO08610,2025-12-14,F03,F04,P076,79.0,EU to EU Internal
STO08611,2025-12-13,F03,F04,P077,124.0,EU to EU Internal
STO08612,2025-12-24,F03,F04,P078,24.0,EU to EU Internal
STO08613,2025-12-15,F03,F04,P079,117.0,EU to EU Internal
STO08614,2025-12-23,F03,F04,P080,16.0,EU to EU Internal
STO08615,2025-12-20,F03,F04,P081,206.0,EU to EU Internal
STO08616,2025-12-13,F03,F04,P082,159.0,EU to EU Internal
STO08617,2025-12-16,F03,F04,P083,4.0,EU to EU Internal
STO08618,2025-12-14,F03,F04,P084,55.0,EU to EU Internal
STO08619,2025-12-24,F03,F04,P085,124.0,EU to EU Internal
STO08620,2025-12-11,F03,F04,P086,41.0,EU to EU Internal
STO08621,2025-12-15,F03,F04,P087,116.0,EU to EU Internal
STO08622,2025-12-17,F03,F04,P088,56.0,EU to EU Internal
STO08623,2025-12-15,F03,F04,P089,16.0,EU to EU Internal
STO08624,2025-12-13,F03,F04,P091,91.0,EU to EU Internal
STO08625,2025-12-21,F03,F04,P092,70.0,EU to EU Internal
STO08626,2025-12-20,F03,F04,P093,94.0,EU to EU Internal
STO08627,2025-12-20,F03,F04,P094,259.0,EU to EU Internal
STO08628,2025-12-15,F03,F04,P095,54.0,EU to EU Internal
STO08629,2025-12-23,F03,F04,P096,65.0,EU to EU Internal
STO08630,2025-12-21,F03,F04,P097,330.0,EU to EU Internal
STO08631,2025-12-17,F03,F04,P098,166.0,EU to EU Internal
STO08632,2025-12-14,F03,F04,P099,244.0,EU to EU Internal
STO08633,2025-12-17,F03,F04,P100,10.0,EU to EU Internal
STO08634,2025-12-21,F01,F05,P002,13.0,EU to EU Internal
STO08635,2025-12-12,F01,F05,P003,13.0,EU to EU Internal
STO08636,2025-12-14,F01,F05,P005,28.0,EU to EU Internal
STO08637,2025-12-16,F01,F05,P007,4.0,EU to EU Internal
STO08638,2025-12-12,F01,F05,P008,32.0,EU to EU Internal
STO08639,2025-12-16,F01,F05,P009,17.0,EU to EU Internal
STO08640,2025-12-21,F01,F05,P010,10.0,EU to EU Internal
STO08641,2025-12-15,F01,F05,P011,52.0,EU to EU Internal
STO08642,2025-12-16,F01,F05,P012,18.0,EU to EU Internal
STO08643,2025-12-16,F01,F05,P014,5.0,EU to EU Internal
STO08644,2025-12-20,F01,F05,P015,134.0,EU to EU Internal
STO08645,2025-12-15,F01,F05,P017,7.0,EU to EU Internal
STO08646,2025-12-24,F01,F05,P018,38.0,EU to EU Internal
STO08647,2025-12-20,F01,F05,P019,7.0,EU to EU Internal
STO08648,2025-12-12,F01,F05,P020,72.0,EU to EU Internal
STO08649,2025-12-24,F01,F05,P021,35.0,EU to EU Internal
STO08650,2025-12-20,F01,F05,P023,46.0,EU to EU Internal
STO08651,2025-12-16,F01,F05,P024,34.0,EU to EU Internal
STO08652,2025-12-17,F01,F05,P025,22.0,EU to EU Internal
STO08653,2025-12-12,F01,F05,P026,7.0,EU to EU Internal
STO08654,2025-12-17,F01,F05,P028,43.0,EU to EU Internal
STO08655,2025-12-14,F01,F05,P029,9.0,EU to EU Internal
STO08656,2025-12-22,F01,F05,P030,1.0,EU to EU Internal
STO08657,2025-12-21,F01,F05,P032,22.0,EU to EU Internal
STO08658,2025-12-14,F01,F05,P034,33.0,EU to EU Internal
STO08659,2025-12-20,F01,F05,P035,19.0,EU to EU Internal
STO08660,2025-12-12,F01,F05,P037,27.0,EU to EU Internal
STO08661,2025-12-12,F01,F05,P038,14.0,EU to EU Internal
STO08662,2025-12-12,F01,F05,P039,57.0,EU to EU Internal
STO08663,2025-12-13,F01,F05,P041,8.0,EU to EU Internal
STO08664,2025-12-11,F01,F05,P042,10.0,EU to EU Internal
STO08665,2025-12-14,F01,F05,P043,28.0,EU to EU Internal
STO08666,2025-12-15,F01,F05,P044,24.0,EU to EU Internal
STO08667,2025-12-12,F01,F05,P045,22.0,EU to EU Internal
STO08668,2025-12-19,F01,F05,P046,60.0,EU to EU Internal
STO08669,2025-12-13,F01,F05,P047,10.0,EU to EU Internal
STO08670,2025-12-18,F01,F05,P048,26.0,EU to EU Internal
STO08671,2025-12-23,F01,F05,P049,1.0,EU to EU Internal
STO08672,2025-12-20,F01,F05,P050,48.0,EU to EU Internal
STO08673,2025-12-15,F01,F05,P051,30.0,EU to EU Internal
STO08674,2025-12-20,F01,F05,P052,16.0,EU to EU Internal
STO08675,2025-12-16,F01,F05,P055,5.0,EU to EU Internal
STO08676,2025-12-18,F01,F05,P056,20.0,EU to EU Internal
STO08677,2025-12-14,F01,F05,P057,67.0,EU to EU Internal
STO08678,2025-12-17,F01,F05,P059,70.0,EU to EU Internal
STO08679,2025-12-22,F01,F05,P061,41.0,EU to EU Internal
STO08680,2025-12-20,F01,F05,P062,10.0,EU to EU Internal
STO08681,2025-12-13,F01,F05,P063,21.0,EU to EU Internal
STO08682,2025-12-16,F01,F05,P064,12.0,EU to EU Internal
STO08683,2025-12-14,F01,F05,P065,36.0,EU to EU Internal
STO08684,2025-12-18,F01,F05,P067,14.0,EU to EU Internal
STO08685,2025-12-22,F01,F05,P069,46.0,EU to EU Internal
STO08686,2025-12-12,F01,F05,P070,107.0,EU to EU Internal
STO08687,2025-12-16,F01,F05,P071,20.0,EU to EU Internal
STO08688,2025-12-23,F01,F05,P072,14.0,EU to EU Internal
STO08689,2025-12-18,F01,F05,P073,25.0,EU to EU Internal
STO08690,2025-12-22,F01,F05,P076,20.0,EU to EU Internal
STO08691,2025-12-15,F01,F05,P077,31.0,EU to EU Internal
STO08692,2025-12-21,F01,F05,P079,32.0,EU to EU Internal
STO08693,2025-12-14,F01,F05,P080,17.0,EU to EU Internal
STO08694,2025-12-17,F01,F05,P081,56.0,EU to EU Internal
STO08695,2025-12-11,F01,F05,P083,16.0,EU to EU Internal
STO08696,2025-12-13,F01,F05,P084,29.0,EU to EU Internal
STO08697,2025-12-22,F01,F05,P086,29.0,EU to EU Internal
STO08698,2025-12-17,F01,F05,P087,72.0,EU to EU Internal
STO08699,2025-12-22,F01,F05,P088,30.0,EU to EU Internal
STO08700,2025-12-16,F01,F05,P089,39.0,EU to EU Internal
STO08701,2025-12-13,F01,F05,P090,8.0,EU to EU Internal
STO08702,2025-12-15,F01,F05,P091,17.0,EU to EU Internal
STO08703,2025-12-18,F01,F05,P092,43.0,EU to EU Internal
STO08704,2025-12-20,F01,F05,P093,79.0,EU to EU Internal
STO08705,2025-12-16,F01,F05,P094,18.0,EU to EU Internal
STO08706,2025-12-15,F01,F05,P095,9.0,EU to EU Internal
STO08707,2025-12-17,F01,F05,P096,28.0,EU to EU Internal
STO08708,2025-12-13,F01,F05,P097,31.0,EU to EU Internal
STO08709,2025-12-14,F01,F05,P099,4.0,EU to EU Internal
STO08710,2025-12-13,F01,F06,P001,42.0,EU to EU Internal
STO08711,2025-12-21,F01,F06,P002,32.0,EU to EU Internal
STO08712,2025-12-19,F01,F06,P003,4.0,EU to EU Internal
STO08713,2025-12-19,F01,F06,P004,104.0,EU to EU Internal
STO08714,2025-12-20,F01,F06,P005,123.0,EU to EU Internal
STO08715,2025-12-16,F01,F06,P006,22.0,EU to EU Internal
STO08716,2025-12-17,F01,F06,P007,31.0,EU to EU Internal
STO08717,2025-12-11,F01,F06,P008,51.0,EU to EU Internal
STO08718,2025-12-23,F01,F06,P009,59.0,EU to EU Internal
STO08719,2025-12-16,F01,F06,P010,70.0,EU to EU Internal
STO08720,2025-12-22,F01,F06,P011,79.0,EU to EU Internal
STO08721,2025-12-17,F01,F06,P012,35.0,EU to EU Internal
STO08722,2025-12-14,F01,F06,P013,22.0,EU to EU Internal
STO08723,2025-12-14,F01,F06,P014,43.0,EU to EU Internal
STO08724,2025-12-11,F01,F06,P015,34.0,EU to EU Internal
STO08725,2025-12-16,F01,F06,P016,63.0,EU to EU Internal
STO08726,2025-12-22,F01,F06,P017,60.0,EU to EU Internal
STO08727,2025-12-16,F01,F06,P018,51.0,EU to EU Internal
STO08728,2025-12-16,F01,F06,P019,53.0,EU to EU Internal
STO08729,2025-12-13,F01,F06,P020,93.0,EU to EU Internal
STO08730,2025-12-18,F01,F06,P021,48.0,EU to EU Internal
STO08731,2025-12-12,F01,F06,P022,64.0,EU to EU Internal
STO08732,2025-12-12,F01,F06,P023,129.0,EU to EU Internal
STO08733,2025-12-21,F01,F06,P024,23.0,EU to EU Internal
STO08734,2025-12-21,F01,F06,P025,55.0,EU to EU Internal
STO08735,2025-12-22,F01,F06,P026,8.0,EU to EU Internal
STO08736,2025-12-23,F01,F06,P027,77.0,EU to EU Internal
STO08737,2025-12-24,F01,F06,P028,56.0,EU to EU Internal
STO08738,2025-12-17,F01,F06,P029,48.0,EU to EU Internal
STO08739,2025-12-16,F01,F06,P030,38.0,EU to EU Internal
STO08740,2025-12-13,F01,F06,P031,139.0,EU to EU Internal
STO08741,2025-12-19,F01,F06,P032,54.0,EU to EU Internal
STO08742,2025-12-11,F01,F06,P033,61.0,EU to EU Internal
STO08743,2025-12-16,F01,F06,P034,51.0,EU to EU Internal
STO08744,2025-12-20,F01,F06,P035,19.0,EU to EU Internal
STO08745,2025-12-15,F01,F06,P036,27.0,EU to EU Internal
STO08746,2025-12-12,F01,F06,P037,56.0,EU to EU Internal
STO08747,2025-12-24,F01,F06,P038,38.0,EU to EU Internal
STO08748,2025-12-11,F01,F06,P039,51.0,EU to EU Internal
STO08749,2025-12-17,F01,F06,P040,42.0,EU to EU Internal
STO08750,2025-12-13,F01,F06,P041,44.0,EU to EU Internal
STO08751,2025-12-23,F01,F06,P042,43.0,EU to EU Internal
STO08752,2025-12-19,F01,F06,P043,23.0,EU to EU Internal
STO08753,2025-12-13,F01,F06,P044,67.0,EU to EU Internal
STO08754,2025-12-13,F01,F06,P045,82.0,EU to EU Internal
STO08755,2025-12-23,F01,F06,P046,102.0,EU to EU Internal
STO08756,2025-12-19,F01,F06,P047,52.0,EU to EU Internal
STO08757,2025-12-24,F01,F06,P048,91.0,EU to EU Internal
STO08758,2025-12-19,F01,F06,P049,34.0,EU to EU Internal
STO08759,2025-12-19,F01,F06,P050,138.0,EU to EU Internal
STO08760,2025-12-13,F01,F06,P051,113.0,EU to EU Internal
STO08761,2025-12-21,F01,F06,P052,66.0,EU to EU Internal
STO08762,2025-12-20,F01,F06,P053,20.0,EU to EU Internal
STO08763,2025-12-21,F01,F06,P054,16.0,EU to EU Internal
STO08764,2025-12-11,F01,F06,P055,36.0,EU to EU Internal
STO08765,2025-12-13,F01,F06,P056,15.0,EU to EU Internal
STO08766,2025-12-18,F01,F06,P057,45.0,EU to EU Internal
STO08767,2025-12-18,F01,F06,P058,82.0,EU to EU Internal
STO08768,2025-12-24,F01,F06,P059,57.0,EU to EU Internal
STO08769,2025-12-19,F01,F06,P060,34.0,EU to EU Internal
STO08770,2025-12-18,F01,F06,P061,62.0,EU to EU Internal
STO08771,2025-12-16,F01,F06,P062,38.0,EU to EU Internal
STO08772,2025-12-22,F01,F06,P063,107.0,EU to EU Internal
STO08773,2025-12-23,F01,F06,P064,73.0,EU to EU Internal
STO08774,2025-12-11,F01,F06,P065,41.0,EU to EU Internal
STO08775,2025-12-15,F01,F06,P066,8.0,EU to EU Internal
STO08776,2025-12-17,F01,F06,P067,33.0,EU to EU Internal
STO08777,2025-12-16,F01,F06,P068,39.0,EU to EU Internal
STO08778,2025-12-12,F01,F06,P069,29.0,EU to EU Internal
STO08779,2025-12-12,F01,F06,P070,67.0,EU to EU Internal
STO08780,2025-12-21,F01,F06,P071,35.0,EU to EU Internal
STO08781,2025-12-12,F01,F06,P072,58.0,EU to EU Internal
STO08782,2025-12-24,F01,F06,P073,98.0,EU to EU Internal
STO08783,2025-12-24,F01,F06,P074,57.0,EU to EU Internal
STO08784,2025-12-19,F01,F06,P075,30.0,EU to EU Internal
STO08785,2025-12-18,F01,F06,P076,98.0,EU to EU Internal
STO08786,2025-12-22,F01,F06,P077,135.0,EU to EU Internal
STO08787,2025-12-21,F01,F06,P078,13.0,EU to EU Internal
STO08788,2025-12-11,F01,F06,P079,47.0,EU to EU Internal
STO08789,2025-12-22,F01,F06,P080,35.0,EU to EU Internal
STO08790,2025-12-14,F01,F06,P081,174.0,EU to EU Internal
STO08791,2025-12-17,F01,F06,P082,62.0,EU to EU Internal
STO08792,2025-12-13,F01,F06,P083,43.0,EU to EU Internal
STO08793,2025-12-24,F01,F06,P084,21.0,EU to EU Internal
STO08794,2025-12-11,F01,F06,P085,50.0,EU to EU Internal
STO08795,2025-12-19,F01,F06,P086,87.0,EU to EU Internal
STO08796,2025-12-24,F01,F06,P087,108.0,EU to EU Internal
STO08797,2025-12-13,F01,F06,P088,79.0,EU to EU Internal
STO08798,2025-12-15,F01,F06,P089,67.0,EU to EU Internal
STO08799,2025-12-21,F01,F06,P090,41.0,EU to EU Internal
STO08800,2025-12-22,F01,F06,P091,19.0,EU to EU Internal
STO08801,2025-12-22,F01,F06,P092,66.0,EU to EU Internal
STO08802,2025-12-14,F01,F06,P093,116.0,EU to EU Internal
STO08803,2025-12-17,F01,F06,P094,87.0,EU to EU Internal
STO08804,2025-12-17,F01,F06,P095,35.0,EU to EU Internal
STO08805,2025-12-18,F01,F06,P096,40.0,EU to EU Internal
STO08806,2025-12-17,F01,F06,P097,194.0,EU to EU Internal
STO08807,2025-12-17,F01,F06,P098,71.0,EU to EU Internal
STO08808,2025-12-22,F01,F06,P099,38.0,EU to EU Internal
STO08809,2025-12-23,F01,F06,P100,89.0,EU to EU Internal
