FacilityType,SupplyChainFlow,ShipToParty,ShipToName,ABCClass,ParentName,ShipToCountry,Material,MaterialDescription,Commodity,ProductGroup,ProductOrigin,QuantityInMT,TotalSalesValue,TotalCOGS,GM,TotalStorageCostPerYear,TotalHandlingCost,TotalDemurrageCost,IOC,TotalTransportCost,CBM,SGA,CBMAI,EBITAI,Segment
Amsterdam - NL,EU to EU Direct,2003943,MILEI GMBH,B,MILEI GMBH,Germany,121179,ROKI WHEYFRAC LF ELUATE 500KG ACT,Whey,Whey Fractions,Lithuania,2151.54,1661449.6,1650193.8486312807,11255.751368719386,0,0,0,0,0,11255.751368719386,203087.46473857478,11255.751368719386,-191831.7133698554,Smart Serve
Amsterdam - NL,NZ Direct EU,2004201,INTERFOOD BV,A,Interfood,Netherlands,107766,AMF SMF42 210KG DRM,AMF,Anhydrous Milkfat,New Zealand,193.2,985320,985257.8448829121,62.15511708788108,0,0,0,0,0,62.15511708788108,18236.471637753726,62.15511708788108,-18174.316520665845,Semi Managed
Amsterdam - NL,NZ Direct EU,2004201,INTERFOOD BV,A,Interfood,Netherlands,115053,AMF K RU 25KG CTN FFMR,AMF,Anhydrous Milkfat,New Zealand,86.4,324000,326039.27745126927,-2039.2774512692704,0,0,0,0,0,-2039.2774512692704,8155.440732411604,-2039.2774512692704,-10194.718183680874,Semi Managed
Amsterdam - NL,NZ Direct EU,4016065,VDM BP FRANCE NEUVILLE,C,Vandemoortele,France,108046,Btr Lac Amx 25kgCTN,Butter,Butter-Lactic,New Zealand,22,121660,121660.96613007085,-0.9661300708539784,0,0,0,0,0,-0.9661300708539784,2076.616853160362,-0.9661300708539784,-2077.582983231216,Unknowned Segment
Daalimpex Harlingen - NL,EU to EU Direct,1051579,UHRENHOLT A/S,C,Uhrenholt,Denmark,121710,AWAR UHT CRM UHRENHOLT 12X1L CTN,Cons. UHT,UHT Cream,Netherlands,21.295,75000.43,56330.43403700469,18669.9959629953,285.66345176034395,168.37009776456134,0,684.7576409260796,0,18215.962413470395,2010.070722184087,17531.204772544315,15521.134050360228,Smart Serve
Daalimpex Harlingen - NL,EU to EU Direct,2002317,FONTERRA (EUROPE) COOPERATIE U,C,Fonterra,Netherlands,120436,AWAR UHT CRM EX WHIP ANC 12X1L CTN KR LM,Cons. UHT,UHT Cream,Netherlands,0.024,0,52.827605101422975,-52.827605101422975,0.2571355933860733,0.18975733018781274,0,0.4748260596052676,0,-53.27449802499686,2.2654002034476677,-53.74932408460213,-56.0147242880498,Fonterra
Daalimpex Harlingen - NL,EU to EU Direct,2002317,FONTERRA (EUROPE) COOPERATIE U,C,Fonterra,Netherlands,120994,AWAR UHT CRM CHF CLA CN 12X1L CTN,Cons. UHT,UHT Cream,Netherlands,0.218,0,479.85074633792533,-479.85074633792533,2.047522236755659,1.7236290825392988,0,2.8798077241238182,0,-483.62189765722025,20.577385181316316,-486.50170538134404,-507.0790905626603,Fonterra
Daalimpex Harlingen - NL,EU to EU Direct,2002317,FONTERRA (EUROPE) COOPERATIE U,C,Fonterra,Netherlands,121240,AWAR CUL CRM 12X1L,Cons. UHT,UHT Cream,Netherlands,0.012,0,26.413802550711488,-26.413802550711488,0.16097494346673524,0.09487866509390637,0,0.228431560927761,0,-26.669656159272126,1.1327001017238338,-26.898087720199886,-28.03078782192372,Fonterra
Daalimpex Harlingen - NL,EU to EU Direct,2002317,FONTERRA (EUROPE) COOPERATIE U,C,Fonterra,Netherlands,121333,AWAR UHT CRM EX YIELD LATAM 12X1L CTN,Cons. UHT,UHT Cream,Netherlands,0.012,0,26.413802550711488,-26.413802550711488,0.1099293146040708,0.09487866509390637,0,0.20050492930344763,0,-26.618610530409462,1.1327001017238338,-26.81911545971291,-27.951815561436746,Fonterra
Daalimpex Harlingen - NL,EU to EU Direct,2002317,FONTERRA (EUROPE) COOPERATIE U,C,Fonterra,Netherlands,121582,AWAR UHT CRM EX YIELD 12X1L CTN EU,Cons. UHT,UHT Cream,Netherlands,0.219,0,361.77173697688806,-361.77173697688806,2.9209227026585047,1.7315356379637912,0,11.707243469313648,0,-366.4241953175104,20.671776856459967,-378.13143878682405,-398.80321564328403,Fonterra
Daalimpex Harlingen - NL,EU to EU Direct,2002317,FONTERRA (EUROPE) COOPERATIE U,C,Fonterra,Netherlands,121628,AWAR UHT CRM CUL CRM EU 12X1L CTN,Cons. UHT,UHT Cream,Netherlands,0.036000000000000004,0,83.04401330922039,-83.04401330922039,0.48292483040020573,0.2846359952817191,0,4.705145931179146,0,-83.81157413490232,3.3981003051715017,-88.51672006608146,-91.91482037125296,Fonterra
Daalimpex Harlingen - NL,EU to EU Direct,2002317,FONTERRA (EUROPE) COOPERATIE U,C,Fonterra,Netherlands,121679,AWAR UHT CHF CLA EU 12X1L CTN,Cons. UHT,UHT Cream,Netherlands,0.084,0,209.35316609534814,-209.35316609534814,1.1268246042671468,0.6641506556573445,0,4.790890795867235,0,-211.14414135527264,7.928900712066837,-215.93503215113986,-223.8639328632067,Fonterra
Daalimpex Harlingen - NL,EU to EU Direct,2002317,FONTERRA (EUROPE) COOPERATIE U,C,Fonterra,Netherlands,121691,AWAR TR UHT CRM CHF CLA SAM 12X1L CTN,Cons. UHT,UHT Cream,Netherlands,0.012,0,8.306415550577446,-8.306415550577446,0.12856779669303664,0.09487866509390637,0,6.509455154712479,0,-8.52986201236439,1.1327001017238338,-15.03931716707687,-16.172017268800705,Fonterra
Daalimpex Harlingen - NL,EU to EU Direct,2002317,FONTERRA (EUROPE) COOPERATIE U,C,Fonterra,Netherlands,121719,TR AWAR UHT CRM EX WHIP SAM 12X1L CTN,Cons. UHT,UHT Cream,Netherlands,0.024,0,52.827605101422975,-52.827605101422975,0.2571355933860733,0.18975733018781274,0,30.62861698959925,0,-53.27449802499686,2.2654002034476677,-83.90311501459611,-86.16851521804378,Fonterra
Daalimpex Harlingen - NL,EU to EU Direct,2002317,FONTERRA (EUROPE) COOPERATIE U,C,Fonterra,Netherlands,121742,AWAR UHT CRM CHF CLA LATAM 12X1L CTN,Cons. UHT,UHT Cream,Netherlands,0.096,0,211.3104204056919,-211.3104204056919,0.9016611684795562,0.759029320751251,0,2.3331345734828117,0,-212.9711108949227,9.06160081379067,-215.30424546840553,-224.3658462821962,Fonterra
Daalimpex Harlingen - NL,EU to EU Direct,2002317,FONTERRA (EUROPE) COOPERATIE U,C,Fonterra,Netherlands,122064,AWAR UHT CKG CRM DESS 12X1L CTN,Cons. UHT,UHT Cream,Netherlands,0.204,0,449.03464336209527,-449.03464336209527,1.8984370532918362,1.612937306596408,0,1.2544618900984739,0,-452.5460177219835,19.255901729305176,-453.800479612082,-473.0563813413871,Fonterra
Daalimpex Harlingen - NL,EU to EU Direct,2002317,FONTERRA (EUROPE) COOPERATIE U,C,Fonterra,Netherlands,122070,AWAR UHT CRM CHF CLA CN AFP 12X1L CTN,Cons. UHT,UHT Cream,Netherlands,0.119,0,261.9368752945556,-261.9368752945556,1.1176841567611164,0.9408800955145713,0,2.900499756089211,0,-263.9954395468313,11.232609342094685,-266.8959393029205,-278.1285486450152,Fonterra
Daalimpex Harlingen - NL,EU to EU Direct,2002317,FONTERRA (EUROPE) COOPERATIE U,C,Fonterra,Netherlands,122338,AWAR UHT CKG CRM EX YIELD LATAM 12X1L,Cons. UHT,UHT Cream,Netherlands,0.012,0,26.413802550711488,-26.413802550711488,0.1099293146040708,0.09487866509390637,0,0.28470152703309015,0,-26.618610530409462,1.1327001017238338,-26.90331205744255,-28.036012159166386,Fonterra
Daalimpex Harlingen - NL,EU to EU Direct,2008455,FONTERRA (EUROPE) COOPERATIE U,C,Fonterra,Netherlands,120476,AWAR UHT CRM EX WHIP ANC 12X1L CTN SEA,Cons. UHT,UHT Cream,Netherlands,0.012,0,26.413802550711488,-26.413802550711488,0.12856779669303664,0.09487866509390637,0,2102.042154344455,0,-26.63724901249843,1.1327001017238338,-2128.6794033569536,-2129.8121034586775,Fonterra
Daalimpex Harlingen - NL,EU to EU Direct,2008455,FONTERRA (EUROPE) COOPERATIE U,C,Fonterra,Netherlands,120994,AWAR UHT CRM CHF CLA CN 12X1L CTN,Cons. UHT,UHT Cream,Netherlands,0.121,0,266.33917571967413,-266.33917571967413,1.1364687644377738,0.9566932063635558,0,1.598425388160468,0,-268.4323376904755,11.42139269238199,-270.03076307863597,-281.45215577101794,Fonterra
Daalimpex Harlingen - NL,EU to EU Direct,2008455,FONTERRA (EUROPE) COOPERATIE U,C,Fonterra,Netherlands,121036,AWAR UHT CRM EX YIELD EU 12X1L CTN,Cons. UHT,UHT Cream,Netherlands,0.012,0,26.413802550711488,-26.413802550711488,0.16005055904978108,0.09487866509390637,0,384.777989080076,0,-26.668731774855175,1.1327001017238338,-411.4467208549312,-412.57942095665504,Fonterra
Daalimpex Harlingen - NL,EU to EU Direct,2008455,FONTERRA (EUROPE) COOPERATIE U,C,Fonterra,Netherlands,121104,AWAR UHT CRM DESS 12X1L CTN,Cons. UHT,UHT Cream,Netherlands,0.157,0,71.67999456110095,-71.67999456110095,1.461052045915776,1.241329201645275,0,2.689075820008273,0,-74.382375808662,14.819492997553493,-77.07145162867027,-91.89094462622377,Fonterra
Daalimpex Harlingen - NL,EU to EU Direct,2008455,FONTERRA (EUROPE) COOPERATIE U,C,Fonterra,Netherlands,121156,AWAR UHT CRM EX YIELD SA 12X1L CTN,Cons. UHT,UHT Cream,Netherlands,0.012,0,26.413802550711488,-26.413802550711488,0.12801944322945086,0.09487866509390637,0,0.26517961938370194,0,-26.636700659034844,1.1327001017238338,-26.901880278418545,-28.03458038014238,Fonterra
Daalimpex Harlingen - NL,EU to EU Direct,2008455,FONTERRA (EUROPE) COOPERATIE U,C,Fonterra,Netherlands,121240,AWAR CUL CRM 12X1L,Cons. UHT,UHT Cream,Netherlands,0.048,0,105.65521020284595,-105.65521020284595,0.643899773866941,0.3795146603756255,0,0.913726243711044,0,-106.6786246370885,4.530800406895335,-107.59235088079954,-112.12315128769488,Fonterra
Daalimpex Harlingen - NL,EU to EU Direct,2008455,FONTERRA (EUROPE) COOPERATIE U,C,Fonterra,Netherlands,121250,AWAR UHT CRM EX YIELD MY 12X1L CTN,Cons. UHT,UHT Cream,Netherlands,0.012,0,4.787575683243289,-4.787575683243289,0.12801944322945086,0.09487866509390637,0,0.21176941878458957,0,-5.010473791566646,1.1327001017238338,-5.222243210351236,-6.354943312075069,Fonterra
Daalimpex Harlingen - NL,EU to EU Direct,2008455,FONTERRA (EUROPE) COOPERATIE U,C,Fonterra,Netherlands,121333,AWAR UHT CRM EX YIELD LATAM 12X1L CTN,Cons. UHT,UHT Cream,Netherlands,0.037,0,81.44255786469375,-81.44255786469375,0.3389487200292182,0.29254255070621127,0,0.6182235320189635,0,-82.07404913542919,3.492491980315154,-82.69227266744815,-86.1847646477633,Fonterra
Daalimpex Harlingen - NL,EU to EU Direct,2008455,FONTERRA (EUROPE) COOPERATIE U,C,Fonterra,Netherlands,121480,AWAR UHT CRM CHF CLA EU 12X1L CTN,Cons. UHT,UHT Cream,Netherlands,0.024,0,17.67120973756906,-17.67120973756906,0.3219498869334705,0.18975733018781274,0,3.4667376103525287,0,-18.182916954690345,2.2654002034476677,-21.649654565042873,-23.915054768490542,Fonterra
Daalimpex Harlingen - NL,EU to EU Direct,2008455,FONTERRA (EUROPE) COOPERATIE U,C,Fonterra,Netherlands,121582,AWAR UHT CRM EX YIELD 12X1L CTN EU,Cons. UHT,UHT Cream,Netherlands,0.097,0,169.97487622447335,-169.97487622447335,1.2937420189857305,0.7669358761757431,0,5.185400075449424,0,-172.03555411963484,9.155992488934324,-177.22095419508426,-186.37694668401858,Fonterra
Daalimpex Harlingen - NL,EU to EU Direct,2008455,FONTERRA (EUROPE) COOPERATIE U,C,Fonterra,Netherlands,121628,AWAR UHT CRM CUL CRM EU 12X1L CTN,Cons. UHT,UHT Cream,Netherlands,0.048,0,119.22926611700294,-119.22926611700294,0.643899773866941,0.3795146603756255,0,6.2735279082388615,0,-120.25268055124549,4.530800406895335,-126.52620845948435,-131.05700886637968,Fonterra
Daalimpex Harlingen - NL,EU to EU Direct,2008455,FONTERRA (EUROPE) COOPERATIE U,C,Fonterra,Netherlands,121679,AWAR UHT CHF CLA EU 12X1L CTN,Cons. UHT,UHT Cream,Netherlands,0.096,0,227.6584607432683,-227.6584607432683,1.287799547733882,0.759029320751251,0,5.475303766705411,0,-229.70528961175341,9.06160081379067,-235.18059337845884,-244.2421941922495,Fonterra
Daalimpex Harlingen - NL,EU to EU Direct,2008455,FONTERRA (EUROPE) COOPERATIE U,C,Fonterra,Netherlands,121685,AWAR UHT CRM CHF CLA MDE 12X1L CTN,Cons. UHT,UHT Cream,Netherlands,0.012,0,26.413802550711488,-26.413802550711488,0.11270764605994453,0.09487866509390637,0,0.30820539103989597,0,-26.621388861865338,1.1327001017238338,-26.929594252905233,-28.062294354629067,Fonterra
Daalimpex Harlingen - NL,EU to EU Direct,2008455,FONTERRA (EUROPE) COOPERATIE U,C,Fonterra,Netherlands,121691,AWAR TR UHT CRM CHF CLA SAM 12X1L CTN,Cons. UHT,UHT Cream,Netherlands,0.012,0,8.673673748362477,-8.673673748362477,0.12856779669303664,0.09487866509390637,0,6.509455154712479,0,-8.89712021014942,1.1327001017238338,-15.4065753648619,-16.539275466585735,Fonterra
Daalimpex Harlingen - NL,EU to EU Direct,2008455,FONTERRA (EUROPE) COOPERATIE U,C,Fonterra,Netherlands,121694,AWAR TR UHT CRM EX YIELD SAM 12X1L CTN,Cons. UHT,UHT Cream,Netherlands,0.086,0,189.298918280099,-189.298918280099,0.9214025429667626,0.6799637665063288,0,25.026019671504635,0,-190.9002845895721,8.117684062354142,-215.92630426107672,-224.04398832343085,Fonterra
Daalimpex Harlingen - NL,EU to EU Direct,2008455,FONTERRA (EUROPE) COOPERATIE U,C,Fonterra,Netherlands,121710,AWAR UHT CRM UHRENHOLT 12X1L CTN,Cons. UHT,UHT Cream,Netherlands,0.012,0,33.675932803086674,-33.675932803086674,0.16097494346673524,0.09487866509390637,0,0.3858695323368375,0,-33.931786411647316,1.1327001017238338,-34.31765594398416,-35.45035604570799,Fonterra
Daalimpex Harlingen - NL,EU to EU Direct,2008455,FONTERRA (EUROPE) COOPERATIE U,C,Fonterra,Netherlands,121719,TR AWAR UHT CRM EX WHIP SAM 12X1L CTN,Cons. UHT,UHT Cream,Netherlands,0.157,0,345.58058337180864,-345.58058337180864,1.6820953400672296,1.241329201645275,0,200.36220280696176,0,-348.50400791352115,14.819492997553493,-548.866210720483,-563.6857037180365,Fonterra
Daalimpex Harlingen - NL,EU to EU Direct,2008455,FONTERRA (EUROPE) COOPERATIE U,C,Fonterra,Netherlands,121742,AWAR UHT CRM CHF CLA LATAM 12X1L CTN,Cons. UHT,UHT Cream,Netherlands,0.012,0,26.413802550711488,-26.413802550711488,0.11270764605994453,0.09487866509390637,0,0.29164182168535147,0,-26.621388861865338,1.1327001017238338,-26.91303068355069,-28.045730785274525,Fonterra
Daalimpex Harlingen - NL,EU to EU Direct,2008455,FONTERRA (EUROPE) COOPERATIE U,C,Fonterra,Netherlands,122034,AWAR UHT CRM CHF CLA E-MART 12X1L CTN,Cons. UHT,UHT Cream,Netherlands,0.024,0,52.827605101422975,-52.827605101422975,0.22541529211988906,0.18975733018781274,0,0.8569382904113529,0,-53.242777723730676,2.2654002034476677,-54.099716014142025,-56.365116217589694,Fonterra
Daalimpex Harlingen - NL,EU to EU Direct,2008455,FONTERRA (EUROPE) COOPERATIE U,C,Fonterra,Netherlands,122064,AWAR UHT CKG CRM DESS 12X1L CTN,Cons. UHT,UHT Cream,Netherlands,0.08399999999999999,0,184.8966178549804,-184.8966178549804,0.7817093748848738,0.6641506556573444,0,0.5165431312170187,0,-186.34247788552264,7.928900712066836,-186.85902101673966,-194.7879217288065,Fonterra
Daalimpex Harlingen - NL,EU to EU Direct,2008455,FONTERRA (EUROPE) COOPERATIE U,C,Fonterra,Netherlands,122070,AWAR UHT CRM CHF CLA CN AFP 12X1L CTN,Cons. UHT,UHT Cream,Netherlands,0.012,0,26.413802550711488,-26.413802550711488,0.11270764605994453,0.09487866509390637,0,0.2924873703619373,0,-26.621388861865338,1.1327001017238338,-26.913876232227274,-28.04657633395111,Fonterra
Daalimpex Harlingen - NL,EU to EU Direct,2008455,FONTERRA (EUROPE) COOPERATIE U,C,Fonterra,Netherlands,122324,AWAR UHT CRM CHF CLA SEA 12X1L,Cons. UHT,UHT Cream,Netherlands,0.119,0,261.9368752945556,-261.9368752945556,1.2770678848360995,0.9408800955145713,0,3.126377604915061,0,-264.1548232749062,11.232609342094685,-267.28120087982126,-278.51381022191595,Fonterra
Daalimpex Harlingen - NL,EU to EU Direct,4011539,FAYREFIELD FOODS A/S,A,Fayrefield,Denmark,121017,AWAR TR UHT CRM 38%F 12X1L,Cons. UHT,UHT Cream,Netherlands,17.501,13299.24,13299.54213860263,-0.30213860263029346,187.5054174937362,138.37262648403794,0,1854.6299073659661,0,-326.18018258040445,1651.948706689068,-2180.8100899463707,-3832.7587966354386,Semi Managed
Daalimpex Harlingen - NL,EU to EU Direct,4011539,FAYREFIELD FOODS A/S,A,Fayrefield,Denmark,121037,AWAR UHT CRM 12%F 12X1L CTN CARRAGEENAN,Cons. UHT,UHT Cream,Netherlands,11.684,2805.24,2795.6660678831427,9.573932116857122,109.73967804703264,92.38019357976681,0,1236.4199382439774,0,-192.54593950994234,1102.8723323784395,-1428.9658777539198,-2531.8382101323596,Semi Managed
Daalimpex Harlingen - NL,EU to EU Direct,4011539,FAYREFIELD FOODS A/S,A,Fayrefield,Denmark,121104,AWAR UHT CRM DESS 12X1L CTN,Cons. UHT,UHT Cream,Netherlands,41.839,18606.28,19054.79364319949,-448.5136431994906,389.35641114057427,330.80237240532904,0,716.6130142250074,0,-1168.6724267453938,3949.2532963352905,-1885.2854409704012,-5834.538737305692,Semi Managed
Daalimpex Harlingen - NL,EU to EU Direct,4011539,FAYREFIELD FOODS A/S,A,Fayrefield,Denmark,121250,AWAR UHT CRM EX YIELD MY 12X1L CTN,Cons. UHT,UHT Cream,Netherlands,0.622,247.35,247.86360971920203,-0.5136097192020372,6.635674474059869,4.917877474034146,0,10.976714873667893,0,-12.067161667296052,58.71162193935205,-23.043876540963943,-81.75549848031599,Semi Managed
Daalimpex Harlingen - NL,EU to EU Direct,4011539,FAYREFIELD FOODS A/S,A,Fayrefield,Denmark,121480,AWAR UHT CRM CHF CLA EU 12X1L CTN,Cons. UHT,UHT Cream,Netherlands,0.8,559.68,559.6691010816859,0.010898918314069306,10.73166289778235,6.325244339593758,0,115.5579203450843,0,-17.04600831906204,75.51334011492226,-132.60392866414634,-208.11726877906858,Semi Managed
Daalimpex Harlingen - NL,EU to EU Direct,4011539,FAYREFIELD FOODS A/S,A,Fayrefield,Denmark,121582,AWAR UHT CRM EX YIELD 12X1L CTN EU,Cons. UHT,UHT Cream,Netherlands,5.266,2095.2,2095.1496232748973,0.05037672510252378,70.23552032967893,41.63592086537591,0,281.5084205908935,0,-111.82106446995232,497.06656130647576,-393.3294850608458,-890.3960463673216,Semi Managed
Daalimpex Harlingen - NL,EU to EU Direct,4011539,FAYREFIELD FOODS A/S,A,Fayrefield,Denmark,121628,AWAR UHT CRM CUL CRM EU 12X1L CTN,Cons. UHT,UHT Cream,Netherlands,11.332,7928.8,7928.9861019192585,-0.1861019192583626,152.014004947087,89.59708607034558,0,1481.0753803367245,0,-241.79719293669092,1069.6464627278738,-1722.8725732734154,-2792.5190360012894,Semi Managed
Daalimpex Harlingen - NL,EU to EU Direct,4011539,FAYREFIELD FOODS A/S,A,Fayrefield,Denmark,121672,AWAR TR UHT CRM CHF CLA STG2 12X1L CTN,Cons. UHT,UHT Cream,Netherlands,2.351,1645.12,1645.157171220573,-0.03717122057310007,25.18857416877743,18.588311802981156,0,253.95347279285016,0,-43.81405719233169,221.91482826272778,-297.76752998518185,-519.6823582479096,Semi Managed
Daalimpex Harlingen - NL,EU to EU Direct,4011539,FAYREFIELD FOODS A/S,A,Fayrefield,Denmark,121691,AWAR TR UHT CRM CHF CLA SAM 12X1L CTN,Cons. UHT,UHT Cream,Netherlands,0.194,135.68,135.68331284863385,-0.003312848633839849,2.0785127132040926,1.5338717523514862,0,105.23619166785176,0,-3.6156973141894184,18.311984977868647,-108.85188898204117,-127.16387395990982,Semi Managed
Daalimpex Harlingen - NL,EU to EU Direct,4012998,EURODELICES,C,Eurodelices,France,121568,AWAR UHT CRM EURODELICES 12X1L CTN,Cons. UHT,UHT Cream,Netherlands,164.579,529815.26,425789.3100540543,104025.9499459457,2207.7579350676515,1301.2529852075015,0,4048.834963967449,0,100516.93902567055,15534.887503467238,96468.10406170311,80933.21655823587,Smart Serve
Daalimpex Harlingen - NL,EU to EU Direct,4012998,EURODELICES,C,Eurodelices,France,121604,AWAR UHT CRM MA EURODELICES 12X1L CTN,Cons. UHT,UHT Cream,Netherlands,22.458,62853.76,62537.47137931035,316.288620689651,301.264606697995,177.56542172324575,0,124.61921479890671,0,-162.54140773158977,2119.848240376155,-287.1606225304965,-2407.0088629066513,Smart Serve
Daalimpex Harlingen - NL,EU to EU Direct,4013006,BIDFOOD SLOVAKIA S. R. O.,C,Bidfood,Slovakia,121582,AWAR UHT CRM EX YIELD 12X1L CTN EU,Cons. UHT,UHT Cream,Netherlands,30.718,58078.08,56460.47031228932,1617.609687710683,409.7027560742646,242.8735695295513,0,1642.114634202633,5902.638711857843,-4937.6053497509765,2899.523477062727,-6579.71998395361,-9479.243461016336,Semi Managed
Daalimpex Harlingen - NL,EU to EU Direct,4013006,BIDFOOD SLOVAKIA S. R. O.,C,Bidfood,Slovakia,121679,AWAR UHT CHF CLA EU 12X1L CTN,Cons. UHT,UHT Cream,Netherlands,74.174,202331.52,189407.80884158498,12923.711158415012,995.0129547251349,586.4608420562843,0,4230.470641579242,14516.661288142157,-3174.4239265085635,7001.408112105304,-7404.894568087805,-14406.302680193108,Semi Managed
Daalimpex Harlingen - NL,EU to EU Direct,4013070,HARVESTER STOCK SRL,C,Harvester Stock,Romania,121582,AWAR UHT CRM EX YIELD 12X1L CTN EU,Cons. UHT,UHT Cream,Netherlands,14.043,25349.760000000002,22790.12128761678,2559.638712383221,187.2991667280063,111.03175782614392,0,750.7069408199615,0,2261.307787829071,1325.5422940423166,1510.6008470091097,185.05855296679306,Smart Serve
Daalimpex Harlingen - NL,EU to EU Direct,4013070,HARVESTER STOCK SRL,C,Harvester Stock,Romania,121679,AWAR UHT CHF CLA EU 12X1L CTN,Cons. UHT,UHT Cream,Netherlands,319.386,809369.28,755921.0084812937,53448.271518706344,4284.428607838892,2525.243110806865,0,18215.993425343484,0,46638.59980006059,30147.3795574307,28422.606374717107,-1724.773182713594,Smart Serve
Daalimpex Harlingen - NL,EU to EU Direct,4013088,BIDFOOD SLOVAKIA S.R.O.,C,Bidfood,Slovakia,121582,AWAR UHT CRM EX YIELD 12X1L CTN EU,Cons. UHT,UHT Cream,Netherlands,12.286,23742.72,22581.982494198404,1160.7375058015969,163.86509737380084,97.13993994531113,0,656.7817044017693,3107.3668266126024,-2207.6343581301176,1159.6961208149185,-2864.416062531887,-4024.112183346805,Semi Managed
Daalimpex Harlingen - NL,EU to EU Direct,4013088,BIDFOOD SLOVAKIA S.R.O.,C,Bidfood,Slovakia,121679,AWAR UHT CHF CLA EU 12X1L CTN,Cons. UHT,UHT Cream,Netherlands,10.471,28771.2,26738.333733926127,2032.8662660738737,140.4640527533487,82.7895418498578,0,597.2073514705454,2607.633173387398,-798.0205019167311,988.3752304291886,-1395.2278533872764,-2383.603083816465,Semi Managed
Daalimpex Harlingen - NL,EU to EU Direct,4013290,PIER 7 FOODS IMPORT GMBH,C,Bidfood,Germany,121582,AWAR UHT CRM EX YIELD 12X1L CTN EU,Cons. UHT,UHT Cream,Netherlands,32.475,60678.72,57053.86934423198,3624.850655768023,433.13682542847005,256.7653874103841,0,1736.0398706208252,7603.995368402367,-4669.046925473198,3065.3696502901253,-6405.086796094023,-9470.456446384149,Semi Managed
Daalimpex Harlingen - NL,EU to EU Direct,4013290,PIER 7 FOODS IMPORT GMBH,C,Bidfood,Germany,121628,AWAR UHT CRM CUL CRM EU 12X1L CTN,Cons. UHT,UHT Cream,Netherlands,22.46,56997.24,53408.78901389393,3588.450986106065,301.29143585523946,177.58123483409474,0,2935.488267063434,4466.57269507971,-1356.9943796629786,2120.0370237264424,-4292.482646726412,-6412.519670452854,Semi Managed
Daalimpex Harlingen - NL,EU to EU Direct,4013290,PIER 7 FOODS IMPORT GMBH,C,Bidfood,Germany,121679,AWAR UHT CHF CLA EU 12X1L CTN,Cons. UHT,UHT Cream,Netherlands,2.6189999999999998,7490.879999999999,6784.679574840338,706.2004251596609,35.132781411614964,20.70726865674506,0,149.373130885432,552.3519365179243,98.00843857337657,247.21179720122672,-51.36469231205544,-298.5764895132821,Semi Managed
Daalimpex Harlingen - NL,EU to EU Direct,4014042,DAC. S.P. A,C,DAC,Italy,121582,AWAR UHT CRM EX YIELD 12X1L CTN EU,Cons. UHT,UHT Cream,Netherlands,33.645,63829.44,62924.92541712095,904.5145828790555,448.7417549358237,266.01605725703996,0,1798.585417922638,7621.466369488653,-7431.709598802461,3175.8079102081992,-9230.2950167251,-12406.1029269333,Smart Serve
Daalimpex Harlingen - NL,EU to EU Direct,4014042,DAC. S.P. A,C,DAC,Italy,121679,AWAR UHT CHF CLA EU 12X1L CTN,Cons. UHT,UHT Cream,Netherlands,11.347,31190.4,29620.727744443913,1569.6722555560882,152.2152236264204,89.71568440171295,0,647.1694983417323,2924.6936305113486,-1596.9522829833936,1071.0623378550285,-2244.121781325126,-3315.1841191801545,Smart Serve
Daalimpex Harlingen - NL,EU to EU Direct,4014145,BIDFOOD FLANDERS,C,Bidfood,Belgium,121582,AWAR UHT CRM EX YIELD 12X1L CTN EU,Cons. UHT,UHT Cream,Netherlands,30.715999999999998,56963.520000000004,55076.328976742334,1887.1910232576702,409.67608098108957,242.8577564187023,0,1642.0077187371598,3257.142551499408,-2022.4853656415298,2899.3346937124397,-3664.4930843786897,-6563.827778091129,Semi Managed
Daalimpex Harlingen - NL,EU to EU Direct,4014145,BIDFOOD FLANDERS,C,Bidfood,Belgium,121679,AWAR UHT CHF CLA EU 12X1L CTN,Cons. UHT,UHT Cream,Netherlands,12.863,34410.6,32434.145297139527,1976.454702860472,172.55172481771794,101.70202242524311,0,733.6336703242886,1531.747448500592,170.4535071169189,1214.160117372806,-563.1801632073697,-1777.3402805801757,Semi Managed
Daalimpex Harlingen - NL,EU to EU Direct,4014147,BIDFOOD BELGIUM,C,Bidfood,Belgium,121582,AWAR UHT CRM EX YIELD 12X1L CTN EU,Cons. UHT,UHT Cream,Netherlands,62.315,116337.6,110569.75669349074,5767.843306509269,831.1292155989257,492.6970012772312,0,3331.2186154807305,4162.086170597908,281.93091903520417,5882.017236576725,-3049.2876964455263,-8931.304933022251,Semi Managed
Daalimpex Harlingen - NL,EU to EU Direct,4014147,BIDFOOD BELGIUM,C,Bidfood,Belgium,121679,AWAR UHT CHF CLA EU 12X1L CTN,Cons. UHT,UHT Cream,Netherlands,15.707,42180.48,39937.81610826051,2242.6638917394957,210.7027864193342,124.18826605249895,0,895.8395444129363,1200.8238294020925,706.9490098655701,1482.6100414813548,-188.8905345473662,-1671.5005760287208,Semi Managed
Daalimpex Harlingen - NL,EU to EU Direct,4014225,BIDFOOD MAKADY,C,Bidfood,Belgium,121582,AWAR UHT CRM EX YIELD 12X1L CTN EU,Cons. UHT,UHT Cream,Netherlands,30.72,56514.240000000005,53884.77813710344,2629.461862896562,409.72943116743954,242.88938264040027,0,1642.2215496681063,2767.2556355171646,-790.4125864284426,2899.712260413015,-2432.634136096549,-5332.346396509563,Semi Managed
Daalimpex Harlingen - NL,EU to EU Direct,4014225,BIDFOOD MAKADY,C,Bidfood,Belgium,121628,AWAR UHT CRM CUL CRM EU 12X1L CTN,Cons. UHT,UHT Cream,Netherlands,0.024,0,55.96443402665515,-55.96443402665515,0.3219498869334705,0.18975733018781274,0,3.1367639541194308,169.93,-226.40614124377643,2.2654002034476677,-229.54290519789586,-231.80830540134352,Semi Managed
Daalimpex Harlingen - NL,EU to EU Direct,4014225,BIDFOOD MAKADY,C,Bidfood,Belgium,121679,AWAR UHT CHF CLA EU 12X1L CTN,Cons. UHT,UHT Cream,Netherlands,10.473,28028.16,25852.695719900497,2175.4642800995025,140.49088191059317,82.80535496070678,0,597.3214202990184,917.1543644828347,1035.013678745368,988.564013779476,437.69225844634957,-550.8717553331264,Semi Managed
Daalimpex Harlingen - NL,EU to EU Direct,4014302,GELATO & BAKERY EXPERTS SA,C,Gelato & Bakery Experts,Greece,121679,AWAR UHT CHF CLA EU 12X1L CTN,Cons. UHT,UHT Cream,Netherlands,220.78,586621.44,516254.5867477213,70366.85325227864,2961.6706682154836,1745.609306619387,0,12592.057975137715,0,65659.57327744376,20839.79403821567,53067.51530230605,32227.721264090378,Smart Serve
Daalimpex Harlingen - NL,EU to EU Direct,4014617,B&S PURCHASE B.V.,C,B&S Purchase,Netherlands,121582,AWAR UHT CRM EX YIELD 12X1L CTN EU,Cons. UHT,UHT Cream,Netherlands,27.207,51857.28,48028.09144513638,3829.18855486362,362.87463000561615,215.1136534341592,0,1454.4245345644586,1094.362740367603,2156.8375310562415,2568.114305633362,702.4129964917829,-1865.7013091415793,Smart Serve
Daalimpex Harlingen - NL,EU to EU Direct,4014617,B&S PURCHASE B.V.,C,B&S Purchase,Netherlands,121679,AWAR UHT CHF CLA EU 12X1L CTN,Cons. UHT,UHT Cream,Netherlands,138.66400000000002,377824.2,341724.0576792908,36100.14232070919,1860.1191300726148,1096.354601381786,0,7908.620015692075,3450.4972596323973,29693.171329622393,13088.727242119474,21784.55131393032,8695.824071810845,Smart Serve
Daalimpex Harlingen - NL,EU to EU Direct,4014720,UHRENHOLT A/S,C,Uhrenholt,Netherlands,121710,AWAR UHT CRM UHRENHOLT 12X1L CTN,Cons. UHT,UHT Cream,Netherlands,89.107,299664.29,235709.60252338,63954.68747661999,1195.332857290865,704.5294342102262,0,2865.3063681615486,0,62054.8251851189,8410.958997025471,59189.51881695735,50778.55981993188,Smart Serve
Daalimpex Harlingen - NL,EU to EU Direct,4014763,ACCOM CZECH A.S.,C,Accom Holdings,Czech Republic,121582,AWAR UHT CRM EX YIELD 12X1L CTN EU,Cons. UHT,UHT Cream,Netherlands,5.266,10679.04,9944.714630668752,734.325369331249,70.23552032967893,41.63592086537591,0,281.5084205908935,1195.5996940809534,-573.1457659447592,497.06656130647576,-854.6541865356527,-1351.7207478421285,Smart Serve
Daalimpex Harlingen - NL,EU to EU Direct,4014763,ACCOM CZECH A.S.,C,Accom Holdings,Czech Republic,121679,AWAR UHT CHF CLA EU 12X1L CTN,Cons. UHT,UHT Cream,Netherlands,44.509,126829.44,113569.66354315152,13259.776456848485,597.0694798967432,351.9128753887232,0,2538.5447432530327,10644.400305919047,1666.3937956439713,4201.279068968844,-872.1509476090614,-5073.430016577905,Smart Serve
Daalimpex Harlingen - NL,EU to EU Direct,4014808,IREKS AROMA D.O.O.,C,Ireks Aroma,Croatia,121582,AWAR UHT CRM EX YIELD 12X1L CTN EU,Cons. UHT,UHT Cream,Netherlands,13.530999999999999,24552,23168.483990660156,1383.5160093398445,180.47034287521564,106.9836014488039,0,723.3365816588264,0,1096.0620650158248,1277.213756368766,372.72548335699844,-904.4882730117677,Smart Serve
Daalimpex Harlingen - NL,EU to EU Direct,4014808,IREKS AROMA D.O.O.,C,Ireks Aroma,Croatia,121679,AWAR UHT CHF CLA EU 12X1L CTN,Cons. UHT,UHT Cream,Netherlands,47.559,118437.12,109012.93781073627,9424.182189263724,637.9839446945385,376.02786943342437,0,2712.4997066744027,0,8410.17037513576,4489.173678156984,5697.670668461357,1208.496990304373,Smart Serve
Daalimpex Harlingen - NL,EU to EU Direct,4015372,ACCOM SLOVAKIA S.R.O,C,Accom Holdings,Slovakia,121582,AWAR UHT CRM EX YIELD 12X1L CTN EU,Cons. UHT,UHT Cream,Netherlands,0.878,1710.72,1660.9688840037416,49.75111599625848,11.710365903808983,6.9419556627041485,0,46.935889342727776,233.2284918542803,-202.12969742453495,82.87589077612718,-249.06558676726274,-331.9414775433899,Smart Serve
Daalimpex Harlingen - NL,EU to EU Direct,4015372,ACCOM SLOVAKIA S.R.O,C,Accom Holdings,Slovakia,121679,AWAR UHT CHF CLA EU 12X1L CTN,Cons. UHT,UHT Cream,Netherlands,13.964,40055.04,36241.77712636009,3813.262873639913,187.32117588079092,110.40713994760904,0,796.4285603986913,4055.69150814572,-540.1569503342071,1318.085351705968,-1336.5855107328985,-2654.6708624388666,Smart Serve
Jonker & Sternmaid,NZ Indirect,2004051,FRIESLANDCAMPINA KIEVIT,A,FrieslandCampina,Netherlands,109286,STNMD ACAS 741 MIN 30M HAL/K 950KG BBG,Casein,Acid Casein,Germany,174.8,2423830,2487736.516610918,-63906.5166109181,5221.788593774043,9303.439956666301,4541.423283988653,81806.07416023787,7190.25,-90163.41844534711,16499.664815110515,-171969.49260558496,-188469.15742069547,FrieslandCampina
Jonker & Sternmaid,NZ Indirect,4013670,VAN LINDENBERG C/O JONKER & SC,B,Van Lindenberg Trading,Netherlands,100714,MPC85 4851 LL K ABT 20KG PPK,MPC,Milk Protein Concentrate >=80%,New Zealand,0.02,68,75.57885406048487,-7.578854060484872,1.6075367476890738,1.064466814263879,0.5196136480536215,106166.69379941827,0,-10.770471270491447,1.8878335028730564,-106177.46427068875,-106179.35210419162,Semi Managed
Jonker & Sternmaid,NZ Indirect,4013670,VAN LINDENBERG C/O JONKER & SC,B,Van Lindenberg Trading,Netherlands,104504,NACTE 1808 20% R150UM ABT 20KG MBG,Caseinate,Sodium Caseinate,New Zealand,0.02,68,54.1118342378806,13.8881657621194,1.377888640876349,1.064466814263879,0.5196136480536215,144.3301765962007,0,10.92619665892555,1.8878335028730564,-133.40397993727512,-135.2918134401482,Semi Managed
Jonker & Sternmaid,NZ Indirect,4013670,VAN LINDENBERG C/O JONKER & SC,B,Van Lindenberg Trading,Netherlands,109646,MPC85 4861 CWS K US ABT 20KG PPK,MPC,Milk Protein Concentrate >=80%,New Zealand,0.22,748,621.6886624965506,126.31133750344941,17.68290422457981,11.709134956902668,5.7157501285898364,34808.60096997337,0,91.20354819337709,20.766168531603622,-34717.39742177999,-34738.1635903116,Semi Managed
Jonker & Sternmaid,NZ Indirect,4013670,VAN LINDENBERG C/O JONKER & SC,B,Van Lindenberg Trading,Netherlands,110170,CaCte 3808 Sstab ABT 20kg MBG,Caseinate,Calcium Caseinate,New Zealand,0.14,476,397.37467114340916,78.62532885659084,13.503308680588221,7.451267699847152,3.6372955363753507,27975.00810566951,0,54.03345693978012,13.214834520111395,-27920.974648729727,-27934.18948324984,Semi Managed
Jonker & Sternmaid,NZ Indirect,4013670,VAN LINDENBERG C/O JONKER & SC,B,Van Lindenberg Trading,Netherlands,114574,MPC70 4703 LH K ABT 20KG MBG,MPC,Milk Protein Concentrate 70,New Zealand,0.12,408,247.81676478704816,160.18323521295184,11.574264583361332,6.3868008855832725,3.117681888321729,558.1237054134832,0,139.1044878556855,11.327001017238338,-419.0192175577977,-430.346218575036,Semi Managed
Jonker & Sternmaid,NZ Indirect,4013670,VAN LINDENBERG C/O JONKER & SC,B,Van Lindenberg Trading,Netherlands,122439,J&S MPC85 4854 NES 550KG BBG,MPC,Milk Protein Concentrate >=80%,Netherlands,3.635,12359,11133.179735074971,1225.8202649250288,382.4768341865312,193.46684349245996,94.4397805337457,299.04442378567114,0,555.4368067122919,343.11373914717797,256.3923829266207,-86.72135622055725,Semi Managed
Jonker & Sternmaid,NZ Indirect,4013670,VAN LINDENBERG C/O JONKER & SC,B,Van Lindenberg Trading,Netherlands,122468,J&S MPC85 4882 NES 620KG BBG,MPC,Milk Protein Concentrate >=80%,Netherlands,0.454,1543.6,1393.6041256554138,149.99587434458613,42.37674291004875,24.163396683790047,11.795229810817208,68.0461745616882,0,71.66050493993012,42.85382051521838,3.6143303782419167,-39.239490136976464,Semi Managed
Jonker & Sternmaid,NZ Indirect,4013670,VAN LINDENBERG C/O JONKER & SC,B,Van Lindenberg Trading,Netherlands,122478,J&S WPC80 CHS 550 625KG BBG,WPC,WPC 80% (Cheese),Netherlands,1.758,5625.6,4530.844195566186,1094.7558044338148,162.78045710039376,93.56663297379495,45.674039663913334,1567.1238920035555,0,792.7346746957128,165.94056490254167,-774.3892173078427,-940.3297822103843,Semi Managed
Jonker & Sternmaid,NZ Indirect,4013670,VAN LINDENBERG C/O JONKER & SC,B,Van Lindenberg Trading,Netherlands,122491,J&S WPC80 CHS 550 NES 625KG BBG,WPC,WPC 80% (Cheese),Netherlands,1.525,4880,3719.7555376690284,1160.2444623309716,141.20602791700824,81.16559458762076,39.62054066408864,135.443814949794,0,898.2522991622541,143.94730459407054,762.8084842124601,618.8611796183895,Semi Managed
Jonker & Sternmaid,NZ Indirect,4013679,VAN DALEN C/O JONKER & SCHUT B,C,Van Dalen Dairy Trading,Netherlands,109646,MPC85 4861 CWS K US ABT 20KG PPK,MPC,Milk Protein Concentrate >=80%,New Zealand,0.08,400,255.9716950080636,144.0283049919364,3.15325398174761,4.257867257055516,2.078454592214486,40741.48659995143,74.1,60.4387291609188,7.551334011492226,-40681.04787079051,-40688.599204802005,Smart Serve
Jonker & Sternmaid,NZ Indirect,4013679,VAN DALEN C/O JONKER & SCHUT B,C,Van Dalen Dairy Trading,Netherlands,110170,CaCte 3808 Sstab ABT 20kg MBG,Caseinate,Calcium Caseinate,New Zealand,0.26,1300,907.2833752307345,392.71662476926554,12.297690528815679,13.838068585430426,6.7549774246970795,48497.849232321445,241.66999999999996,118.15588823032238,24.541835537349733,-48379.69334409112,-48404.23517962847,Smart Serve
Jonker & Sternmaid,NZ Indirect,4013679,VAN DALEN C/O JONKER & SCHUT B,C,Van Dalen Dairy Trading,Netherlands,115211,STNMD MPC85 4851 500KG BBG,MPC,Milk Protein Concentrate >=80%,Germany,9,45500,62844.842440966,-17344.842440966,510.8271450431128,479.0100664187455,233.8261416241297,1703.4882464052446,483.33,-19051.83579405199,849.5250762928754,-20755.324040457235,-21604.849116750112,Smart Serve
Jonker & Sternmaid,NZ Indirect,4013679,VAN DALEN C/O JONKER & SCHUT B,C,Van Dalen Dairy Trading,Netherlands,116420,STNMD MPC85 4854 LOSRC NES 550KG BBG,MPC,Milk Protein Concentrate >=80%,Germany,0.55,2750,1031.087859514687,1718.912140485313,28.37928583572849,29.272837392256672,14.289375321474592,63.01160184948063,666.9,980.0706419358534,51.91542132900906,917.0590400863728,865.1436187573637,Smart Serve
Jonker & Sternmaid,NZ Indirect,4013771,VAN LINDENBERG C/O VAN ZUTVEN,B,Van Lindenberg Trading,Netherlands,116420,STNMD MPC85 4854 LOSRC NES 550KG BBG,MPC,Milk Protein Concentrate >=80%,Germany,0.55,1650,1147.805800442641,502.19419955735907,28.37928583572849,29.272837392256672,14.289375321474592,63.01160184948063,0,430.2527010078993,51.91542132900906,367.2410991584187,315.32567782940964,Semi Managed
Kloosterboer - NL,NZ Indirect,2002317,FONTERRA (EUROPE) COOPERATIE U,C,Fonterra,Netherlands,120166,WPC80 CHS 550 MEDAPP LL FUNC 25KG MBG,WPC,WPC 80% (Cheese),New Zealand,0.075,0,387.2271748281558,-387.2271748281558,2.8099400797056155,5.512265316655035,0,48.04903970340756,0,-395.5493802245164,7.079375635773961,-443.598419927924,-450.67779556369794,Fonterra
Kloosterboer - NL,NZ Indirect,4012760,FAYREFIELD FOODS A/S,A,Fayrefield,Denmark,120166,WPC80 CHS 550 MEDAPP LL FUNC 25KG MBG,WPC,WPC 80% (Cheese),New Zealand,10.5,70875,52287.73446190275,18587.26553809725,393.39161115878625,771.717144331705,0,6726.865558477059,2166.02,15256.136782606758,991.1125890083546,8529.2712241297,7538.158635121345,Semi Managed
Plant - NZ,NZ Direct Export,1003558,DUTCH LADY MILK INDUSTRIES BER,A,FrieslandCampina,Malaysia,110645,AMF PREM K/HAL/MUI 210KG DRM,AMF,Anhydrous Milkfat,New Zealand,739.2,3887700.2492,3798819.833766322,88880.41543367784,0,0,0,0,0,88880.41543367784,69774.32626618817,88880.41543367784,19106.08916748967,FrieslandCampina
Plant - NZ,NZ Direct Export,1003558,DUTCH LADY MILK INDUSTRIES BER,A,FrieslandCampina,Malaysia,110739,gDT AMF Prem 210kg DR,AMF,Anhydrous Milkfat,New Zealand,519.54,3085597.5576400002,3027849.5934542925,57747.96418570774,0,0,0,0,0,57747.96418570774,49040.25090413339,57747.96418570774,8707.713281574346,FrieslandCampina
Plant - NZ,NZ Direct Export,1003558,DUTCH LADY MILK INDUSTRIES BER,A,FrieslandCampina,Malaysia,111522,BMP REM/UHT 25kgMBG RM,BMP,Buttermilk Powder,New Zealand,1409,4663177.54056,4223533.236621238,439644.30393876135,0,0,0,0,0,439644.30393876135,132997.87027740682,439644.30393876135,306646.43366135453,FrieslandCampina
Plant - NZ,NZ Direct Export,1003558,DUTCH LADY MILK INDUSTRIES BER,A,FrieslandCampina,Malaysia,111651,SMP Reg UHT FLC 25kgMBG RM,SMP,Skimmilk Powder,New Zealand,54,163944.0594,155984.42734276707,7959.632057232928,0,0,0,0,0,7959.632057232928,5097.150457757252,7959.632057232928,2862.4815994756755,FrieslandCampina
Plant - NZ,NZ Direct Export,1003570,FRIESLANDCAMPINA (THAILAND) PC,A,FrieslandCampina,Thailand,110645,AMF PREM K/HAL/MUI 210KG DRM,AMF,Anhydrous Milkfat,New Zealand,268.8,1431719.6807,1381389.0304604808,50330.65023951908,0,0,0,0,0,50330.65023951908,25372.48227861388,50330.65023951908,24958.167960905197,FrieslandCampina
Plant - NZ,NZ Direct Export,1003570,FRIESLANDCAMPINA (THAILAND) PC,A,FrieslandCampina,Thailand,110739,gDT AMF Prem 210kg DR,AMF,Anhydrous Milkfat,New Zealand,201.60000000000002,1098623.07746,1174913.3426500084,-76290.26519000833,0,0,0,0,0,-76290.26519000833,19029.36170896041,-76290.26519000833,-95319.62689896874,FrieslandCampina
Plant - NZ,NZ Direct Export,1003570,FRIESLANDCAMPINA (THAILAND) PC,A,FrieslandCampina,Thailand,111522,BMP REM/UHT 25kgMBG RM,BMP,Buttermilk Powder,New Zealand,888.45,2788386.49535,2663164.0199262872,125222.47542371275,0,0,0,0,0,125222.47542371275,83862.28378137834,125222.47542371275,41360.19164233441,FrieslandCampina
Plant - NZ,NZ Direct Export,1003570,FRIESLANDCAMPINA (THAILAND) PC,A,FrieslandCampina,Thailand,111819,FIA SMP Reg MH 25kgMBG,SMP,Skimmilk Powder,Australia,1079.85,3306909.85425,3616590.245441874,-309680.39119187417,0,0,0,0,0,-309680.39119187417,101928.8504038735,-309680.39119187417,-411609.24159574765,FrieslandCampina
Plant - NZ,NZ Direct Export,1003570,FRIESLANDCAMPINA (THAILAND) PC,A,FrieslandCampina,Thailand,115297,FIA PSMP MH UHT TH 25KG MBG,SMP,Partly Skimmed Milk Powder,Australia,251.975,1126936.2184499998,1109071.4161325968,17864.802317403024,0,0,0,0,0,17864.802317403024,23784.342344321918,17864.802317403024,-5919.540026918894,FrieslandCampina
Plant - NZ,NZ Direct Export,1003570,FRIESLANDCAMPINA (THAILAND) PC,A,FrieslandCampina,Thailand,115309,FIA PSMP MH TH 25KG MGB,SMP,Partly Skimmed Milk Powder,Australia,1372.2250000000001,4219582.971820001,4163398.235754553,56184.73606544733,0,0,0,0,0,56184.73606544733,129526.61642399899,56184.73606544733,-73341.88035855166,FrieslandCampina
Plant - NZ,NZ Direct Export,1003576,FRIESLANDCAMPINA VIETNAM COMPA,A,FrieslandCampina,Vietnam,110645,AMF PREM K/HAL/MUI 210KG DRM,AMF,Anhydrous Milkfat,New Zealand,100.80000000000001,523791.7356,518020.88642268034,5770.849177319673,0,0,0,0,0,5770.849177319673,9514.680854480204,5770.849177319673,-3743.8316771605314,FrieslandCampina
Plant - NZ,NZ Direct Export,1003576,FRIESLANDCAMPINA VIETNAM COMPA,A,FrieslandCampina,Vietnam,110739,gDT AMF Prem 210kg DR,AMF,Anhydrous Milkfat,New Zealand,117.60000000000001,699891.5717,685366.1165458383,14525.455154161667,0,0,0,0,0,14525.455154161667,11100.460996893573,14525.455154161667,3424.9941572680946,FrieslandCampina
Plant - NZ,NZ Direct Export,1003576,FRIESLANDCAMPINA VIETNAM COMPA,A,FrieslandCampina,Vietnam,111522,BMP REM/UHT 25kgMBG RM,BMP,Buttermilk Powder,New Zealand,128,430130.34752,383685.063369424,46445.284150575986,0,0,0,0,0,46445.284150575986,12082.13441838756,46445.284150575986,34363.14973218842,FrieslandCampina
Plant - NZ,NZ Direct Export,1003576,FRIESLANDCAMPINA VIETNAM COMPA,A,FrieslandCampina,Vietnam,111651,SMP Reg UHT FLC 25kgMBG RM,SMP,Skimmilk Powder,New Zealand,1295.975,3924839.5657200003,3743554.041213751,181285.52450624947,0,0,0,0,0,181285.52450624947,122329.25119429546,181285.52450624947,58956.273311954006,FrieslandCampina
Plant - NZ,NZ Direct Export,1003576,FRIESLANDCAMPINA VIETNAM COMPA,A,FrieslandCampina,Vietnam,111819,FIA SMP Reg MH 25kgMBG,SMP,Skimmilk Powder,Australia,50.375,207838.92528,168713.92657696386,39124.99870303614,0,0,0,0,0,39124.99870303614,4754.980635361511,39124.99870303614,34370.018067674624,FrieslandCampina
Plant - NZ,NZ Direct Export,1003576,FRIESLANDCAMPINA VIETNAM COMPA,A,FrieslandCampina,Vietnam,112086,WMP INST A&D FRC 25KG MBG,WMP,Wholemilk Powder,New Zealand,50.4,179788.25684,187229.22680538584,-7440.969965385855,0,0,0,0,0,-7440.969965385855,4757.340427240102,-7440.969965385855,-12198.310392625957,FrieslandCampina
Plant - NZ,NZ Direct Export,1003579,PT. FRISIAN FLAG INDONESIA,A,FrieslandCampina,Indonesia,110739,gDT AMF Prem 210kg DR,AMF,Anhydrous Milkfat,New Zealand,705.6,4239563.01427,4112196.6992750294,127366.3149949708,0,0,0,0,0,127366.3149949708,66602.76598136143,127366.3149949708,60763.54901360937,FrieslandCampina
Plant - NZ,NZ Direct Export,1003579,PT. FRISIAN FLAG INDONESIA,A,FrieslandCampina,Indonesia,111267,SMP Inst 25kgMBG RM,SMP,Skimmilk Powder,New Zealand,596.2,1958194.03685,2017742.7900326392,-59548.753182639135,0,0,0,0,0,-59548.753182639135,56276.31672064581,-59548.753182639135,-115825.06990328495,FrieslandCampina
Plant - NZ,NZ Direct Export,1003579,PT. FRISIAN FLAG INDONESIA,A,FrieslandCampina,Indonesia,111522,BMP REM/UHT 25kgMBG RM,BMP,Buttermilk Powder,New Zealand,302.825,978941.59524,907729.916522233,71211.678717767,0,0,0,0,0,71211.678717767,28584.159025376666,71211.678717767,42627.51969239034,FrieslandCampina
Plant - NZ,NZ Direct Export,1003579,PT. FRISIAN FLAG INDONESIA,A,FrieslandCampina,Indonesia,111650,SMP Reg MH FLC 25kgMBG RM,SMP,Skimmilk Powder,New Zealand,435.55,1346556.65506,1206850.2308757822,139706.42418421782,0,0,0,0,0,139706.42418421782,41112.29410881799,139706.42418421782,98594.13007539982,FrieslandCampina
Plant - NZ,NZ Direct Export,1003579,PT. FRISIAN FLAG INDONESIA,A,FrieslandCampina,Indonesia,111789,gDT SMP Reg MH FLC 25kgMBG RM,SMP,Skimmilk Powder,New Zealand,216,599466.7008,584556.3507139882,14910.350086011807,0,0,0,0,0,14910.350086011807,20388.60183102901,14910.350086011807,-5478.251745017202,FrieslandCampina
Plant - NZ,NZ Direct Export,1003579,PT. FRISIAN FLAG INDONESIA,A,FrieslandCampina,Indonesia,111819,FIA SMP Reg MH 25kgMBG,SMP,Skimmilk Powder,Australia,250.825,1008755.09868,840053.0150603862,168702.0836196139,0,0,0,0,0,168702.0836196139,23675.791917906718,168702.0836196139,145026.29170170717,FrieslandCampina
Plant - NZ,NZ Direct Export,1003579,PT. FRISIAN FLAG INDONESIA,A,FrieslandCampina,Indonesia,112086,WMP INST A&D FRC 25KG MBG,WMP,Wholemilk Powder,New Zealand,1032.0249999999999,3585142.7574899998,3833834.182417229,-248691.42492722906,0,0,0,0,0,-248691.42492722906,97414.5685401283,-248691.42492722906,-346105.99346735736,FrieslandCampina
Plant - NZ,NZ Direct EU,1051526,HAVERO HOOGWEGT BV,B,Hoogwegt,Netherlands,104603,ACas 7200 Lac 30# 12% 25kg MBG,Casein,Acid Casein,New Zealand,167.3,2344396,2032514.2008057553,311881.79919424467,0,0,0,0,0,311881.79919424467,15791.727251533117,311881.79919424467,296090.07194271154,Semi Managed
Plant - NZ,NZ Direct EU,1051825,KELSEN GROUP A/S,B,Kelsen Group,Denmark,113628,AMF PREM 1000kgSKT 230V,AMF,Anhydrous Milkfat,New Zealand,936,5021797.032,4767080.382494483,254716.6495055165,0,0,0,0,0,254716.6495055165,88350.60793445904,254716.6495055165,166366.04157105746,Unknowned Segment
Plant - NZ,NZ Direct EU,1051847,LACTOLAND GMBH,A,Lactoland,Germany,104613,ACas 7417 Min 30# all-in 10% 25kg MBG,Casein,Acid Casein,New Zealand,166.95,2105932.5,1944969.451273233,160963.04872676707,0,0,0,0,0,160963.04872676707,15758.690165232838,160963.04872676707,145204.35856153423,Managed
Plant - NZ,NZ Direct Export,1057441,PT KIEVIT INDONESIA,A,FrieslandCampina,Indonesia,111266,gDT BMP REM/UHT 25kgMBG RM,BMP,Buttermilk Powder,New Zealand,16,39363.4992,37078.23097519014,2285.268224809857,0,0,0,0,0,2285.268224809857,1510.266802298445,2285.268224809857,775.0014225114121,FrieslandCampina
Plant - NZ,NZ Direct Export,1057441,PT KIEVIT INDONESIA,A,FrieslandCampina,Indonesia,111522,BMP REM/UHT 25kgMBG RM,BMP,Buttermilk Powder,New Zealand,301.875,939813.24867,904882.253942538,34930.99472746195,0,0,0,0,0,34930.99472746195,28494.486933990196,34930.99472746195,6436.507793471752,FrieslandCampina
Plant - NZ,NZ Direct Export,2001589,FROMAGERIES BEL MAROC,A,BEL Group,Morocco,109191,CHED GT MCR FZN A7 20KG CTN,Cheese,Cheddar Cheese,New Zealand,277,1572034.68,1476649.5934819481,95385.0865180518,0,0,0,0,0,95385.0865180518,26146.49401479183,95385.0865180518,69238.59250325998,Managed
Plant - NZ,NZ Direct Export,2001589,FROMAGERIES BEL MAROC,A,BEL Group,Morocco,115041,MPC70 4703 LH BEL 20KG MBG,MPC,Milk Protein Concentrate 70,New Zealand,51.2,419824.64,386616.00525668904,33208.63474331098,0,0,0,0,0,33208.63474331098,4832.8537673550245,33208.63474331098,28375.780975955953,Managed
Plant - NZ,NZ Direct EU,2002715,KONINKLIJKE VIV BUISMAN B.V.,A,Royal Vivbusiman,Netherlands,110645,AMF PREM K/HAL/MUI 210KG DRM,AMF,Anhydrous Milkfat,New Zealand,1184.4,7440300,7180429.701732728,259870.2982672723,0,0,0,0,0,259870.2982672723,111797.5000401424,259870.2982672723,148072.7982271299,Unknowned Segment
Plant - NZ,NZ Direct EU,2002951,UNIVAR B.V.,B,Univar Solutions,United Kingdom,104613,ACas 7417 Min 30# all-in 10% 25kg MBG,Casein,Acid Casein,New Zealand,23.875,322312.5,316424.7982357564,5887.701764243597,0,0,0,0,0,5887.701764243597,2253.601244054711,5887.701764243597,3634.1005201888856,Managed
Plant - NZ,NZ Direct Export,2003005,FRIESLANDCAMPINA HANAM COMPANY,A,FrieslandCampina,Vietnam,110645,AMF PREM K/HAL/MUI 210KG DRM,AMF,Anhydrous Milkfat,New Zealand,16.8,88785.38405000001,86336.81440378005,2448.5696462199558,0,0,0,0,0,2448.5696462199558,1585.7801424133675,2448.5696462199558,862.7895038065883,FrieslandCampina
Plant - NZ,NZ Direct Export,2003005,FRIESLANDCAMPINA HANAM COMPANY,A,FrieslandCampina,Vietnam,110739,gDT AMF Prem 210kg DR,AMF,Anhydrous Milkfat,New Zealand,33.6,202557.18304,195818.89044166807,6738.292598331929,0,0,0,0,0,6738.292598331929,3171.560284826735,6738.292598331929,3566.7323135051943,FrieslandCampina
Plant - NZ,NZ Direct Export,2003005,FRIESLANDCAMPINA HANAM COMPANY,A,FrieslandCampina,Vietnam,111475,WMP Reg UHT 25kgMBG RM,WMP,Wholemilk Powder,New Zealand,42.2,147074.57034,146583.34239720355,491.22794279645314,0,0,0,0,0,491.22794279645314,3983.328691062149,491.22794279645314,-3492.100748265696,FrieslandCampina
Plant - NZ,NZ Direct Export,2003005,FRIESLANDCAMPINA HANAM COMPANY,A,FrieslandCampina,Vietnam,111651,SMP Reg UHT FLC 25kgMBG RM,SMP,Skimmilk Powder,New Zealand,288,863195.72184,831916.945828091,31278.77601190901,0,0,0,0,0,31278.77601190901,27184.802441372012,31278.77601190901,4093.9735705369967,FrieslandCampina
Plant - NZ,NZ Direct Export,2003005,FRIESLANDCAMPINA HANAM COMPANY,A,FrieslandCampina,Vietnam,112086,WMP INST A&D FRC 25KG MBG,WMP,Wholemilk Powder,New Zealand,175.325,635223.76024,651308.8132867911,-16085.053046791116,0,0,0,0,0,-16085.053046791116,16549.22044456093,-16085.053046791116,-32634.273491352047,FrieslandCampina
Plant - NZ,NZ Direct EU,2005805,HOCHDORF SWISS NUTRITION AG,B,Hochdorf Nutrition,Switzerland,120941,DC WHEY HYD 7051 HA HAL/K 500KG BBG,Whey,Whey Hydrolysates,Unknown Origin,11,275000,157712.48001792294,117287.51998207706,0,0,0,0,0,117287.51998207706,1038.308426580181,117287.51998207706,116249.21155549688,Semi Managed
Plant - NZ,NZ Direct EU,2006395,FUNKY FIELDS,A,Burt Lewis,Denmark,108046,Btr Lac Amx 25kgCTN,Butter,Butter-Lactic,New Zealand,141.85,808313.7433199999,770718.423099911,37595.320220088935,0,0,0,0,0,37595.320220088935,13389.459119127152,37595.320220088935,24205.86110096178,Smart Serve
Plant - NZ,NZ Direct EU,2006395,FUNKY FIELDS,A,Burt Lewis,Denmark,110645,AMF PREM K/HAL/MUI 210KG DRM,AMF,Anhydrous Milkfat,New Zealand,806.4000000000001,5002666.199999999,4849640.500105713,153025.6998942867,0,0,0,0,0,153025.6998942867,76117.44683584163,153025.6998942867,76908.25305844506,Smart Serve
Plant - NZ,NZ Direct EU,2006395,FUNKY FIELDS,A,Burt Lewis,Denmark,112484,AMF Prem K RUS 1000kgSKT 230V,AMF,Anhydrous Milkfat,New Zealand,18,114307.2,96853.81016960429,17453.38983039571,0,0,0,0,0,17453.38983039571,1699.0501525857508,17453.38983039571,15754.33967780996,Smart Serve
Plant - NZ,NZ Direct EU,2006395,FUNKY FIELDS,A,Burt Lewis,Denmark,115053,AMF K RU 25KG CTN FFMR,AMF,Anhydrous Milkfat,New Zealand,91.2,569584.128,552483.3763481166,17100.751651883475,0,0,0,0,0,17100.751651883475,8608.520773101138,17100.751651883475,8492.230878782337,Smart Serve
Plant - NZ,NZ Direct EU,2006802,GREENFIELDS IRELAND,B,Greenfields,United Kingdom,101392,NZMP BTR SLTD 25 KG CTN,Butter,Butter-Salted,New Zealand,704.55,4415726.00269,4336438.4295920525,79287.57309794798,0,0,0,0,0,79287.57309794798,66503.65472246059,79287.57309794798,12783.918375487396,Unknowned Segment
Plant - NZ,NZ Direct Export,2009571,FROMAGERIES BEL MAROC,A,BEL Group,Morocco,105249,Btr US MAR 25kgCTN,Butter,Butter-Unsalted,New Zealand,201.5,1001982.0900000001,946681.1448931439,55300.945106856176,0,0,0,0,0,55300.945106856176,19019.922541446045,55300.945106856176,36281.02256541013,Managed
Plant - NZ,NZ Direct Export,2009571,FROMAGERIES BEL MAROC,A,BEL Group,Morocco,109191,CHED GT MCR FZN A7 20KG CTN,Cheese,Cheddar Cheese,New Zealand,50.4,286995.24,268675.5939042967,18319.646095703298,0,0,0,0,0,18319.646095703298,4757.340427240102,18319.646095703298,13562.305668463196,Managed
Plant - NZ,NZ Direct Export,2009575,S.I.E.P.F,A,BEL Group,Morocco,111597,GDT CHED 545D MFR YNG WSH A6 20KG CTN,Cheese,Cheddar Cheese,New Zealand,25.16,131341.07609999998,133313.25471905697,-1972.1786190569983,0,0,0,0,0,-1972.1786190569983,2374.894546614305,-1972.1786190569983,-4347.073165671303,Managed
Plant - NZ,NZ Direct Export,2009575,S.I.E.P.F,A,BEL Group,Morocco,111600,GDT CHED FZN MCR 545D A6 20KG CTN,Cheese,Cheddar Cheese,New Zealand,25.2,123607.86464000001,123056.58186676563,551.2827732343867,0,0,0,0,0,551.2827732343867,2378.670213620051,551.2827732343867,-1827.3874403856644,Managed
Plant - NZ,NZ Direct Export,2009575,S.I.E.P.F,A,BEL Group,Morocco,115041,MPC70 4703 LH BEL 20KG MBG,MPC,Milk Protein Concentrate 70,New Zealand,25.6,142483.2,135335.626681456,7147.573318544019,0,0,0,0,0,7147.573318544019,2416.4268836775123,7147.573318544019,4731.146434866507,Managed
Plant - NZ,NZ Direct EU,2010419,"HANS J, HEINEMANN IMPORT-EXPOR",C,Hans J. Heinemann,Germany,104603,ACas 7200 Lac 30# 12% 25kg MBG,Casein,Acid Casein,New Zealand,93.7,1189990,1103971.0766898862,86018.92331011384,0,0,0,0,0,86018.92331011384,8844.49996096027,86018.92331011384,77174.42334915357,Smart Serve
Plant - NZ,NZ Direct EU,2010648,MGL MOLKEREIGESELLSCHAFT LAUINGEN,A,MGL,Germany,104603,ACas 7200 Lac 30# 12% 25kg MBG,Casein,Acid Casein,New Zealand,499.9,5303352.17,5425474.096226419,-122121.9262264194,0,0,0,0,0,-122121.9262264194,47186.39840431204,-122121.9262264194,-169308.32463073143,Unknowned Segment
Plant - NZ,NZ Direct EU,2010648,MGL MOLKEREIGESELLSCHAFT LAUINGEN,A,MGL,Germany,104613,ACas 7417 Min 30# all-in 10% 25kg MBG,Casein,Acid Casein,New Zealand,190.575,1935385.784,2042229.9991090659,-106844.21510906587,0,0,0,0,0,-106844.21510906587,17988.693490501635,-106844.21510906587,-124832.90859956751,Unknowned Segment
Plant - NZ,NZ Direct EU,2012178,INTERFOOD BV,A,Interfood,Netherlands,101392,NZMP BTR SLTD 25 KG CTN,Butter,Butter-Salted,New Zealand,1508.05,8631097.211369999,8394301.467596347,236795.74377365224,0,0,0,0,0,236795.74377365224,142347.36570038565,236795.74377365224,94448.37807326659,Semi Managed
Plant - NZ,NZ Direct EU,2012178,INTERFOOD BV,A,Interfood,Netherlands,107692,AMF SMF27 729D 210kgDR,AMF,Anhydrous Milkfat,New Zealand,1553.1599999999999,8273684.7312,8095212.921948203,178471.8092517974,0,0,0,0,0,178471.8092517974,146605.37416611583,178471.8092517974,31866.435085681558,Semi Managed
Plant - NZ,NZ Direct EU,2012178,INTERFOOD BV,A,Interfood,Netherlands,108046,Btr Lac Amx 25kgCTN,Butter,Butter-Lactic,New Zealand,1962.675,10925012.709619999,10686442.80044842,238569.9091715794,0,0,0,0,0,238569.9091715794,185260.1810125688,238569.9091715794,53309.728159010614,Semi Managed
Plant - NZ,NZ Direct EU,2012178,INTERFOOD BV,A,Interfood,Netherlands,109489,Btr US Ftz EUR QUOTA 25kgCTN,Butter,Butter-Unsalted,New Zealand,1660.3,9304822.03874,9055336.154249396,249485.88449060358,0,0,0,0,0,249485.88449060358,156718.49824100678,249485.88449060358,92767.3862495968,Semi Managed
Plant - NZ,NZ Direct EU,2012178,INTERFOOD BV,A,Interfood,Netherlands,110927,BtrUS Amx K 25kgCTN,Butter,Butter-Unsalted,New Zealand,276.725,1715152.8072000002,1678994.937037908,36157.87016209215,0,0,0,0,0,36157.87016209215,26120.536304127327,36157.87016209215,10037.333857964823,Semi Managed
Plant - NZ,NZ Direct EU,2012178,INTERFOOD BV,A,Interfood,Netherlands,115053,AMF K RU 25KG CTN FFMR,AMF,Anhydrous Milkfat,New Zealand,91.175,353066.07,344058.23057429946,9007.839425700542,0,0,0,0,0,9007.839425700542,8606.160981222547,9007.839425700542,401.6784444779951,Semi Managed
Plant - NZ,NZ Direct EU,2012178,INTERFOOD BV,A,Interfood,Netherlands,118404,AMF SMF27 1000KG SKT 230V,AMF,Anhydrous Milkfat,New Zealand,264,1346101.2000000002,1369126.385478927,-23025.18547892687,0,0,0,0,0,-23025.18547892687,24919.402237924343,-23025.18547892687,-47944.58771685121,Semi Managed
Plant - NZ,NZ Direct EU,2012255,FLECHARD SA,B,Flechard,France,110645,AMF PREM K/HAL/MUI 210KG DRM,AMF,Anhydrous Milkfat,New Zealand,604.8000000000001,2978640,2914687.0467867586,63952.95321324142,0,0,0,0,0,63952.95321324142,57088.085126881226,63952.95321324142,6864.868086360191,Smart Serve
Plant - NZ,NZ Direct EU,2012259,FLECHARD SA,B,Flechard,France,110645,AMF PREM K/HAL/MUI 210KG DRM,AMF,Anhydrous Milkfat,New Zealand,100.80000000000001,453600,485781.17446445976,-32181.174464459764,0,0,0,0,0,-32181.174464459764,9514.680854480204,-32181.174464459764,-41695.85531893997,Smart Serve
Plant - NZ,NZ Direct EU,2012259,FLECHARD SA,B,Flechard,France,113085,gDT AMF Prem CHN 210kg DR,AMF,Anhydrous Milkfat,New Zealand,117.60000000000001,721291.0196,721536.8080074334,-245.7884074334288,0,0,0,0,0,-245.7884074334288,11100.460996893573,-245.7884074334288,-11346.249404327002,Smart Serve
Plant - NZ,NZ Direct EU,2013281,AGRAL SA,B,AGRAL S.A.,Belgium,108046,Btr Lac Amx 25kgCTN,Butter,Butter-Lactic,New Zealand,277.2,1621620,1574010.7933652287,47609.20663477131,0,0,0,0,0,47609.20663477131,26165.37234982056,47609.20663477131,21443.83428495075,Smart Serve
Plant - NZ,NZ Direct EU,2014294,GREENFIELDS IRELAND,B,Greenfields,United Kingdom,105577,BTR US 25KG CTN,Butter,Butter-Unsalted,New Zealand,9.8,46548.04,44760.95847614592,1787.0815238540818,0,0,0,0,0,1787.0815238540818,925.0384164077977,1787.0815238540818,862.043107446284,Unknowned Segment
Plant - NZ,NZ Direct EU,2014294,GREENFIELDS IRELAND,B,Greenfields,United Kingdom,108046,Btr Lac Amx 25kgCTN,Butter,Butter-Lactic,New Zealand,1.4,6688.990000000001,6401.862513564077,287.12748643592386,0,0,0,0,0,287.12748643592386,132.14834520111393,287.12748643592386,154.97914123480993,Unknowned Segment
Plant - NZ,NZ Direct EU,2014294,GREENFIELDS IRELAND,B,Greenfields,United Kingdom,108054,Btr Lac Ftz 25kgCTN,Butter,Butter-Lactic,New Zealand,1.4,6695.535000000001,6408.446362956033,287.08863704396754,0,0,0,0,0,287.08863704396754,132.14834520111393,287.08863704396754,154.9402918428536,Unknowned Segment
Plant - NZ,NZ Direct EU,2014294,GREENFIELDS IRELAND,B,Greenfields,United Kingdom,110927,BtrUS Amx K 25kgCTN,Butter,Butter-Unsalted,New Zealand,1.2,5705.37,5486.579831618334,218.79016838166626,0,0,0,0,0,218.79016838166626,113.27001017238338,218.79016838166626,105.52015820928288,Unknowned Segment
Plant - NZ,NZ Direct EU,2014294,GREENFIELDS IRELAND,B,Greenfields,United Kingdom,112476,AMF FFMR K FINZ 25KG CTN,AMF,Anhydrous Milkfat,New Zealand,1.4,7651.1050000000005,7529.2089541627665,121.89604583723394,0,0,0,0,0,121.89604583723394,132.14834520111393,121.89604583723394,-10.252299363879985,Unknowned Segment
Plant - NZ,NZ Direct EU,2014294,GREENFIELDS IRELAND,B,Greenfields,United Kingdom,112563,gDT Btr S 25kgCTN,Butter,Butter-Salted,New Zealand,126,792691.5788,793613.2859374991,-921.707137499121,0,0,0,0,0,-921.707137499121,11893.351068100255,-921.707137499121,-12815.058205599376,Unknowned Segment
Plant - NZ,NZ Direct Export,2016341,OMAN FOODSTUFF FACTORY LLC,A,FrieslandCampina,Oman,112081,GDT WMP INST A&D FLC 25KG MBG RM,WMP,Wholemilk Powder,New Zealand,1032.625,4387607.3491,4177899.2699350324,209708.07916496787,0,0,0,0,0,209708.07916496787,97471.20354521449,209708.07916496787,112236.87561975338,FrieslandCampina
Plant - NZ,NZ Direct Export,2016341,OMAN FOODSTUFF FACTORY LLC,A,FrieslandCampina,Oman,112882,WMP INST A&D FLC 25KG MBG RM,WMP,Wholemilk Powder,New Zealand,151.2,685276.90308,672438.0655081486,12838.837571851327,0,0,0,0,0,12838.837571851327,14272.021281720306,12838.837571851327,-1433.1837098689793,FrieslandCampina
Plant - NZ,NZ Direct Export,2016504,"BEL VIET NAM CO., LTD",A,BEL Group,Vietnam,105577,BTR US 25KG CTN,Butter,Butter-Unsalted,New Zealand,478.5,2615370.36,2476683.3533015144,138687.00669848546,0,0,0,0,0,138687.00669848546,45166.41655623788,138687.00669848546,93520.59014224759,Managed
Plant - NZ,NZ Direct Export,2016504,"BEL VIET NAM CO., LTD",A,BEL Group,Vietnam,109191,CHED GT MCR FZN A7 20KG CTN,Cheese,Cheddar Cheese,New Zealand,428.56,2377892.4432,2160677.73087956,217214.71232043998,0,0,0,0,0,217214.71232043998,40452.49629956385,217214.71232043998,176762.21602087613,Managed
Plant - NZ,NZ Direct Export,2016504,"BEL VIET NAM CO., LTD",A,BEL Group,Vietnam,113298,Swiss Type Mcr Prc C10 2x10kgCTN Act,Cheese,Swiss Cheese,New Zealand,78.64,478893.75667000003,439559.4915977587,39334.26507224131,0,0,0,0,0,39334.26507224131,7422.961333296858,39334.26507224131,31911.30373894445,Managed
Plant - NZ,NZ Direct Export,2016504,"BEL VIET NAM CO., LTD",A,BEL Group,Vietnam,115041,MPC70 4703 LH BEL 20KG MBG,MPC,Milk Protein Concentrate 70,New Zealand,101.46000000000001,690525.07,630621.4052702892,59903.664729710785,0,0,0,0,0,59903.664729710785,9576.979360075014,59903.664729710785,50326.68536963577,Managed
Plant - NZ,NZ Direct Export,2016504,"BEL VIET NAM CO., LTD",A,BEL Group,Vietnam,115679,BSGDA BAL MCR A8 2X10KG CTN ACT,Cheese,Gouda Cheese-Brine Salt,New Zealand,16.200000000000003,92047.37634,78949.79535948354,13097.58098051646,0,0,0,0,0,13097.58098051646,1529.1451373271757,13097.58098051646,11568.435843189285,Managed
Plant - NZ,NZ Direct Export,2016504,"BEL VIET NAM CO., LTD",A,BEL Group,Vietnam,120351,NZMP CRMCHS CURD 20KG CTN,Cheese,Cream Cheese,New Zealand,373.58,1586199.374,1340547.9888582937,245651.38514170633,0,0,0,0,0,245651.38514170633,35262.84200016582,245651.38514170633,210388.5431415405,Managed
Plant - NZ,NZ Direct EU,4000277,HAVERO HOOGWEGT BV,B,Hoogwegt,Netherlands,104603,ACas 7200 Lac 30# 12% 25kg MBG,Casein,Acid Casein,New Zealand,286.6,3335249.196,3481880.274661862,-146631.07866186183,0,0,0,0,0,-146631.07866186183,27052.654096170896,-146631.07866186183,-173683.73275803274,Semi Managed
Plant - NZ,NZ Direct Export,4000342,FRIESLANDCAMPINA HA NAM,A,FrieslandCampina,Vietnam,121904,HN019 PROBIOTIC POWDER (625G),Probiotic,Freeze Dried DR10,New Zealand,0.03,33359.036400000005,7089.829306307109,26269.207093692894,0,0,0,0,0,26269.207093692894,2.8317502543095845,26269.207093692894,26266.375343438584,FrieslandCampina
Plant - NZ,NZ Direct Export,4001057,ALASKA MILK CORPORATION,A,FrieslandCampina,Philippines,110645,AMF PREM K/HAL/MUI 210KG DRM,AMF,Anhydrous Milkfat,New Zealand,520.8000000000001,2654935.13119,2676441.2465171814,-21506.115327181295,0,0,0,0,0,-21506.115327181295,49159.184414814394,-21506.115327181295,-70665.2997419957,FrieslandCampina
Plant - NZ,NZ Direct Export,4001057,ALASKA MILK CORPORATION,A,FrieslandCampina,Philippines,110739,gDT AMF Prem 210kg DR,AMF,Anhydrous Milkfat,New Zealand,453.6,2558331.9621200003,2643555.020962519,-85223.05884251883,0,0,0,0,0,-85223.05884251883,42816.06384516092,-85223.05884251883,-128039.12268767974,FrieslandCampina
Plant - NZ,NZ Direct Export,4001057,ALASKA MILK CORPORATION,A,FrieslandCampina,Philippines,111475,WMP Reg UHT 25kgMBG RM,WMP,Wholemilk Powder,New Zealand,12.8,49816.28925,44461.29816787217,5354.991082127832,0,0,0,0,0,5354.991082127832,1208.2134418387561,5354.991082127832,4146.777640289076,FrieslandCampina
Plant - NZ,NZ Direct Export,4001057,ALASKA MILK CORPORATION,A,FrieslandCampina,Philippines,111522,BMP REM/UHT 25kgMBG RM,BMP,Buttermilk Powder,New Zealand,2342.1,7769539.12799,7020537.397793188,749001.7301968122,0,0,0,0,0,749001.7301968122,221074.74235394926,749001.7301968122,527926.987842863,FrieslandCampina
Plant - NZ,NZ Direct Export,4001057,ALASKA MILK CORPORATION,A,FrieslandCampina,Philippines,111789,gDT SMP Reg MH FLC 25kgMBG RM,SMP,Skimmilk Powder,New Zealand,90,253064.95200000002,243565.1461308284,9499.805869171629,0,0,0,0,0,9499.805869171629,8495.250762928754,9499.805869171629,1004.5551062428749,FrieslandCampina
Plant - NZ,NZ Direct Export,4001057,ALASKA MILK CORPORATION,A,FrieslandCampina,Philippines,111819,FIA SMP Reg MH 25kgMBG,SMP,Skimmilk Powder,Australia,201.225,843247.20771,673934.6873538372,169312.5203561628,0,0,0,0,0,169312.5203561628,18993.964830781537,169312.5203561628,150318.55552538126,FrieslandCampina
Plant - NZ,NZ Direct Export,4001167,FRIESLANDCAMPINA IVORY COAST S,A,FrieslandCampina,Côte d'Ivoire,110739,gDT AMF Prem 210kg DR,AMF,Anhydrous Milkfat,New Zealand,487.20000000000005,2944127.30656,2839373.911404187,104753.39515581308,0,0,0,0,0,104753.39515581308,45987.62412998766,104753.39515581308,58765.77102582542,FrieslandCampina
Plant - NZ,NZ Direct Export,4001167,FRIESLANDCAMPINA IVORY COAST S,A,FrieslandCampina,Côte d'Ivoire,112086,WMP INST A&D FRC 25KG MBG,WMP,Wholemilk Powder,New Zealand,3147.4249999999997,12473604.32801,11692260.89638773,781343.4316222705,0,0,0,0,0,781343.4316222705,297090.7181390115,781343.4316222705,484252.713483259,FrieslandCampina
Plant - NZ,NZ Direct EU,4002537,MILLENIS SAS,C,Millenis,France,104608,ACas 7300 Lac Tech 30# 12% 25kg MBG,Casein,Acid Casein,New Zealand,50.1,553091.6,537277.4507507756,15814.149249224341,0,0,0,0,0,15814.149249224341,4729.022924697007,15814.149249224341,11085.126324527335,Semi Managed
Plant - NZ,NZ Direct EU,4002753,ALINDA VELCO S A,B,Alinda-Velco,Greece,103791,MPC85 4855 K EU 20kg MBG,MPC,Milk Protein Concentrate >=80%,New Zealand,130.32,825720,834031.0648457049,-8311.06484570494,0,0,0,0,0,-8311.06484570494,12301.123104720835,-8311.06484570494,-20612.187950425774,Unknowned Segment
Plant - NZ,NZ Direct EU,4002753,ALINDA VELCO S A,B,Alinda-Velco,Greece,111254,MPC>=80% 4862 CWS 15kgMBG,MPC,Milk Protein Concentrate >=80%,New Zealand,2.88,30240,30067.97829756941,172.02170243058936,0,0,0,0,0,172.02170243058936,271.8480244137201,172.02170243058936,-99.82632198313075,Unknowned Segment
Plant - NZ,NZ Direct EU,4002753,ALINDA VELCO S A,B,Alinda-Velco,Greece,112611,MPC85 4882 CWS K 20kgMBG,MPC,Milk Protein Concentrate >=80%,New Zealand,87,861300,852250.9958998036,9049.004100196413,0,0,0,0,0,9049.004100196413,8212.075737497795,9049.004100196413,836.928362698618,Unknowned Segment
Plant - NZ,NZ Direct EU,4002753,ALINDA VELCO S A,B,Alinda-Velco,Greece,121171,TR MPC85 4869 FLW AGG 15KG MBG,MPC,Milk Protein Concentrate >=80%,New Zealand,15.06,143070,125229.78721650549,17840.212783494513,0,0,0,0,0,17840.212783494513,1421.5386276634115,17840.212783494513,16418.6741558311,Unknowned Segment
Plant - NZ,NZ Direct EU,4002773,UNIVAR SPA,B,Univar Solutions,Italy,104608,ACas 7300 Lac Tech 30# 12% 25kg MBG,Casein,Acid Casein,New Zealand,48,646800,601977.6735451282,44822.3264548718,0,0,0,0,0,44822.3264548718,4530.800406895335,44822.3264548718,40291.52604797646,Managed
Plant - NZ,NZ Direct Export,4005108,BEL EGYPT EXPANSION FOR CHEESE,A,BEL Group,Egypt,110194,CHED 545D FZN MCR A6 20KG CTN,Cheese,Cheddar Cheese,New Zealand,25.2,118495.44,112515.8420804131,5979.5979195869,0,0,0,0,0,5979.5979195869,2378.670213620051,5979.5979195869,3600.9277059668493,Managed
Plant - NZ,NZ Direct Export,4005108,BEL EGYPT EXPANSION FOR CHEESE,A,BEL Group,Egypt,111600,GDT CHED FZN MCR 545D A6 20KG CTN,Cheese,Cheddar Cheese,New Zealand,226.79999999999998,1223416.35277,1221036.125766958,2380.2270030418877,0,0,0,0,0,2380.2270030418877,21408.03192258046,2380.2270030418877,-19027.804919538572,Managed
Plant - NZ,NZ Direct Export,4005108,BEL EGYPT EXPANSION FOR CHEESE,A,BEL Group,Egypt,115041,MPC70 4703 LH BEL 20KG MBG,MPC,Milk Protein Concentrate 70,New Zealand,51.2,290004.48,267685.4057852053,22319.074214794673,0,0,0,0,0,22319.074214794673,4832.8537673550245,22319.074214794673,17486.22044743965,Managed
Plant - NZ,NZ Direct Export,4005132,FRIESLANDCAMPINA WAMCO NIGERIA,A,FrieslandCampina,Nigeria,110645,AMF PREM K/HAL/MUI 210KG DRM,AMF,Anhydrous Milkfat,New Zealand,319.2,2077768.656,1640399.473671821,437369.182328179,0,0,0,0,0,437369.182328179,30129.82270585398,437369.182328179,407239.35962232505,FrieslandCampina
Plant - NZ,NZ Direct Export,4005132,FRIESLANDCAMPINA WAMCO NIGERIA,A,FrieslandCampina,Nigeria,110739,gDT AMF Prem 210kg DR,AMF,Anhydrous Milkfat,New Zealand,252,1497887.75169,1468641.6783125105,29246.073377489578,0,0,0,0,0,29246.073377489578,23786.70213620051,29246.073377489578,5459.371241289067,FrieslandCampina
Plant - NZ,NZ Direct Export,4005132,FRIESLANDCAMPINA WAMCO NIGERIA,A,FrieslandCampina,Nigeria,112086,WMP INST A&D FRC 25KG MBG,WMP,Wholemilk Powder,New Zealand,12949.225,50024757.56306,48104630.64442406,1920126.918635942,0,0,0,0,0,1920126.918635942,1222299.0395620677,1920126.918635942,697827.8790738743,FrieslandCampina
Plant - NZ,NZ Direct Export,4005132,FRIESLANDCAMPINA WAMCO NIGERIA,A,FrieslandCampina,Nigeria,112882,WMP INST A&D FLC 25KG MBG RM,WMP,Wholemilk Powder,New Zealand,24.4,103074.23141999998,108515.1375555478,-5440.906135547819,0,0,0,0,0,-5440.906135547819,2303.1568735051287,-5440.906135547819,-7744.063009052948,FrieslandCampina
Plant - NZ,NZ Direct EU,4005229,FUNKY FIELDS,A,Burt Lewis,Denmark,111115,gDT AMF PREM 1000kgSKT 230V,AMF,Anhydrous Milkfat,New Zealand,40,294676.9888,288229.91678169614,6447.07201830385,0,0,0,0,0,6447.07201830385,3775.667005746113,6447.07201830385,2671.4050125577373,Smart Serve
Plant - NZ,NZ Direct EU,4005229,FUNKY FIELDS,A,Burt Lewis,Denmark,112284,WPC80 CHS 550 25KG MBG (FUNCTIONAL),WPC,WPC 80% (Cheese),New Zealand,216,3118680,2298713.1450325446,819966.8549674554,0,0,0,0,0,819966.8549674554,20388.60183102901,819966.8549674554,799578.2531364263,Smart Serve
Plant - NZ,NZ Direct EU,4005229,FUNKY FIELDS,A,Burt Lewis,Denmark,114351,WPC 80 Chs 4501 Inst K 20kgMBG,WPC,WPC 80% (Cheese),New Zealand,96,1154400,1153937.9922258505,462.00777414953336,0,0,0,0,0,462.00777414953336,9061.60081379067,462.00777414953336,-8599.593039641137,Smart Serve
Plant - NZ,NZ Direct EU,4005229,FUNKY FIELDS,A,Burt Lewis,Denmark,120874,WPC80 CHS 450 INST 20KG MBG,WPC,WPC 80% (Cheese),New Zealand,38.08,542183.04,477219.23597776477,64963.80402223527,0,0,0,0,0,64963.80402223527,3594.434989470299,64963.80402223527,61369.369032764975,Smart Serve
Plant - NZ,NZ Direct EU,4006508,MILKY GROUP BIO EAD,C,Milky Group,Bulgaria,103791,MPC85 4855 K EU 20kg MBG,MPC,Milk Protein Concentrate >=80%,New Zealand,44.8,336000,294988.08218390803,41011.91781609197,0,0,0,0,0,41011.91781609197,4228.747046435646,41011.91781609197,36783.170769656324,Smart Serve
Plant - NZ,NZ Direct EU,4010110,FAYREFIELD FOODS A/S,A,Fayrefield,Denmark,103791,MPC85 4855 K EU 20kg MBG,MPC,Milk Protein Concentrate >=80%,New Zealand,241.78,1858172,1723951.2617636307,134220.73823636933,0,0,0,0,0,134220.73823636933,22822.019216232376,134220.73823636933,111398.71902013695,Semi Managed
Plant - NZ,NZ Direct Export,4010863,SOLABIA BIOTECNOLOGICA LTDA,C,Solabia Group,Brazil,114691,ACAS N7417 MIN 30M 25KG MBG,Casein,Acid Casein,New Zealand,101.025,1095835.49,993425.8255671071,102409.66443289293,0,0,0,0,0,102409.66443289293,9535.918981387525,102409.66443289293,92873.7454515054,Smart Serve
Plant - NZ,NZ Direct EU,4011764,AGROCOMPLEX SP. Z.O.O,A,Agrocomplex,Poland,104603,ACas 7200 Lac 30# 12% 25kg MBG,Casein,Acid Casein,New Zealand,224.05,2492133,2452104.764105865,40028.2358941352,0,0,0,0,0,40028.2358941352,21148.454815935413,40028.2358941352,18879.781078199787,Managed
Plant - NZ,NZ Direct EU,4011764,AGROCOMPLEX SP. Z.O.O,A,Agrocomplex,Poland,104614,ACas 7417 Min 30# all-in 10% 25kg PPK,Casein,Acid Casein,New Zealand,2988.175,38398380.59,35916111.886778176,2482268.7032218277,0,0,0,0,0,2482268.7032218277,282058.84387238475,2482268.7032218277,2200209.859349443,Managed
Plant - NZ,NZ Direct EU,4012454,BARRY CALLEBAUT,B,Barry Callebaut,Denmark,110645,AMF PREM K/HAL/MUI 210KG DRM,AMF,Anhydrous Milkfat,New Zealand,604.8000000000001,3373370.2800000003,2973714.356350757,399655.9236492431,0,0,0,0,0,399655.9236492431,57088.085126881226,399655.9236492431,342567.8385223618,Semi Managed
Plant - NZ,NZ Direct EU,4012454,BARRY CALLEBAUT,B,Barry Callebaut,Denmark,113085,gDT AMF Prem CHN 210kg DR,AMF,Anhydrous Milkfat,New Zealand,268.8,1256394.9153800001,1195550.422242777,60844.49313722318,0,0,0,0,0,60844.49313722318,25372.48227861388,60844.49313722318,35472.0108586093,Semi Managed
Plant - NZ,NZ Direct Export,4013594,ALASKA MILK CORPORATION,A,FrieslandCampina,Philippines,114691,ACAS N7417 MIN 30M 25KG MBG,Casein,Acid Casein,New Zealand,251.575,2393057.14169,2136610.508665449,256446.63302455097,0,0,0,0,0,256446.63302455097,23746.585674264457,256446.63302455097,232700.0473502865,FrieslandCampina
Plant - NZ,NZ Direct Export,4013595,PT KIEVIT INDONESIA,A,FrieslandCampina,Indonesia,104613,ACas 7417 Min 30# all-in 10% 25kg MBG,Casein,Acid Casein,New Zealand,709.6750000000001,7208686.93501,6490179.449637438,718507.485372562,0,0,0,0,0,718507.485372562,66987.41205757181,718507.485372562,651520.0733149901,FrieslandCampina
Plant - NZ,NZ Direct Export,4015325,MAJAN FOOD INDUSTRIES L.L.C,A,FrieslandCampina,United Arab Emirates,112081,GDT WMP INST A&D FLC 25KG MBG RM,WMP,Wholemilk Powder,New Zealand,824.475,3180930.30484,3335744.8256430808,-154814.52080308087,0,0,0,0,0,-154814.52080308087,77823.57636406316,-154814.52080308087,-232638.09716714403,FrieslandCampina
Portena - NL,EU to EU Direct,1051207,MILCHWERKE MITTELELBE GMBH,A,Lactoland,Germany,115074,FNL LAC 100M MHYD 1000KG BBG,Lactose,Edible Lactose,Netherlands,702,599100,513031.2908909065,86068.70910909353,9032.517340867422,5632.521373798525,0,8955.505809027643,25678.252499999995,45725.417894427585,66262.95595084428,36769.91208539994,-29493.043865444335,Managed
Portena - NL,EU to EU Direct,1051207,MILCHWERKE MITTELELBE GMBH,A,Lactoland,Germany,115536,FNL LAC MHYD 100M NZMP 25KG MBG,Lactose,Edible Lactose,Netherlands,272,231520,167199.13413035468,64320.86586964532,3110.91448776947,2182.4014439789157,0,5713.5564225979415,9946.2175,49081.332437896934,25674.53563907357,43367.776015298994,17693.240376225425,Managed
Portena - NL,EU to EU Direct,1051207,MILCHWERKE MITTELELBE GMBH,A,Lactoland,Germany,119540,FNL WPC80 CHS 550 NUTING 20KG BAG,WPC,WPC 80% (Cheese),Netherlands,17.6,162800,122575.10537627843,40224.89462372157,283.0703440157881,141.2142110809887,0,7853.026330434572,813.3999999999997,38987.210068624794,1661.2934825282898,31134.183738190222,29472.890255661932,Managed
Portena - NL,EU to EU Direct,1051250,ALINDA-VELCO S.A.,B,Alinda-Velco,Greece,114104,FNL WPC 356 20KG MBG,WPC,High Fat B/T WPC,Netherlands,28,210400,222287.01272164035,-11887.012721640349,450.3391836614811,224.65897217430017,0,6168.701970126822,0,-12562.01087747613,2642.966904022279,-18730.712847602954,-21373.679751625234,Unknowned Segment
Portena - NL,EU to EU Direct,1051250,ALINDA-VELCO S.A.,B,Alinda-Velco,Greece,114132,FNL WPC80 CHS 450 INST 20KG MBG,WPC,WPC 80% (Cheese),Netherlands,17.6,83600,91308.81546846182,-7708.81546846182,283.0703440157881,141.2142110809887,0,2430.7073840515172,0,-8133.100023558598,1661.2934825282898,-10563.807407610115,-12225.100890138405,Unknowned Segment
Portena - NL,EU to EU Direct,1051250,ALINDA-VELCO S.A.,B,Alinda-Velco,Greece,114272,FNL WPC80 CHS 515 20KG MBG,WPC,WPC 80% (Cheese),Netherlands,48,437440,301265.6255556252,136174.37444437481,772.0100291339676,385.12966658451455,0,10158.543627004587,0,135017.23474865634,4530.800406895336,124858.69112165175,120327.89071475642,Unknowned Segment
Portena - NL,EU to EU Direct,1051250,ALINDA-VELCO S.A.,B,Alinda-Velco,Greece,116420,STNMD MPC85 4854 LOSRC NES 550KG BBG,MPC,Milk Protein Concentrate >=80%,Germany,1.65,15345,15259.14080801105,85.85919198894953,38.600501456698375,13.238832288842687,59.25694480170966,55.39208868995401,0,-25.237086558301186,155.74626398702713,-80.6291752482552,-236.37543923528233,Unknowned Segment
Portena - NL,EU to EU Direct,1051269,USINE NUTRIBIO DOULLENS,C,NUTRIBIO,France,114272,FNL WPC80 CHS 515 20KG MBG,WPC,WPC 80% (Cheese),Netherlands,32,464000,246901.2380188195,217098.7619811805,514.6733527559784,256.753111056343,0,6772.362418003057,2338.5,213988.83551736816,3020.53360459689,207216.4730993651,204195.93949476822,Smart Serve
Portena - NL,EU to EU Direct,1051360,NUTRISUN (SITUÉ APRES SOJASUN),B,Laiterie Triballat,France,114266,FNL WPI 894-INST MF 20KG MBG,WPC,Whey Protein Isolate,Netherlands,17.6,325600,159853.98351148097,165746.01648851903,283.0703440157881,141.2142110809887,0,5380.995431360731,1757.7,163564.03193342226,1661.2934825282898,158183.03650206153,156521.74301953323,Smart Serve
Portena - NL,EU to EU Direct,1051929,ALINDA-VELCO S.A.,B,Alinda-Velco,Greece,116420,STNMD MPC85 4854 LOSRC NES 550KG BBG,MPC,Milk Protein Concentrate >=80%,Germany,1.65,15345,15259.14080801105,85.85919198894953,38.600501456698375,13.238832288842687,59.25694480170966,55.39208868995401,0,-25.237086558301186,155.74626398702713,-80.6291752482552,-236.37543923528233,Unknowned Segment
Portena - NL,EU to EU Direct,2000332,STERNMAID GMBH & CO. KG,C,Sternmaid,Germany,114132,FNL WPC80 CHS 450 INST 20KG MBG,WPC,WPC 80% (Cheese),Netherlands,17.6,214720,136938.59786247544,77781.40213752456,283.0703440157881,141.2142110809887,0,2430.7073840515172,898.59,76458.52758242779,1661.2934825282898,74027.82019837627,72366.52671584798,Smart Serve
Portena - NL,EU to EU Direct,2002047,COOPERATIVE ISIGNY SAINTE-MERE,A,Coop. Isigny Sainte-Mere,France,115984,FNL WPC80 CHS 392 NUTING WTBLD 20KG MBG,WPC,WPC 80% (Cheese),Netherlands,720.5,8859340,5763433.2577754,3095906.7422246,11588.192208146325,5780.956766127973,0,190889.7510378588,59287.090000000004,3019250.503250326,68009.20194100187,2828360.752212467,2760351.5502714654,Managed
Portena - NL,EU to EU Direct,2002047,COOPERATIVE ISIGNY SAINTE-MERE,A,Coop. Isigny Sainte-Mere,France,119496,FNL WPC 356 NUTING LPD70 20KG MBG,WPC,High Fat B/T WPC,Netherlands,32.8,398080,265970.72291298234,132109.27708701766,527.5401865748779,263.1719388327516,0,10477.90780626353,5785.92,125532.64496161001,3096.046944711812,115054.73715534649,111958.69021063468,Managed
Portena - NL,EU to EU Direct,2002317,FONTERRA (EUROPE) COOPERATIE U,C,Fonterra,Netherlands,114132,FNL WPC80 CHS 450 INST 20KG MBG,WPC,WPC 80% (Cheese),Netherlands,0.02,0,134.59051007613013,-134.59051007613013,0.3216708454724865,0.16047069441021442,0,2.762167481876724,0,-135.07265161601282,1.8878335028730564,-137.83481909788955,-139.72265260076261,Fonterra
Portena - NL,EU to EU Direct,2002317,FONTERRA (EUROPE) COOPERATIE U,C,Fonterra,Netherlands,114917,FNL WPC80 CHS 392 JP 20KG MBG,WPC,WPC 80% (Cheese),Netherlands,0.06,0,511.16102474473377,-511.16102474473377,0.9650125364174594,0.48141208323064316,0,32.77301375841238,0,-512.6074493643819,5.663500508619169,-545.3804631227943,-551.0439636314135,Fonterra
Portena - NL,EU to EU Direct,2002317,FONTERRA (EUROPE) COOPERATIE U,C,Fonterra,Netherlands,119496,FNL WPC 356 NUTING LPD70 20KG MBG,WPC,High Fat B/T WPC,Netherlands,0.02,0,160.6407842073454,-160.6407842073454,0.3216708454724865,0.16047069441021442,0,6.388968174550934,0,-161.1229257472281,1.8878335028730564,-167.51189392177903,-169.3997274246521,Fonterra
Portena - NL,EU to EU Direct,2002317,FONTERRA (EUROPE) COOPERATIE U,C,Fonterra,Netherlands,119540,FNL WPC80 CHS 550 NUTING 20KG BAG,WPC,WPC 80% (Cheese),Netherlands,0.02,0,142.96467975627635,-142.96467975627635,0.3216708454724865,0.16047069441021442,0,8.923893557312013,0,-143.44682129615904,1.8878335028730564,-152.37071485347104,-154.2585483563441,Fonterra
Portena - NL,EU to EU Direct,2003944,LACTOLAND,A,Lactoland,Germany,114132,FNL WPC80 CHS 450 INST 20KG MBG,WPC,WPC 80% (Cheese),Netherlands,140.8,1524160,1040967.2788857067,483192.7211142933,2264.562752126305,1129.7136886479095,0,19445.659072412138,0,479798.4446735191,13290.347860226319,460352.785601107,447062.4377408807,Managed
Portena - NL,EU to EU Direct,2003944,LACTOLAND,A,Lactoland,Germany,114266,FNL WPI 894-INST MF 20KG MBG,WPC,Whey Protein Isolate,Netherlands,70.4,1239040,628322.3402496524,610717.6597503476,1132.2813760631525,564.8568443239548,0,21523.981725442925,0,609020.5215299606,6645.173930113159,587496.5398045176,580851.3658744044,Managed
Portena - NL,EU to EU Direct,2003944,LACTOLAND,A,Lactoland,Germany,115074,FNL LAC 100M MHYD 1000KG BBG,Lactose,Edible Lactose,Netherlands,188,242704,137392.99528132536,105311.00471867464,2418.9647579530983,1508.4245274560153,0,2398.3405870330444,2328.9600000000005,99054.65543326552,17745.63492700673,96656.31484623248,78910.67991922575,Managed
Portena - NL,EU to EU Direct,2004007,LACTOPROT DEUTSCHLAND GMBH,C,Lactoprot Deutschland,Germany,114266,FNL WPI 894-INST MF 20KG MBG,WPC,Whey Protein Isolate,Netherlands,17.6,123200,131380.0014360739,-8180.001436073886,283.0703440157881,141.2142110809887,0,5380.995431360731,0,-8604.285991170664,1661.2934825282898,-13985.281422531396,-15646.574905059686,Unknowned Segment
Portena - NL,EU to EU Direct,2004062,PRIVATMOLKEREI NAARMANN GMBH,C,PRIVATMOLKEREI NAARMANN GMBH,Germany,114272,FNL WPC80 CHS 515 20KG MBG,WPC,WPC 80% (Cheese),Netherlands,1.6,21600,13708.973080443406,7891.026919556594,25.73366763779892,12.837655552817154,0,338.6181209001529,269.88,7582.575596365978,151.02668022984452,7243.957475465824,7092.9307952359795,Smart Serve
Portena - NL,EU to EU Direct,2004080,FRESENIUS,A,Fresenius,Germany,119540,FNL WPC80 CHS 550 NUTING 20KG BAG,WPC,WPC 80% (Cheese),Netherlands,28.8,394200,225229.36174291177,168970.63825708823,463.2060174803806,231.07779995070877,0,12850.406722529298,1987.3599999999997,166288.99443965717,2718.480244137201,153438.58771712787,150720.10747299067,Managed
Portena - NL,EU to EU Direct,2004154,ALMIL AG – WEIDING PLANT,C,Hochwald,Germany,115074,FNL LAC 100M MHYD 1000KG BBG,Lactose,Edible Lactose,Netherlands,360,477960,262835.68347303325,215124.31652696675,4632.060174803805,2888.472499383859,0,4592.567081552637,18890.24,188713.5438527791,33981.003051715015,184120.97677122647,150139.97371951147,Semi Managed
Portena - NL,EU to EU Direct,2004201,INTERFOOD BV,A,Interfood,Netherlands,115074,FNL LAC 100M MHYD 1000KG BBG,Lactose,Edible Lactose,Netherlands,3142,3171316,2457039.6757185436,714276.3242814564,40427.5918589821,25209.946091844682,0,40082.90491732885,0,648638.7863306296,296578.64330135717,608555.8814133008,311977.2381119436,Semi Managed
Portena - NL,EU to EU Direct,2004201,INTERFOOD BV,A,Interfood,Netherlands,115536,FNL LAC MHYD 100M NZMP 25KG MBG,Lactose,Edible Lactose,Netherlands,34,24800,28348.609767982114,-3548.609767982114,388.86431097118367,272.80018049736447,0,714.1945528247427,0,-4210.274259450663,3209.3169548841956,-4924.468812275405,-8133.785767159601,Semi Managed
Portena - NL,EU to EU Direct,2005770,UNIVAR SOLUTIONS B.V.,B,Univar Solutions,Netherlands,114068,FNL WPC80 CHS 392 20KG MBG,WPC,WPC 80% (Cheese),Netherlands,19.2,167360,188313.45904256488,-20953.45904256488,308.80401165358705,154.05186663380584,0,6597.114070913447,0,-21416.314920852274,1812.320162758134,-28013.428991765722,-29825.749154523855,Managed
Portena - NL,EU to EU Direct,2005770,UNIVAR SOLUTIONS B.V.,B,Univar Solutions,Netherlands,114104,FNL WPC 356 20KG MBG,WPC,High Fat B/T WPC,Netherlands,32.68,192320,250327.154475812,-58007.154475812014,525.6101615020428,262.20911466629036,0,7199.756442276592,0,-58794.97375198035,3084.7199436945743,-65994.73019425695,-69079.45013795153,Managed
Portena - NL,EU to EU Direct,2005770,UNIVAR SOLUTIONS B.V.,B,Univar Solutions,Netherlands,114132,FNL WPC80 CHS 450 INST 20KG MBG,WPC,WPC 80% (Cheese),Netherlands,17.6,79200,105162.15136676442,-25962.151366764418,283.0703440157881,141.2142110809887,0,2430.707384051517,0,-26386.435921861193,1661.2934825282896,-28817.14330591271,-30478.436788441,Managed
Portena - NL,EU to EU Direct,2005770,UNIVAR SOLUTIONS B.V.,B,Univar Solutions,Netherlands,114266,FNL WPI 894-INST MF 20KG MBG,WPC,Whey Protein Isolate,Netherlands,10.4,72800,86009.31813595924,-13209.318135959242,167.268839645693,83.44476109331148,0,3179.679118531341,0,-13460.031736698245,981.6734214939894,-16639.710855229587,-17621.384276723576,Managed
Portena - NL,EU to EU Direct,2005770,UNIVAR SOLUTIONS B.V.,B,Univar Solutions,Netherlands,115536,FNL LAC MHYD 100M NZMP 25KG MBG,Lactose,Edible Lactose,Netherlands,22.5,36000,20790.655552756223,15209.344447243777,257.3366763779892,180.5295312114912,0,472.62874819284445,0,14771.478239654298,2123.8126907321885,14298.849491461453,12175.036800729264,Managed
Portena - NL,EU to EU Direct,2005770,UNIVAR SOLUTIONS B.V.,B,Univar Solutions,Netherlands,115984,FNL WPC80 CHS 392 NUTING WTBLD 20KG MBG,WPC,WPC 80% (Cheese),Netherlands,1.6,7680,9390.241270352315,-1710.241270352315,25.73366763779892,12.837655552817154,0,423.90506823119233,0,-1748.812593542931,151.02668022984452,-2172.7176617741234,-2323.744342003968,Managed
Portena - NL,EU to EU Direct,2006294,BUISMAN WAREHOUSING B.V.,B,Hoogwegt,Netherlands,114132,FNL WPC80 CHS 450 INST 20KG MBG,WPC,WPC 80% (Cheese),Netherlands,127.20000000000002,584640,756730.0330590792,-172090.0330590792,2045.8265772050142,1020.5936164489636,0,17567.385184735966,0,-175156.45325273316,12006.62107827264,-192723.83843746912,-204730.45951574176,Semi Managed
Portena - NL,EU to EU Direct,2006294,BUISMAN WAREHOUSING B.V.,B,Hoogwegt,Netherlands,114273,FNL WPC80 CHS 515 20KG MBG FLSH,WPC,WPC 80% (Cheese),Netherlands,17.6,149600,153272.52016306485,-3672.5201630648517,283.0703440157881,141.2142110809887,0,4559.212807889717,0,-4096.804718161628,1661.2934825282898,-8656.017526051346,-10317.311008579636,Semi Managed
Portena - NL,EU to EU Direct,2007980,HAVERO HOOGWEGT BV,B,Hoogwegt,Netherlands,114132,FNL WPC80 CHS 450 INST 20KG MBG,WPC,WPC 80% (Cheese),Netherlands,17.6,95040,104704.78444842606,-9664.784448426057,283.0703440157881,141.2142110809887,0,2430.7073840515172,0,-10089.069003522834,1661.2934825282898,-12519.776387574351,-14181.069870102641,Semi Managed
Portena - NL,EU to EU Direct,2008011,FRIESLANDCAMPINA DOMO,A,FrieslandCampina,Netherlands,121155,MILEI WHEYFRAC LF 95% 10KG CTN,Whey,Whey Fractions,Germany,7.44,4528200,1715319.5153111808,2812880.4846888194,531.8291311811777,59.695098320599755,0,34105.98471939056,1118.54,2811170.4204593175,702.274063068777,2777064.435739927,2776362.161676858,FrieslandCampina
Portena - NL,EU to EU Direct,2008455,FONTERRA (EUROPE) COOPERATIE U,C,Fonterra,Netherlands,114068,FNL WPC80 CHS 392 20KG MBG,WPC,WPC 80% (Cheese),Netherlands,0.08,0,753.6679084575403,-753.6679084575403,1.286683381889946,0.6418827776408577,0,27.487975295472697,0,-755.5964746170711,7.551334011492226,-783.0844499125437,-790.635783924036,Fonterra
Portena - NL,EU to EU Direct,2008455,FONTERRA (EUROPE) COOPERATIE U,C,Fonterra,Netherlands,114132,FNL WPC80 CHS 450 INST 20KG MBG,WPC,WPC 80% (Cheese),Netherlands,0.08,0,589.0176448484578,-589.0176448484578,1.286683381889946,0.6418827776408577,0,11.048669927506896,0,-590.9462110079886,7.551334011492226,-601.9948809354955,-609.5462149469878,Fonterra
Portena - NL,EU to EU Direct,2008455,FONTERRA (EUROPE) COOPERATIE U,C,Fonterra,Netherlands,114272,FNL WPC80 CHS 515 20KG MBG,WPC,WPC 80% (Cheese),Netherlands,0.08,0,532.4747998697046,-532.4747998697046,1.286683381889946,0.6418827776408577,0,16.930906045007642,0,-534.4033660292354,7.551334011492226,-551.334272074243,-558.8856060857353,Fonterra
Portena - NL,EU to EU Direct,2008455,FONTERRA (EUROPE) COOPERATIE U,C,Fonterra,Netherlands,119540,FNL WPC80 CHS 550 NUTING 20KG BAG,WPC,WPC 80% (Cheese),Netherlands,0.06,0,428.8940392688291,-428.8940392688291,0.9650125364174594,0.48141208323064316,0,26.771680671936036,0,-430.3404638884772,5.663500508619169,-457.11214456041324,-462.7756450690324,Fonterra
Portena - NL,EU to EU Direct,2009710,LACTOLAND,A,Lactoland,Germany,114132,FNL WPC80 CHS 450 INST 20KG MBG,WPC,WPC 80% (Cheese),Netherlands,17.6,204160,130120.90986071333,74039.09013928667,283.0703440157881,141.2142110809887,0,2430.7073840515172,0,73614.80558418989,1661.2934825282898,71184.09820013837,69522.80471761008,Managed
Portena - NL,EU to EU Direct,2010899,MGL MOLKEREIGESELLSCHAFT LAUIN,A,MGL,Germany,114104,FNL WPC 356 20KG MBG,WPC,High Fat B/T WPC,Netherlands,8,61600,62653.70672015249,-1053.7067201524915,128.6683381889946,64.18827776408575,0,1762.486277179092,600.28,-1846.8433361055718,755.13340114922255,-3609.3296132846635,-4364.463014433886,Unknowned Segment
Portena - NL,EU to EU Direct,2010899,MGL MOLKEREIGESELLSCHAFT LAUIN,A,MGL,Germany,114273,FNL WPC80 CHS 515 20KG MBG FLSH,WPC,WPC 80% (Cheese),Netherlands,26.04,153978,186043.90932064562,-32065.909320645616,418.8154408051774,208.93284412209914,0,6745.562586218648,2811.31,-35504.96760557289,2457.9592207407195,-42250.53019179154,-44708.48941253226,Unknowned Segment
Portena - NL,EU to EU Direct,2011535,ALINDA ROMANIA SRL,B,Alinda-Velco,Romania,114266,FNL WPI 894-INST MF 20KG MBG,WPC,Whey Protein Isolate,Netherlands,3,21900,22400.405530604854,-500.405530604854,48.250626820872974,24.07060416153216,0,917.2151303455792,0,-572.7267615872591,283.17502543095844,-1489.9418919328382,-1773.1169173637966,Unknowned Segment
Portena - NL,EU to EU Direct,2012213,CHEMLOG,C,Azelis,France,114068,FNL WPC80 CHS 392 20KG MBG,WPC,WPC 80% (Cheese),Netherlands,0.14,1400,1272.1911272217023,127.80887277829765,2.251695918307406,1.123294860871501,0,48.10395676707722,115.73545454545453,8.698427453664223,13.214834520111395,-39.405529313413,-52.620363833524394,Semi Managed
Portena - NL,EU to EU Direct,2012213,CHEMLOG,C,Azelis,France,114266,FNL WPI 894-INST MF 20KG MBG,WPC,Whey Protein Isolate,Netherlands,1.6,20120,12980.890803462593,7139.109196537407,25.73366763779892,12.837655552817154,0,489.18140285097553,314.155,6786.382873346791,151.02668022984452,6297.201470495816,6146.174790265971,Semi Managed
Portena - NL,EU to EU Direct,2012213,CHEMLOG,C,Azelis,France,115984,FNL WPC80 CHS 392 NUTING WTBLD 20KG MBG,WPC,WPC 80% (Cheese),Netherlands,0.9400000000000001,8360,5523.936343558433,2836.063656441567,15.118529737206867,7.542122637280077,0,249.0442275858255,246.30293103448275,2567.1000730325977,88.72817463503365,2318.0558454467723,2229.3276708117387,Semi Managed
Portena - NL,EU to EU Direct,2014383,INDUSTRIEBERATUNG J.KNOBEL GMB,C,Industrieberatung J.Knobel,Germany,114272,FNL WPC80 CHS 515 20KG MBG,WPC,WPC 80% (Cheese),Netherlands,0.2,0,1499.8134935852095,-1499.8134935852095,3.216708454724865,1.6047069441021442,0,42.327265112519115,168.56,-1673.1949089840364,18.878335028730564,-1715.5221740965555,-1734.4005091252861,Smart Serve
Portena - NL,EU to EU Direct,2014718,HANS-PETER IRTZ GMBH,C,Herza Schokolade,Germany,114272,FNL WPC80 CHS 515 20KG MBG,WPC,WPC 80% (Cheese),Netherlands,4,54600,26852.690904583716,27747.309095416284,64.3341690944973,32.09413888204288,0,846.5453022503822,345.46,27305.420787439743,377.5667005746113,26458.87548518936,26081.30878461475,Smart Serve
Portena - NL,EU to EU Direct,2015001,YES MULTI LOGISTICS CENTER-FRA,B,Univar Solutions,Germany,114068,FNL WPC80 CHS 392 20KG MBG,WPC,WPC 80% (Cheese),Netherlands,1.62,13280,15888.948106716412,-2608.9481067164124,26.055338483271406,12.998126247227367,0,556.6314997333221,236,-2884.0015714469114,152.91451373271758,-3440.6330711802334,-3593.547584912951,Managed
Portena - NL,EU to EU Direct,2015001,YES MULTI LOGISTICS CENTER-FRA,B,Univar Solutions,Germany,114104,FNL WPC 356 20KG MBG,WPC,High Fat B/T WPC,Netherlands,45.6,344640,349293.7039197377,-4653.703919737716,733.4095276772692,365.87318325528884,0,10046.171779920825,0,-5752.986630670274,4304.260386550569,-15799.158410591099,-20103.41879714167,Managed
Portena - NL,EU to EU Direct,2015001,YES MULTI LOGISTICS CENTER-FRA,B,Univar Solutions,Germany,114132,FNL WPC80 CHS 450 INST 20KG MBG,WPC,WPC 80% (Cheese),Netherlands,38.4,224160,229444.69389112238,-5284.693891122384,617.6080233071741,308.1037332676117,0,5303.36156520331,0,-6210.40564769717,3624.640325516268,-11513.76721290048,-15138.407538416748,Managed
Portena - NL,EU to EU Direct,2015001,YES MULTI LOGISTICS CENTER-FRA,B,Univar Solutions,Germany,114133,FNL PL WPC80 CHS INST 20KG MBG,WPC,WPC 80% (Cheese),Netherlands,11.2,120960,87284.70360497238,33675.29639502762,180.13567346459243,89.86358886972006,0,2406.088885595846,0,33405.297132693304,1057.1867616089114,30999.208247097456,29942.021485488545,Managed
Portena - NL,EU to EU Direct,2015001,YES MULTI LOGISTICS CENTER-FRA,B,Univar Solutions,Germany,114266,FNL WPI 894-INST MF 20KG MBG,WPC,Whey Protein Isolate,Netherlands,38.4,428640,317572.86696354183,111067.13303645817,617.6080233071741,308.1037332676117,0,11740.353668423413,0,110141.42127988339,3624.6403255162686,98401.06761145998,94776.4272859437,Managed
Portena - NL,EU to EU Direct,2015001,YES MULTI LOGISTICS CENTER-FRA,B,Univar Solutions,Germany,114272,FNL WPC80 CHS 515 20KG MBG,WPC,WPC 80% (Cheese),Netherlands,36,437760,275323.21020803694,162436.78979196306,579.0075218504757,288.8472499383859,0,7618.90772025344,0,161568.93502017422,3398.1003051715015,153950.02729992077,150551.92699474926,Managed
Portena - NL,EU to EU Direct,2015001,YES MULTI LOGISTICS CENTER-FRA,B,Univar Solutions,Germany,119540,FNL WPC80 CHS 550 NUTING 20KG BAG,WPC,WPC 80% (Cheese),Netherlands,0.54,5796,4175.234815015384,1620.765184984616,8.685112827757134,4.332708749075789,0,240.9451260474243,0,1607.747363407783,50.97150457757252,1366.8022373603587,1315.8307327827863,Managed
Portena - NL,EU to EU Direct,2016252,VREUGDENHIL DAIRY FOODS,A,Vreugdenhil,Netherlands,114068,FNL WPC80 CHS 392 20KG MBG,WPC,WPC 80% (Cheese),Netherlands,5.6,54320,53688.12365422398,631.8763457760215,90.06783673229621,44.93179443486003,0,1924.1582706830886,0,496.87671460886526,528.5933808044557,-1427.2815560742233,-1955.874936878679,Semi Managed
Portena - NL,EU to EU Direct,2016252,VREUGDENHIL DAIRY FOODS,A,Vreugdenhil,Netherlands,115964,FNL LAC 100M MHYD VGDH 25KG MBG,Lactose,Edible Lactose,Netherlands,630,792225,479212.87598154554,313012.12401845446,8106.10530590666,5054.826873921754,0,11509.194799516265,0,299851.19183862605,59466.75534050127,288341.99703910976,228875.2416986085,Semi Managed
Portena - NL,EU to EU Direct,2016252,VREUGDENHIL DAIRY FOODS,A,Vreugdenhil,Netherlands,116048,FNL LAC MHYD 100M 1000KG BBG,Lactose,Edible Lactose,Netherlands,7056,8207040,5063887.745669465,3143152.2543305354,90788.37942615458,56614.060987923636,0,93274.10217102758,0,2995749.813916457,666027.6598136142,2902475.7117454293,2236448.051931815,Semi Managed
Portena - NL,EU to EU Direct,2016317,AGROCOMPLEX SP. Z O.O,A,Agrocomplex,Poland,114132,FNL WPC80 CHS 450 INST 20KG MBG,WPC,WPC 80% (Cheese),Netherlands,17.6,99440,111431.82421455938,-11991.824214559383,283.0703440157881,141.2142110809887,0,2430.7073840515172,0,-12416.10876965616,1661.2934825282898,-14846.816153707678,-16508.109636235968,Managed
Portena - NL,EU to EU Direct,4000203,AMINOLABS,A,Aminolabs,Belgium,114132,FNL WPC80 CHS 450 INST 20KG MBG,WPC,WPC 80% (Cheese),Netherlands,246.40000000000003,1637504,1707812.1534394305,-70308.15343943052,3962.9848162210337,1976.998955133842,0,34029.90337672124,7115.779999999999,-83363.9172107854,23258.108755396057,-117393.82058750663,-140651.9293429027,Managed
Portena - NL,EU to EU Direct,4000203,AMINOLABS,A,Aminolabs,Belgium,114266,FNL WPI 894-INST MF 20KG MBG,WPC,Whey Protein Isolate,Netherlands,17.6,123200,145778.03005656533,-22578.03005656533,283.0703440157881,141.2142110809887,0,5380.995431360731,508.2699999999999,-23510.584611662107,1661.2934825282898,-28891.580043022837,-30552.873525551127,Managed
Portena - NL,EU to EU Direct,4000489,NUMIDIA BV,B,Numidia,Netherlands,114850,FNL LAC MHYD 100M NMDI NMLC 25KG MBG,Lactose,Edible Lactose,Netherlands,254.875,334496.25,216615.37069147505,117880.87930852495,2915.052684081778,2044.99841189017,0,3477.5136328694534,0,112920.82821255301,24058.078202238514,109443.31457968356,85385.23637744505,Smart Serve
Portena - NL,EU to EU Direct,4000489,NUMIDIA BV,B,Numidia,Netherlands,115536,FNL LAC MHYD 100M NZMP 25KG MBG,Lactose,Edible Lactose,Netherlands,697.65,667007.25,503570.7590221406,163436.49097785942,7979.152545560185,5597.6189977643035,0,14654.642052299463,0,149859.71943453493,65852.3521639694,135205.07738223547,69352.72521826607,Smart Serve
Portena - NL,EU to EU Direct,4000489,NUMIDIA BV,B,Numidia,Netherlands,116048,FNL LAC MHYD 100M 1000KG BBG,Lactose,Edible Lactose,Netherlands,390,428820,285057.45822066383,143762.54177933617,5018.065189370789,3129.1785409991808,0,5155.456327480266,0,135615.2980489662,36812.7533060246,130459.84172148592,93647.08841546133,Smart Serve
Portena - NL,EU to EU Direct,4001148,HOCHWALD FOODS GMBH,C,Hochwald,Germany,115074,FNL LAC 100M MHYD 1000KG BBG,Lactose,Edible Lactose,Netherlands,552,627480,403014.714658651,224465.28534134902,7102.492268032502,4428.991165721918,0,7041.936191714044,15047.76,197886.0419075946,52104.20467929635,190844.10571588055,138739.9010365842,Semi Managed
Portena - NL,EU to EU Direct,4001149,HOCHWALD FOODS GMBH,C,Hochwald,Germany,115074,FNL LAC 100M MHYD 1000KG BBG,Lactose,Edible Lactose,Netherlands,24,21960,17522.378898202216,4437.621101797784,308.80401165358705,192.56483329225728,0,306.17113877017584,771.39,3164.86225685194,2265.4002034476675,2858.691118081764,593.2909146340967,Semi Managed
Portena - NL,EU to EU Direct,4001431,SAI NUTRITION,C,Azelis,France,114266,FNL WPI 894-INST MF 20KG MBG,WPC,Whey Protein Isolate,Netherlands,0.8,6960,6490.445401731296,469.55459826870356,12.86683381889946,6.418827776408577,0,244.59070142548777,417.27,32.99893667339552,75.51334011492226,-211.59176475209225,-287.1051048670145,Semi Managed
Portena - NL,EU to EU Switch,4001647,SAPUTO DAIRY UK,B,Saputo Dairy,United Kingdom,113998,FNL LAC MHYD UNMILLED 1000KG,Lactose,Edible Lactose,Netherlands,44,46477.64,60496.42064240045,-14018.780642400452,566.1406880315762,353.0355277024717,0,939.7369223047897,5086.2,-20024.156858134502,4153.233706320724,-20963.89378043929,-25117.127486760015,Semi Managed
Portena - NL,EU to EU Direct,4001709,"LACONA , C/O DOCOMAR BV",C,Lacona Nahrungsmittel,Netherlands,114068,FNL WPC80 CHS 392 20KG MBG,WPC,WPC 80% (Cheese),Netherlands,1.6,7520,10715.963373293986,-3195.9633732939856,25.73366763779892,12.837655552817154,0,549.759505909454,0,-3234.5346964846017,151.02668022984452,-3784.294202394056,-3935.3208826239006,Unknowned Segment
Portena - NL,EU to EU Direct,4002119,"ALTER FARMACIA, S.A.",B,Alter Farmacia,Spain,119209,FNL WPC80 CHS 392 NUTING WTBLD 680KG BBG,WPC,WPC 80% (Cheese),Netherlands,31.28,362848,241614.04346819734,121233.95653180266,591.8743556693752,250.9761660575753,0,15428.826806233032,4272.2,116118.9060100757,2952.5715984934604,100690.07920384267,97737.50760534921,Semi Managed
Portena - NL,EU to EU Direct,4002119,"ALTER FARMACIA, S.A.",B,Alter Farmacia,Spain,119461,FNL LAC NUTING UNMILLED NZMP 1000KG BBG,Lactose,Edible Lactose,Netherlands,257,318160,150800.86148054778,167359.13851945222,3306.7762914571613,2062.048423171255,0,4267.559137895923,22140.170833333334,139850.14297149048,24258.660511918773,135582.58383359454,111323.92332167577,Semi Managed
Portena - NL,EU to EU Direct,4002119,"ALTER FARMACIA, S.A.",B,Alter Farmacia,Spain,119565,FNL LAC NUTING UNMILLED 1000KG BBG,Lactose,Edible Lactose,Netherlands,677,935800,503153.7120095267,432646.2879904733,8710.846495394935,5431.933005785758,0,11237.318389936585,60433.82916666666,358069.679322626,63903.164072252956,346832.3609326894,282929.19686043647,Semi Managed
Portena - NL,EU to EU Direct,4002119,"ALTER FARMACIA, S.A.",B,Alter Farmacia,Spain,120840,FNL WPC80 CHS 392 NUTING 680KG BBG,WPC,WPC 80% (Cheese),Netherlands,14.96,173536,83230.52420660474,90305.47579339526,283.0703440157881,120.03207941884038,0,2051.3445229457275,2136.1,87766.27336996063,1412.0994601490463,85714.9288470149,84302.82938686585,Semi Managed
Portena - NL,EU to EU Direct,4002270,VAN HEES GMBH,C,Van Hees,Germany,115536,FNL LAC MHYD 100M NZMP 25KG MBG,Lactose,Edible Lactose,Netherlands,73.125,108506.25,54171.76520662886,54334.48479337114,836.3441982284648,586.7209764373464,0,1536.0434316267445,2550,50361.41961870533,6902.391244879613,48825.37618707859,41922.98494219898,Smart Serve
Portena - NL,EU to EU Direct,4002361,BAKOMA SP. Z O. O.,B,Bakoma,Poland,114272,FNL WPC80 CHS 515 20KG MBG,WPC,WPC 80% (Cheese),Netherlands,132,1539900,963156.0658732268,576743.9341267732,2123.0275801184107,1059.1065831074152,0,27935.994974262612,12471.96,561089.8399635474,12459.701118962172,533153.8449892848,520694.14387032256,Managed
Portena - NL,EU to EU Direct,4002518,NUTRICHEM DIAT PHARMA GMBH,C,Nutrichem Diat Pharma,Germany,114068,FNL WPC80 CHS 392 20KG MBG,WPC,WPC 80% (Cheese),Netherlands,19.200000000000003,154560,180048.10209241032,-25488.10209241032,308.80401165358705,154.05186663380584,0,6597.114070913448,2885.3399999999997,-28836.297970697717,1812.3201627581343,-35433.41204161116,-37245.7322043693,Smart Serve
Portena - NL,EU to EU Direct,4002518,NUTRICHEM DIAT PHARMA GMBH,C,Nutrichem Diat Pharma,Germany,114266,FNL WPI 894-INST MF 20KG MBG,WPC,Whey Protein Isolate,Netherlands,6.4,76800,53352.260523966856,23447.739476033144,102.93467055119568,51.350622211268615,0,1956.7256114039021,1100.056,22193.398183270678,604.1067209193781,20236.672571866777,19632.565850947398,Smart Serve
Portena - NL,EU to EU Direct,4002518,NUTRICHEM DIAT PHARMA GMBH,C,Nutrichem Diat Pharma,Germany,115984,FNL WPC80 CHS 392 NUTING WTBLD 20KG MBG,WPC,WPC 80% (Cheese),Netherlands,6.4,41280,35754.20583548506,5525.79416451494,102.93467055119568,51.350622211268615,0,1695.6202729247693,606.304,4765.204871752477,604.1067209193781,3069.5845988277074,2465.4778779083294,Smart Serve
Portena - NL,EU to EU Direct,4002538,VALIO OY,C,Valio,Finland,115059,FNL LAC 100M NUTAPP WETBLD 1000KG BBG,Lactose,Edible Lactose,Netherlands,120,188640,87100.96893146212,101539.03106853788,1544.0200582679352,962.8241664612865,0,4303.906132000743,16143.68,82888.50684380866,11327.001017238337,78584.60071180791,67257.59969456958,Smart Serve
Portena - NL,EU to EU Direct,4003193,DS FRANCE MOREUIL,C,Azelis,France,116048,FNL LAC MHYD 100M 1000KG BBG,Lactose,Edible Lactose,Netherlands,48,55440,33097.71841146363,22342.281588536367,617.6080233071741,385.12966658451455,0,634.517701843725,1962.3600000000001,19377.18389864468,4530.800406895335,18742.666196800954,14211.86578990562,Semi Managed
Portena - NL,EU to EU Direct,4003434,JLB PROCESS DROME,B,JLB Process Drome,France,114132,FNL WPC80 CHS 450 INST 20KG MBG,WPC,WPC 80% (Cheese),Netherlands,88,931920,634000.752441654,297919.247558346,1415.3517200789406,706.0710554049434,0,12153.536920257586,11454.9,284342.9247828621,8306.467412641448,272189.38786260446,263882.920449963,Smart Serve
Portena - NL,EU to EU Direct,4004728,FRESENIUS KABI IPSUM S.R.L.,A,Fresenius,Italy,116048,FNL LAC MHYD 100M 1000KG BBG,Lactose,Edible Lactose,Netherlands,840,849600,655202.4420771113,194397.55792288866,10808.140407875546,6739.769165229005,0,11104.059782265189,58418.149999999994,118431.49834978412,79289.00712066836,107327.43856751893,28038.43144685056,Managed
Portena - NL,EU to EU Direct,4004788,VAN DIJK TRANSPORT,B,Ausnutria Dairy,Netherlands,119461,FNL LAC NUTING UNMILLED NZMP 1000KG BBG,Lactose,Edible Lactose,Netherlands,120,120000,58621.501605722835,61378.498394277165,1544.0200582679352,962.8241664612865,0,1992.6346169163844,1575.1,57296.55416954795,11327.001017238337,55303.91955263156,43976.918535393226,Managed
Portena - NL,EU to EU Direct,4004788,VAN DIJK TRANSPORT,B,Ausnutria Dairy,Netherlands,119496,FNL WPC 356 NUTING LPD70 20KG MBG,WPC,High Fat B/T WPC,Netherlands,37.12,461984,254196.62062793615,207787.37937206385,597.0210891969349,297.8336088253579,0,11857.924931966532,693.5500000000001,206198.97467404156,3503.8189813323925,194341.04974207503,190837.23076074265,Managed
Portena - NL,EU to EU Direct,4004788,VAN DIJK TRANSPORT,B,Ausnutria Dairy,Netherlands,119565,FNL LAC NUTING UNMILLED 1000KG BBG,Lactose,Edible Lactose,Netherlands,2352,3137280,1763664.7683715543,1373615.2316284457,30262.79314205153,18871.353662641213,0,39040.13715381218,30448.73,1294032.354823753,222009.2199378714,1254992.2176699408,1032982.9977320693,Managed
Portena - NL,EU to EU Direct,4004788,VAN DIJK TRANSPORT,B,Ausnutria Dairy,Netherlands,122373,FNL WPC 356 NUTING LPD70 20KG MBG,WPC,High Fat B/T WPC,Netherlands,125.52000000000001,1397904,917748.0410511632,480155.9589488368,2691.741634913767,1007.1140781185057,0,23453.261087312785,2496.84,473960.26323580445,11848.043064031302,450507.0021484917,438658.9590844604,Managed
Portena - NL,EU to EU Direct,4005043,RAJO S.R.O.,C,Rajo,Slovakia,114272,FNL WPC80 CHS 515 20KG MBG,WPC,WPC 80% (Cheese),Netherlands,4.800000000000001,66080,40130.32975310537,25949.67024689463,77.20100291339676,38.51296665845146,0,1015.8543627004588,720.7920000000001,25113.164277322783,453.0800406895336,24097.309914622325,23644.229873932793,Smart Serve
Portena - NL,EU to EU Direct,4005101,KERRY INGREDIENTS IRELAND LTD,C,Kerry Ingredients,Ireland,115984,FNL WPC80 CHS 392 NUTING WTBLD 20KG MBG,WPC,WPC 80% (Cheese),Netherlands,13.8,135020,89975.75496657865,45044.24503342135,221.95288337601568,110.72477914304795,0,3656.1812134940337,3604.54,41107.02737090229,1302.605116982409,37450.846157408254,36148.24104042585,Smart Serve
Portena - NL,EU to EU Direct,4005212,ALPHA C/O BAKKER LOGISTIEK,C,Alpha Milkpowders,Netherlands,114133,FNL PL WPC80 CHS INST 20KG MBG,WPC,WPC 80% (Cheese),Netherlands,35.2,174240,134872.54470252572,39367.455297474284,566.1406880315762,282.4284221619774,0,7561.993640444089,0,38518.88618728073,3322.5869650565796,30956.892546836643,27634.305581780063,Semi Managed
Portena - NL,EU to EU Direct,4005212,ALPHA C/O BAKKER LOGISTIEK,C,Alpha Milkpowders,Netherlands,114273,FNL WPC80 CHS 515 20KG MBG FLSH,WPC,WPC 80% (Cheese),Netherlands,140.8,936320,1092495.397876504,-156175.3978765041,2264.562752126305,1129.7136886479095,0,36473.702463117734,0,-159569.67431727832,13290.347860226319,-196043.37678039604,-209333.72464062236,Semi Managed
Portena - NL,EU to EU Direct,4005564,ALPHACAPS GMBH,C,Fonterra,Germany,114272,FNL WPC80 CHS 515 20KG MBG,WPC,WPC 80% (Cheese),Netherlands,0.02,0,177.5422014851435,-177.5422014851435,0.3216708454724865,0.16047069441021442,0,4.232726511251911,0,-178.02434302502618,1.8878335028730564,-182.2570695362781,-184.14490303915116,Fonterra
Portena - NL,EU to EU Direct,4005565,ALPHACAPS GMBH,B,Alphacaps,Germany,114272,FNL WPC80 CHS 515 20KG MBG,WPC,WPC 80% (Cheese),Netherlands,0.42,5610,2922.8029775459354,2687.1970224540646,6.755087754922215,3.369884582614502,0,88.88725673629013,460.56000000000006,2216.5120501165284,39.644503560334186,2127.6247933802383,2087.980289819904,Semi Managed
Portena - NL,EU to EU Direct,4005872,ELSDORFER MOLKEREI UND FEINKOS,A,Elsdorfer Molkerei,Germany,114272,FNL WPC80 CHS 515 20KG MBG,WPC,WPC 80% (Cheese),Netherlands,174.68,2248170,1388579.0898559422,859590.9101440578,2809.473164356697,1401.5510449788126,0,36968.63334927419,6998.78,848381.1059347223,16488.337814093273,811412.4725854482,794924.134771355,Managed
Portena - NL,EU to EU Direct,4005872,ELSDORFER MOLKEREI UND FEINKOS,A,Elsdorfer Molkerei,Germany,119540,FNL WPC80 CHS 550 NUTING 20KG BAG,WPC,WPC 80% (Cheese),Netherlands,27.2,204000,198562.20739406013,5437.792605939874,437.47234984258165,218.24014439789156,0,12136.495237944337,1046,3736.0801116994007,2567.4535639073565,-8400.415126244936,-10967.868690152292,Managed
Portena - NL,EU to EU Direct,4006145,SEMPER AB,B,Semper,Sweden,115984,FNL WPC80 CHS 392 NUTING WTBLD 20KG MBG,WPC,WPC 80% (Cheese),Netherlands,0.2,1598,1190.4203339159233,407.57966608407673,3.216708454724865,1.6047069441021442,0,52.98813352889904,180.34,222.41825068524972,18.878335028730564,169.43011715635066,150.5517821276201,Semi Managed
Portena - NL,EU to EU Direct,4006145,SEMPER AB,B,Semper,Sweden,119209,FNL WPC80 CHS 392 NUTING WTBLD 680KG BBG,WPC,WPC 80% (Cheese),Netherlands,59.84,747144.29,563888.1820660887,183256.10793391138,1132.2813760631525,480.12831767536153,0,29516.01649888058,7069.28,174574.41824017288,5648.397840596185,145058.4017412923,139410.00390069612,Semi Managed
Portena - NL,EU to EU Direct,4006145,SEMPER AB,B,Semper,Sweden,120840,FNL WPC80 CHS 392 NUTING 680KG BBG,WPC,WPC 80% (Cheese),Netherlands,179.52,2088522.21,1176429.3320969911,912092.8779030088,3396.8441281894575,1440.3849530260845,0,24616.13427534873,21329.32,885926.3288217933,16945.193521788555,861310.1945464446,844365.001024656,Semi Managed
Portena - NL,EU to EU Direct,4006145,SEMPER AB,B,Semper,Sweden,122609,FNL WPC80 CHS 392 NUTING RB 680KG BBG,WPC,WPC 80% (Cheese),Netherlands,14.96,169796,75146.13839911472,94649.86160088528,283.0703440157881,120.03207941884038,0,4839.888341762045,1767.32,92479.43917745065,1412.0994601490463,87639.55083568861,86227.45137553956,Semi Managed
Portena - NL,EU to EU Direct,4006358,AMINOLABS DEUTSCHLAND GMBH,A,Aminolabs,Germany,114132,FNL WPC80 CHS 450 INST 20KG MBG,WPC,WPC 80% (Cheese),Netherlands,354.34000000000003,2801431,2455950.3183836355,345480.6816163645,5699.042369236044,2843.059292865769,0,48937.32127640992,14885.920000000002,322052.6599542627,33446.746170401944,273115.3386778528,239668.59250745087,Managed
Portena - NL,EU to EU Direct,4006358,AMINOLABS DEUTSCHLAND GMBH,A,Aminolabs,Germany,114266,FNL WPI 894-INST MF 20KG MBG,WPC,Whey Protein Isolate,Netherlands,48.400000000000006,620320,400889.58265555464,219430.41734444536,778.4434460434173,388.3390804727189,0,14797.73743624201,2783.67,215479.96481792923,4568.557076952797,200682.2273816872,196113.6703047344,Managed
Portena - NL,EU to EU Direct,4006358,AMINOLABS DEUTSCHLAND GMBH,A,Aminolabs,Germany,121155,MILEI WHEYFRAC LF 95% 10KG CTN,Whey,Whey Fractions,Germany,0.06,39500,15517.073720232424,23982.926279767576,4.288944606299821,0.48141208323064316,0,275.04826386605293,431.7,23546.455923078047,5.663500508619169,23271.407659211993,23265.74415870337,Managed
Portena - NL,EU to EU Direct,4006397,HUEGLI NAHRUNGSMITTEL GMBH,C,Huegli,Germany,114266,FNL WPI 894-INST MF 20KG MBG,WPC,Whey Protein Isolate,Netherlands,1.6,18160,13207.538236151333,4952.461763848667,25.73366763779892,12.837655552817154,0,489.18140285097553,452.42,4461.47044065805,151.02668022984452,3972.2890378070747,3821.26235757723,Semi Managed
Portena - NL,EU to EU Direct,4006405,CONDIO GMBH WERDER,A,Condio,Germany,114272,FNL WPC80 CHS 515 20KG MBG,WPC,WPC 80% (Cheese),Netherlands,350.36,4059785,2531263.298053231,1528521.701946769,5635.0298709870185,2811.125624678136,0,74148.90302411099,16831.58,1503243.9664511038,33071.0673033302,1429095.0634269929,1396023.9961236627,Managed
Portena - NL,EU to EU Direct,4006405,CONDIO GMBH WERDER,A,Condio,Germany,119540,FNL WPC80 CHS 550 NUTING 20KG BAG,WPC,WPC 80% (Cheese),Netherlands,10.4,145600,99632.03869475138,45967.961305248624,167.268839645693,83.44476109331148,0,4640.424649802247,0,45717.24770450962,981.6734214939894,41076.82305470737,40095.14963321338,Managed
Portena - NL,EU to EU Direct,4006508,MILKY GROUP BIO EAD,C,Milky Group,Bulgaria,114132,FNL WPC80 CHS 450 INST 20KG MBG,WPC,WPC 80% (Cheese),Netherlands,0.8,4720,5130.553100093544,-410.55310009354434,12.86683381889946,6.418827776408577,0,110.48669927506897,0,-429.8387616888524,75.51334011492226,-540.3254609639214,-615.8388010788436,Smart Serve
Portena - NL,EU to EU Direct,4006508,MILKY GROUP BIO EAD,C,Milky Group,Bulgaria,114266,FNL WPI 894-INST MF 20KG MBG,WPC,Whey Protein Isolate,Netherlands,18.400000000000002,139600,142040.1663536011,-2440.166353601089,295.9371778346876,147.63303885739725,0,5625.586132786219,0,-2883.7365702931743,1736.8068226432122,-8509.322703079393,-10246.129525722605,Smart Serve
Portena - NL,EU to EU Direct,4007050,KLINGELE CHOCOLADE NV,C,Klingele Chocolade,Belgium,114272,FNL WPC80 CHS 515 20KG MBG,WPC,WPC 80% (Cheese),Netherlands,2.4000000000000004,27360,16022.44870681936,11337.55129318064,38.60050145669838,19.25648332922573,0,507.9271813502294,404.34000000000003,10875.354308394717,226.5400203447668,10367.427127044488,10140.887106699722,Smart Serve
Portena - NL,EU to EU Direct,4007759,HEARTHSIDE EUROPE,C,Hearthside,Netherlands,114272,FNL WPC80 CHS 515 20KG MBG,WPC,WPC 80% (Cheese),Netherlands,0.8,11600,6836.936477900553,4763.063522099447,12.86683381889946,6.418827776408577,0,169.30906045007646,68.52,4675.257860504139,75.51334011492226,4505.948800054062,4430.43545993914,Semi Managed
Portena - NL,EU to EU Direct,4007987,VAN LINDENBERG INGREDIENTS B.V,B,Van Lindenberg Trading,Netherlands,114132,FNL WPC80 CHS 450 INST 20KG MBG,WPC,WPC 80% (Cheese),Netherlands,158.4,739200,904596.6275917122,-165396.62759171217,2547.633096142093,1270.927899728898,0,21876.366456463657,0,-169215.18858758316,14951.641342754609,-191091.55504404684,-206043.19638680146,Semi Managed
Portena - NL,EU to EU Direct,4007987,VAN LINDENBERG INGREDIENTS B.V,B,Van Lindenberg Trading,Netherlands,114133,FNL PL WPC80 CHS INST 20KG MBG,WPC,WPC 80% (Cheese),Netherlands,35.2,165440,134872.4982965388,30567.501703461196,566.1406880315762,282.4284221619774,0,7561.993640444089,0,29718.93259326764,3322.5869650565796,22156.93895282355,18834.35198776697,Semi Managed
Portena - NL,EU to EU Direct,4007987,VAN LINDENBERG INGREDIENTS B.V,B,Van Lindenberg Trading,Netherlands,115536,FNL LAC MHYD 100M NZMP 25KG MBG,Lactose,Edible Lactose,Netherlands,49.5,43503.75,41707.393468009774,1796.3565319902264,566.1406880315762,397.16496866528064,0,1039.7832460242578,0,833.0508752933695,4672.387919610814,-206.7323707308883,-4879.120290341702,Semi Managed
Portena - NL,EU to EU Direct,4007987,VAN LINDENBERG INGREDIENTS B.V,B,Van Lindenberg Trading,Netherlands,120208,FNL WPC80 680KG BBG,WPC,WPC 80% (Cheese),Netherlands,70.72,427584,512185.200800077,-84601.200800077,1338.150717165544,567.4243754345181,0,13085.266715976331,0,-86506.77589267706,6675.379266159128,-99592.0426086534,-106267.42187481253,Semi Managed
Portena - NL,EU to EU Direct,4007987,VAN LINDENBERG INGREDIENTS B.V,B,Van Lindenberg Trading,Netherlands,121810,TR FNL WPC80 CHS 450 INST SOYA 20KG MBG,WPC,WPC 80% (Cheese),Netherlands,34.68,162996,351024.27538232,-188028.27538232,557.7772460492915,278.25618410731175,0,23600.87682283177,0,-188864.30881247658,3273.50329398188,-212465.18563530836,-215738.68892929025,Semi Managed
Portena - NL,EU to EU Direct,4007987,VAN LINDENBERG INGREDIENTS B.V,B,Van Lindenberg Trading,Netherlands,122037,TR FNL WPC80 CHS 450 INST SOY FLUSH 20KG,WPC,WPC 80% (Cheese),Netherlands,3.68,17296,30110.712062663184,-12814.712062663184,59.18743556693751,29.526607771479455,0,2025.4737556561086,0,-12903.4261060016,347.3613645286424,-14928.899861657708,-15276.26122618635,Semi Managed
Portena - NL,EU to EU Direct,4008212,GEORG PARLASCA KEKSFABRIK GMBH,C,Georg Parlasca Keksfabrik,Germany,114272,FNL WPC80 CHS 515 20KG MBG,WPC,WPC 80% (Cheese),Netherlands,13.200000000000001,187680,100434.28926296,87245.71073704,212.3027580118411,105.91065831074152,0,2793.599497426261,1947.01,84980.48732071744,1245.9701118962173,82186.88782329118,80940.91771139497,Smart Serve
Portena - NL,EU to EU Direct,4009188,VALIO OY,C,Valio,Finland,115059,FNL LAC 100M NUTAPP WETBLD 1000KG BBG,Lactose,Edible Lactose,Netherlands,120,180360,87100.96893146212,93259.03106853788,1544.0200582679352,962.8241664612865,0,4303.906132000743,12195.880000000001,78556.30684380865,11327.001017238337,74252.4007118079,62925.39969456957,Smart Serve
Portena - NL,EU to EU Direct,4009408,DOSSIN LOGISTIQUE,C,Azelis,France,115536,FNL LAC MHYD 100M NZMP 25KG MBG,Lactose,Edible Lactose,Netherlands,118.125,129228.75,89127.14354696023,40101.60645303977,1351.0175509844432,947.7800388603289,0,2481.3009280124334,4257.500000000001,33545.308863195,11150.016626343988,31064.00793518257,19913.99130883858,Semi Managed
Portena - NL,EU to EU Direct,4009756,SPORTS NUTRITION HOUSE S.L.,C,Sports Nutrition House,Spain,114068,FNL WPC80 CHS 392 20KG MBG,WPC,WPC 80% (Cheese),Netherlands,10.4,104000,99752.96587819254,4247.034121807461,167.268839645693,83.44476109331148,0,3573.436788411451,1569.49,2426.8305210684566,981.6734214939894,-1146.6062673429942,-2128.2796888369835,Smart Serve
Portena - NL,EU to EU Direct,4009756,SPORTS NUTRITION HOUSE S.L.,C,Sports Nutrition House,Spain,114132,FNL WPC80 CHS 450 INST 20KG MBG,WPC,WPC 80% (Cheese),Netherlands,28,236520,206050.50572857767,30469.49427142233,450.3391836614811,224.65897217430017,0,3867.0344746274136,3989.5645454545456,25804.931570132,2642.966904022279,21937.897095504588,19294.930191482308,Smart Serve
Portena - NL,EU to EU Direct,4009756,SPORTS NUTRITION HOUSE S.L.,C,Sports Nutrition House,Spain,114266,FNL WPI 894-INST MF 20KG MBG,WPC,Whey Protein Isolate,Netherlands,32,365200,261482.72839224245,103717.27160775755,514.6733527559784,256.753111056343,0,9783.628057019512,5702.605454545455,97243.23968939976,3020.5336045968907,87459.61163238026,84439.07802778337,Smart Serve
Portena - NL,EU to EU Direct,4009785,PRIVATMOLKEREI BAUER GMBH & CO,C,Privatmolkerei Bauer,Germany,114272,FNL WPC80 CHS 515 20KG MBG,WPC,WPC 80% (Cheese),Netherlands,13.6,155200,89671.42684188897,65528.57315811103,218.73617492129083,109.12007219894578,0,2878.2540276512996,2572.5,62628.21691099079,1283.7267819536783,59749.96288333949,58466.23610138581,Smart Serve
Portena - NL,EU to EU Direct,4009899,EPILOG C/O GEONOSIS,C,So Shape,France,115984,FNL WPC80 CHS 392 NUTING WTBLD 20KG MBG,WPC,WPC 80% (Cheese),Netherlands,7.2,72648,69136.08784501122,3511.9121549887786,115.80150437009515,57.76944998767719,0,1907.5728070403654,494.51142857142855,2843.829772059578,679.6200610343003,936.2569650192124,256.6369039849121,Smart Serve
Portena - NL,EU to EU Direct,4010262,ALBORS SRL,C,Albors,Italy,115536,FNL LAC MHYD 100M NZMP 25KG MBG,Lactose,Edible Lactose,Netherlands,2.25,2137.5,1643.354098444015,494.1459015559849,25.73366763779892,18.05295312114912,0,47.26287481928444,0,450.35928079703683,212.38126907321885,403.0964059777524,190.71513690453355,Smart Serve
Portena - NL,EU to EU Direct,4010538,STG LOG,B,Laiterie Triballat,France,114132,FNL WPC80 CHS 450 INST 20KG MBG,WPC,WPC 80% (Cheese),Netherlands,334.40000000000003,3246707.2,2475290.356297511,771416.843702489,5378.336536299974,2683.070010538785,0,46183.44029697883,29223.519999999993,734131.9171556502,31564.576168037507,687948.4768586714,656383.9006906339,Smart Serve
Portena - NL,EU to EU Direct,4010538,STG LOG,B,Laiterie Triballat,France,114266,FNL WPI 894-INST MF 20KG MBG,WPC,Whey Protein Isolate,Netherlands,123.18,1898670,1118796.2323263765,779873.7676736235,1981.1707372650442,988.3390068725105,0,37660.85325198948,10766.559999999998,766137.6979294859,11627.166544195155,728476.8446774965,716849.6781333013,Smart Serve
Portena - NL,EU to EU Direct,4010728,FRESENIUS KABI AUSTRIA GMBH,A,Fresenius,Austria,116048,FNL LAC MHYD 100M 1000KG BBG,Lactose,Edible Lactose,Netherlands,5984,6591200,4225256.494723312,2365943.5052766884,76995.13357229436,48012.831767536154,0,79103.20682985106,395923.19999999995,1845012.3399368578,564839.7840596185,1765909.1331070068,1201069.3490473884,Managed
Portena - NL,EU to EU Direct,4011283,BICT  SRL,C,BICT,Italy,121155,MILEI WHEYFRAC LF 95% 10KG CTN,Whey,Whey Fractions,Germany,0.56,260700,130774.72385009895,129925.27614990105,40.03014965879832,4.493179443486004,0,2567.1171294164938,1664.3700000000001,128216.38282079878,52.85933808044558,125649.26569138229,125596.40635330183,Semi Managed
Portena - NL,EU to EU Direct,4011283,BICT  SRL,C,BICT,Italy,122348,MILEI WHEYFRAC LF 95% 9X1KG CTN,Whey,Whey Fractions,Germany,0.144,52425,33567.437649501044,18857.562350498956,10.293467055119569,1.1553889997535436,0,181.55465074850324,739.72,18106.393494444084,13.592401220686005,17924.838843695583,17911.246442474898,Semi Managed
Portena - NL,EU to EU Direct,4011582,RUDOLF ROSE SPEDITION,C,Industrieberatung J.Knobel,Germany,114068,FNL WPC80 CHS 392 20KG MBG,WPC,WPC 80% (Cheese),Netherlands,86.04,579860,733702.8102048949,-153842.81020489486,1383.827977222637,690.3449273527424,0,29563.317430280887,2788.040240963855,-158705.0233504341,8121.459729359889,-188268.34078071496,-196389.80051007486,Smart Serve
Portena - NL,EU to EU Direct,4011582,RUDOLF ROSE SPEDITION,C,Industrieberatung J.Knobel,Germany,114130,FNL PL WPC80 CHS 20KG MBG,WPC,WPC 80% (Cheese),Netherlands,3.68,29440,28146.41013932676,1293.5898606732408,59.18743556693751,29.526607771479455,0,834.7008528873855,100.83975903614451,1104.0360582986796,347.3613645286424,269.33520541129406,-78.02615911734836,Smart Serve
Portena - NL,EU to EU Direct,4011585,LABORATORIUM MEDISAN B.V,C,Laboratorium Medisan,Netherlands,121155,MILEI WHEYFRAC LF 95% 10KG CTN,Whey,Whey Fractions,Germany,0.02,14200,5664.347879562149,8535.652120437851,1.4296482020999401,0.16047069441021442,0,91.68275462201764,460,8074.062001541341,1.8878335028730564,7982.379246919323,7980.49141341645,Smart Serve
Portena - NL,EU to EU Direct,4011699,SPONSER SPORT FOOD AG,C,Sponser Sport Food,Switzerland,114068,FNL WPC80 CHS 392 20KG MBG,WPC,WPC 80% (Cheese),Netherlands,52.800000000000004,430320,451318.4996616322,-20998.499661632173,849.2110320473644,423.6426332429661,0,18142.06369501198,5850,-28121.353326922504,4983.880447584869,-46263.41702193448,-51247.29746951935,Smart Serve
Portena - NL,EU to EU Direct,4012175,BEMPRESA SP. Z O.O.,C,Bempresa,Poland,114068,FNL WPC80 CHS 392 20KG MBG,WPC,WPC 80% (Cheese),Netherlands,35.2,320320,357100.70080883504,-36780.70080883504,566.1406880315762,282.4284221619774,0,12094.709130007988,0,-37629.26991902859,3322.5869650565796,-49723.979049036585,-53046.566014093165,Smart Serve
Portena - NL,EU to EU Direct,4012175,BEMPRESA SP. Z O.O.,C,Bempresa,Poland,114104,FNL WPC 356 20KG MBG,WPC,High Fat B/T WPC,Netherlands,52.82000000000001,396000,417641.24180119665,-21641.24180119665,849.5327028928369,423.8031039373763,0,11636.815645074956,287.24,-23201.817608026864,4985.768281087742,-34838.63325310182,-39824.401534189565,Smart Serve
Portena - NL,EU to EU Direct,4012175,BEMPRESA SP. Z O.O.,C,Bempresa,Poland,114130,FNL PL WPC80 CHS 20KG MBG,WPC,WPC 80% (Cheese),Netherlands,17.6,144936,134620.0888691142,10315.911130885797,283.0703440157881,141.2142110809887,0,3992.0475572874957,0,9891.62657578902,1661.2934825282896,5899.579018501524,4238.285535973235,Smart Serve
Portena - NL,EU to EU Direct,4012217,UNIVAR SOLUTIONS AB,B,Univar Solutions,Sweden,114132,FNL WPC80 CHS 450 INST 20KG MBG,WPC,WPC 80% (Cheese),Netherlands,99.2,461680,592732.1258853995,-131052.12588539952,1595.487393543533,795.9346442746634,0,13700.35071010855,0,-133443.54792321773,9363.65417425036,-147143.8986333263,-156507.55280757663,Managed
Portena - NL,EU to EU Direct,4012217,UNIVAR SOLUTIONS AB,B,Univar Solutions,Sweden,114266,FNL WPI 894-INST MF 20KG MBG,WPC,Whey Protein Isolate,Netherlands,10.4,73840,86009.31813595924,-12169.318135959242,167.268839645693,83.44476109331148,0,3179.679118531341,0,-12420.031736698245,981.6734214939894,-15599.710855229587,-16581.384276723576,Managed
Portena - NL,EU to EU Switch,4012219,GREGORYS DISTRIBUTION LTD,B,Saputo Dairy,United Kingdom,113998,FNL LAC MHYD UNMILLED 1000KG,Lactose,Edible Lactose,Netherlands,2287,3008950.44,3144438.95475386,-135488.51475385996,29426.448943823067,18349.823905808018,0,48844.962302523956,264629.23000000004,-447894.0176034911,215873.761053534,-496738.97990601504,-712612.7409595491,Semi Managed
Portena - NL,EU to EU Direct,4012229,INPAC I LUND AB,C,Fonterra,Sweden,114266,FNL WPI 894-INST MF 20KG MBG,WPC,Whey Protein Isolate,Netherlands,8,88880,69784.41997950431,19095.58002049569,128.6683381889946,64.18827776408575,0,2445.9070142548776,907.6500000000001,17995.073404542607,755.13340114922255,15549.16639028773,14794.032989138508,Fonterra
Portena - NL,EU to EU Direct,4012348,VALIO OY,C,Valio,Finland,115059,FNL LAC 100M NUTAPP WETBLD 1000KG BBG,Lactose,Edible Lactose,Netherlands,48,82080,34840.38757258485,47239.61242741515,617.6080233071741,385.12966658451455,0,1721.5624528002973,7106.86,39130.01473752346,4530.800406895335,37408.452284723164,32877.651877827826,Smart Serve
Portena - NL,EU to EU Direct,4012630,KIPPING LAGER-HANDEL-LOGISTIK,A,Anona,Germany,114068,FNL WPC80 CHS 392 20KG MBG,WPC,WPC 80% (Cheese),Netherlands,35.2,383680,326506.5150338433,57173.48496615671,566.1406880315762,282.4284221619774,0,12094.709130007988,1685.6,54639.31585596316,3322.5869650565796,42544.60672595518,39222.0197608986,Managed
Portena - NL,EU to EU Direct,4012630,KIPPING LAGER-HANDEL-LOGISTIK,A,Anona,Germany,114132,FNL WPC80 CHS 450 INST 20KG MBG,WPC,WPC 80% (Cheese),Netherlands,228.8,1846064,1675488.4519836186,170575.54801638145,3679.9144722052456,1835.7847440528528,0,31599.195992669724,10948.14,154111.70880012336,21596.815272867767,122512.51280745363,100915.69753458587,Managed
Portena - NL,EU to EU Direct,4012630,KIPPING LAGER-HANDEL-LOGISTIK,A,Anona,Germany,114266,FNL WPI 894-INST MF 20KG MBG,WPC,Whey Protein Isolate,Netherlands,79.2,1068320,681050.346638069,387269.653361931,1273.8165480710466,635.463949864449,0,24214.47944112329,3975.8599999999997,381384.5128639955,7475.820671377304,357170.0334228722,349694.2127514949,Managed
Portena - NL,EU to EU Direct,4012630,KIPPING LAGER-HANDEL-LOGISTIK,A,Anona,Germany,114272,FNL WPC80 CHS 515 20KG MBG,WPC,WPC 80% (Cheese),Netherlands,28.8,386800,213951.35567666357,172848.64432333643,463.2060174803806,231.07779995070877,0,6095.126176202752,2549.6099999999997,169604.75050590537,2718.480244137201,163509.6243297026,160791.1440855654,Managed
Portena - NL,EU to EU Direct,4012675,MEDIX LABORATOIRES NV,C,Medix Laboratoires,Belgium,114068,FNL WPC80 CHS 392 20KG MBG,WPC,WPC 80% (Cheese),Netherlands,44.800000000000004,420320,440495.2070144078,-20175.207014407788,720.5426938583697,359.4543554788803,0,15393.266165464713,1676.6145454545454,-22931.81860919958,4228.747046435647,-38325.0847746643,-42553.83182109994,Semi Managed
Portena - NL,EU to EU Direct,4012675,MEDIX LABORATOIRES NV,C,Medix Laboratoires,Belgium,114104,FNL WPC 356 20KG MBG,WPC,High Fat B/T WPC,Netherlands,8,32000,59598.694190966795,-27598.694190966795,128.6683381889946,64.18827776408575,0,1762.486277179092,299.39545454545447,-28090.94626146533,755.13340114922255,-29853.43253864442,-30608.565939793643,Semi Managed
Portena - NL,EU to EU Direct,4012675,MEDIX LABORATOIRES NV,C,Medix Laboratoires,Belgium,114132,FNL WPC80 CHS 450 INST 20KG MBG,WPC,WPC 80% (Cheese),Netherlands,88,651200,596657.6630723749,54542.33692762512,1415.3517200789406,706.0710554049434,0,12153.536920257586,3293.35,49127.56415214123,8306.467412641448,36974.02723188365,28667.559819242204,Semi Managed
Portena - NL,EU to EU Direct,4012760,FAYREFIELD FOODS A/S,A,Fayrefield,Denmark,114272,FNL WPC80 CHS 515 20KG MBG,WPC,WPC 80% (Cheese),Netherlands,703.84,8646480,5361468.148247058,3285011.8517529424,11320.240393867743,5647.284677684265,0,148958.11138397726,54549.6,3213494.7266813903,66436.6366331086,3064536.615297413,2998099.978664304,Semi Managed
Portena - NL,EU to EU Direct,4012906,FARMEL DAIRY PRODUCTS B.V.,C,Farmel Dairy Products,Netherlands,115536,FNL LAC MHYD 100M NZMP 25KG MBG,Lactose,Edible Lactose,Netherlands,23.625,20790,18217.238632366694,2572.761367633306,270.20351019688866,189.55600777206575,0,496.2601856024867,0,2113.0018496643515,2230.0033252687977,1616.7416640618649,-613.2616612069328,Semi Managed
Portena - NL,EU to EU Switch,4013184,PRINOVA SOLUTIONS EUROPE LIMIT,C,Prinova Group,United Kingdom,114266,FNL WPI 894-INST MF 20KG MBG,WPC,Whey Protein Isolate,Netherlands,1.6,29760,23965.905994165252,5794.094005834748,25.73366763779892,12.837655552817154,0,489.18140285097553,338.69,5416.832682644132,151.02668022984452,4927.651279793156,4776.624599563312,Unknowned Segment
Portena - NL,EU to EU Direct,4013669,FEED & FOOD C/O JONKER & SCHUT,C,Feed & Food,Netherlands,114803,SAPDUK GOS 57% K/HAL/MUI 1200KG BBN,Lactose,Edible Lactose,United Kingdom,3.6,180,872.3067795051054,-692.3067795051054,38.60050145669838,28.884724993838596,0,78.95569321135048,0,-759.7920059556424,339.81003051715015,-838.7476991669928,-1178.557729684143,Semi Managed
Portena - NL,EU to EU Direct,4013669,FEED & FOOD C/O JONKER & SCHUT,C,Feed & Food,Netherlands,116048,FNL LAC MHYD 100M 1000KG BBG,Lactose,Edible Lactose,Netherlands,7,2625,4050.2095081477246,-1425.2095081477246,90.06783673229621,56.164743043575044,0,92.53383151887657,0,-1571.4420879235959,660.7417260055697,-1663.9759194424723,-2324.7176454480423,Semi Managed
Portena - NL,EU to EU Direct,4013679,VAN DALEN C/O JONKER & SCHUT B,C,Van Dalen Dairy Trading,Netherlands,113998,FNL LAC MHYD UNMILLED 1000KG,Lactose,Edible Lactose,Netherlands,2,800,1556.7226035061542,-756.7226035061542,25.73366763779892,16.04706944102144,0,42.715314650217714,0,-798.5033405849746,188.78335028730564,-841.2186552351923,-1030.002005522498,Smart Serve
Portena - NL,EU to EU Direct,4013679,VAN DALEN C/O JONKER & SCHUT B,C,Van Dalen Dairy Trading,Netherlands,114068,FNL WPC80 CHS 392 20KG MBG,WPC,WPC 80% (Cheese),Netherlands,0.06,216,541.4170384185005,-325.4170384185005,0.9650125364174594,0.48141208323064316,0,20.615981471604524,0,-326.8634630381486,5.663500508619169,-347.47944450975314,-353.1429450183723,Smart Serve
Portena - NL,EU to EU Direct,4013679,VAN DALEN C/O JONKER & SCHUT B,C,Van Dalen Dairy Trading,Netherlands,114132,FNL WPC80 CHS 450 INST 20KG MBG,WPC,WPC 80% (Cheese),Netherlands,0.1,360,658.4996737279098,-298.4996737279098,1.6083542273624325,0.8023534720510721,0,13.810837409383621,0,-300.91038142732333,9.439167514365282,-314.72121883670695,-324.16038635107225,Smart Serve
Portena - NL,EU to EU Direct,4013679,VAN DALEN C/O JONKER & SCHUT B,C,Van Dalen Dairy Trading,Netherlands,114266,FNL WPI 894-INST MF 20KG MBG,WPC,Whey Protein Isolate,Netherlands,0.02,72,156.50313327722307,-84.50313327722307,0.3216708454724865,0.16047069441021442,0,6.114767535637194,0,-84.98527481710576,1.8878335028730564,-91.10004235274296,-92.98787585561601,Smart Serve
Portena - NL,EU to EU Direct,4013679,VAN DALEN C/O JONKER & SCHUT B,C,Van Dalen Dairy Trading,Netherlands,114272,FNL WPC80 CHS 515 20KG MBG,WPC,WPC 80% (Cheese),Netherlands,0.02,72,124.09177916812625,-52.09177916812625,0.3216708454724865,0.16047069441021442,0,4.232726511251911,0,-52.573920708008956,1.8878335028730564,-56.80664721926087,-58.694480722133925,Smart Serve
Portena - NL,EU to EU Direct,4013679,VAN DALEN C/O JONKER & SCHUT B,C,Van Dalen Dairy Trading,Netherlands,114273,FNL WPC80 CHS 515 20KG MBG FLSH,WPC,WPC 80% (Cheese),Netherlands,0.04,144,286.15767828985844,-142.15767828985844,0.643341690944973,0.32094138882042883,0,10.361847290658446,0,-143.12196136962382,3.775667005746113,-153.48380866028225,-157.25947566602835,Smart Serve
Portena - NL,EU to EU Direct,4013679,VAN DALEN C/O JONKER & SCHUT B,C,Van Dalen Dairy Trading,Netherlands,114917,FNL WPC80 CHS 392 JP 20KG MBG,WPC,WPC 80% (Cheese),Netherlands,0.16,576,1376.0565809359348,-800.0565809359348,2.573366763779892,1.2837655552817153,0,87.39470335576635,0,-803.9137132549963,15.102668022984451,-891.3084166107626,-906.411084633747,Smart Serve
Portena - NL,EU to EU Direct,4013679,VAN DALEN C/O JONKER & SCHUT B,C,Van Dalen Dairy Trading,Netherlands,115074,FNL LAC 100M MHYD 1000KG BBG,Lactose,Edible Lactose,Netherlands,2,800,1710.0434613950017,-910.0434613950017,25.73366763779892,16.04706944102144,0,25.51426156418132,0,-951.8241984738221,188.78335028730564,-977.3384600380034,-1166.121810325309,Smart Serve
Portena - NL,EU to EU Direct,4013679,VAN DALEN C/O JONKER & SCHUT B,C,Van Dalen Dairy Trading,Netherlands,115536,FNL LAC MHYD 100M NZMP 25KG MBG,Lactose,Edible Lactose,Netherlands,0.1,40,78.18572564898068,-38.18572564898068,1.1437185616799521,0.8023534720510721,0,2.1005722141904197,0,-40.131797682711706,9.439167514365282,-42.23236989690213,-51.67153741126741,Smart Serve
Portena - NL,EU to EU Direct,4013679,VAN DALEN C/O JONKER & SCHUT B,C,Van Dalen Dairy Trading,Netherlands,115964,FNL LAC 100M MHYD VGDH 25KG MBG,Lactose,Edible Lactose,Netherlands,0.025,10,12.30734054457292,-2.30734054457292,0.32167084547248653,0.20058836801276803,0,0.4567140793458835,0,-2.8295997580581744,2.3597918785913206,-3.286313837404058,-5.646105715995379,Smart Serve
Portena - NL,EU to EU Direct,4013679,VAN DALEN C/O JONKER & SCHUT B,C,Van Dalen Dairy Trading,Netherlands,115984,FNL WPC80 CHS 392 NUTING WTBLD 20KG MBG,WPC,WPC 80% (Cheese),Netherlands,0.06,216,444.0177694889966,-228.01776948899658,0.9650125364174594,0.48141208323064316,0,15.896440058669711,0,-229.46419410864468,5.663500508619169,-245.3606341673144,-251.02413467593357,Smart Serve
Portena - NL,EU to EU Direct,4013679,VAN DALEN C/O JONKER & SCHUT B,C,Van Dalen Dairy Trading,Netherlands,116048,FNL LAC MHYD 100M 1000KG BBG,Lactose,Edible Lactose,Netherlands,1,400,821.1333216339484,-421.1333216339484,12.86683381889946,8.02353472051072,0,13.219118788410938,0,-442.0236901733586,94.39167514365282,-455.2428089617695,-549.6344841054223,Smart Serve
Portena - NL,EU to EU Direct,4013679,VAN DALEN C/O JONKER & SCHUT B,C,Van Dalen Dairy Trading,Netherlands,119496,FNL WPC 356 NUTING LPD70 20KG MBG,WPC,High Fat B/T WPC,Netherlands,0.02,72,148.2353600098943,-76.2353600098943,0.3216708454724865,0.16047069441021442,0,6.388968174550934,0,-76.71750154977698,1.8878335028730564,-83.10646972432792,-84.99430322720097,Smart Serve
Portena - NL,EU to EU Direct,4013679,VAN DALEN C/O JONKER & SCHUT B,C,Van Dalen Dairy Trading,Netherlands,119565,FNL LAC NUTING UNMILLED 1000KG BBG,Lactose,Edible Lactose,Netherlands,1,400,819.4240283476314,-419.4240283476314,12.86683381889946,8.02353472051072,0,16.59869776947797,0,-440.3143968870416,94.39167514365282,-456.91309465651955,-551.3047698001724,Smart Serve
Portena - NL,EU to EU Direct,4013679,VAN DALEN C/O JONKER & SCHUT B,C,Van Dalen Dairy Trading,Netherlands,121194,FNL LAC 100M MHYD NZ 1000KG BBG,Lactose,Edible Lactose,Netherlands,44,17600,33445.51017672049,-15845.51017672049,566.1406880315762,353.0355277024717,0,1052.4247294904583,0,-16764.68639245454,4153.233706320724,-17817.111121945,-21970.344828265723,Smart Serve
Portena - NL,EU to EU Direct,4013754,HARRISON SPORT NUTRITION S.L.,A,Harrison Sport Nutrition,Spain,114068,FNL WPC80 CHS 392 20KG MBG,WPC,WPC 80% (Cheese),Netherlands,140.70000000000002,1171200,1237377.4225427513,-66177.4225427513,2262.9543978989427,1128.9113351758585,0,48344.476550912615,0,-69569.2882758261,13280.908692711953,-117913.76482673871,-131194.67351945068,Semi Managed
Portena - NL,EU to EU Direct,4013754,HARRISON SPORT NUTRITION S.L.,A,Harrison Sport Nutrition,Spain,114132,FNL WPC80 CHS 450 INST 20KG MBG,WPC,WPC 80% (Cheese),Netherlands,563.1800000000001,4508016,3799408.6490933117,708607.3509066883,9057.929337659747,4518.694283897228,0,77779.87412216667,0,695030.7272851313,53159.5036074024,617250.8531629647,564091.3495555623,Semi Managed
Portena - NL,EU to EU Direct,4013754,HARRISON SPORT NUTRITION S.L.,A,Harrison Sport Nutrition,Spain,114266,FNL WPI 894-INST MF 20KG MBG,WPC,Whey Protein Isolate,Netherlands,158.4,1277760,1222466.1119394298,55293.88806057023,2547.633096142093,1270.927899728898,0,48428.95888224658,0,51475.32706469924,14951.641342754609,3046.3681824526575,-11905.273160301951,Semi Managed
Portena - NL,EU to EU Direct,4013926,CONDIO GMBH,A,Condio,Germany,114272,FNL WPC80 CHS 515 20KG MBG,WPC,WPC 80% (Cheese),Netherlands,35.2,498080,254311.18875292194,243768.81124707806,566.1406880315762,282.4284221619774,0,7449.598659803364,1703.24,241217.00213688452,3322.5869650565796,233767.40347708116,230444.81651202458,Managed
Portena - NL,EU to EU Direct,4014592,LAITERIE NOUVELLE DE L-ARGUENO,C,Lactalis,France,115984,FNL WPC80 CHS 392 NUTING WTBLD 20KG MBG,WPC,WPC 80% (Cheese),Netherlands,17.6,176000,103346.54856039005,72653.45143960995,283.0703440157881,141.2142110809887,0,4662.955750543116,1717.94,70511.22688451318,1661.2934825282898,65848.27113397006,64186.977651441775,Managed
Portena - NL,EU to EU Direct,4014641,NEN-PRODUKTER AS,C,NEN-Produkter,Norway,114104,FNL WPC 356 20KG MBG,WPC,High Fat B/T WPC,Netherlands,12,103000,93029.69466467228,9970.305335327721,193.0025072834919,96.28241664612864,0,2643.729415768638,2485.6499999999996,7195.3704113981,1132.7001017238338,4551.640995629463,3418.9408939056293,Smart Serve
Portena - NL,EU to EU Direct,4014649,MEDIX LABORATOIRES NV,B,Alphacaps,Belgium,114068,FNL WPC80 CHS 392 20KG MBG,WPC,WPC 80% (Cheese),Netherlands,43.2,365520,409846.4961713533,-44326.49617135333,694.8090262205708,346.6166999260631,0,14843.506659555258,1616.7354545454543,-46984.65735204541,4077.7203662058023,-61828.16401160067,-65905.88437780648,Semi Managed
Portena - NL,EU to EU Direct,4014649,MEDIX LABORATOIRES NV,B,Alphacaps,Belgium,114132,FNL WPC80 CHS 450 INST 20KG MBG,WPC,WPC 80% (Cheese),Netherlands,80,769504,621137.9084954363,148366.0915045637,1286.683381889946,641.8827776408576,0,11048.669927506897,2993.954545454545,143443.57079957833,7551.334011492227,132394.90087207145,124843.56686057922,Semi Managed
Portena - NL,EU to EU Direct,4014801,MATTISSON HEALTHCARE BV,C,Mattisson Healthcare,Netherlands,121155,MILEI WHEYFRAC LF 95% 10KG CTN,Whey,Whey Fractions,Germany,0.1,60350,23206.25101685279,37143.748983147205,7.1482410104997,0.8023534720510721,0,458.4137731100882,274.08,36861.71838866465,9.439167514365282,36403.30461555457,36393.865448040204,Smart Serve
Portena - NL,EU to EU Direct,4014854,EHF PRODUCTION BV,C,EHF Production,Netherlands,121155,MILEI WHEYFRAC LF 95% 10KG CTN,Whey,Whey Fractions,Germany,0.1,55750,21999.928806359567,33750.07119364043,7.1482410104997,0.8023534720510721,0,458.4137731100882,341,33401.12059915788,9.439167514365282,32942.7068260478,32933.267658533434,Smart Serve
Portena - NL,EU to EU Direct,4014856,KRAFTVERKEHR NAGEL SE & CO.,B,Condetta,Germany,114266,FNL WPI 894-INST MF 20KG MBG,WPC,Whey Protein Isolate,Netherlands,0.8,14760,8995.42945441989,5764.570545580111,12.86683381889946,6.418827776408577,0,244.59070142548777,214.46,5530.824883984803,75.51334011492226,5286.234182559315,5210.7208424443925,Managed
Portena - NL,EU to EU Direct,4014878,SOLINA BELGIUM AG/NV EUPEN,C,SOLINA BELGIUM AG/NV,Belgium,114132,FNL WPC80 CHS 450 INST 20KG MBG,WPC,WPC 80% (Cheese),Netherlands,6.4,57600,40578.986138273096,17021.013861726904,102.93467055119567,51.350622211268615,0,883.8935942005518,476.36,16390.368568964437,604.1067209193781,15506.474974763885,14902.368253844506,Smart Serve
Portena - NL,EU to EU Direct,4014878,SOLINA BELGIUM AG/NV EUPEN,C,SOLINA BELGIUM AG/NV,Belgium,114272,FNL WPC80 CHS 515 20KG MBG,WPC,WPC 80% (Cheese),Netherlands,0.4,6000,2978.0983429207645,3021.9016570792355,6.43341690944973,3.2094138882042884,0,84.65453022503823,29.96,2982.2988262815816,37.75667005746113,2897.644296056543,2859.887625999082,Smart Serve
Portena - NL,EU to EU Direct,4014879,PARMALAT SPA SAVIGLIANO (CUNEO,C,Lactalis,Italy,114272,FNL WPC80 CHS 515 20KG MBG,WPC,WPC 80% (Cheese),Netherlands,0.8,12400,7154.40169303638,5245.59830696362,12.86683381889946,6.418827776408577,0,169.30906045007646,296.94,4929.372645368313,75.51334011492226,4760.063584918236,4684.550244803314,Managed
Portena - NL,EU to EU Direct,4014946,RUDOLF ROSE SPEDITION,A,Lactoland,Germany,115074,FNL LAC 100M MHYD 1000KG BBG,Lactose,Edible Lactose,Netherlands,240,359040,175395.3131250962,183644.6868749038,3088.0401165358703,1925.648332922573,0,3061.711387701758,3638.999999999999,174991.99842544534,22654.002034476674,171930.28703774358,149276.2850032669,Managed
Portena - NL,EU to EU Direct,4014951,LJUBLJANSKE MLEKARNE D.O.O.,C,LJUBLJANSKE MLEKARNE D.O.O.,Slovenia,114272,FNL WPC80 CHS 515 20KG MBG,WPC,WPC 80% (Cheese),Netherlands,1.6,24800,12301.764804808276,12498.235195191724,25.73366763779892,12.837655552817154,0,338.6181209001529,656.98,11802.68387200111,151.02668022984452,11464.065751100956,11313.039070871111,Smart Serve
Portena - NL,EU to EU Direct,4014992,SCHREIBER FOODS ESPANA SL,C,Schreiber Foods,Spain,114068,FNL WPC80 CHS 392 20KG MBG,WPC,WPC 80% (Cheese),Netherlands,1.8,19260,18309.122273331974,950.8777266680263,28.950376092523786,14.442362496919298,0,618.4794441481357,7562.58,-6655.095011921417,169.90501525857508,-7273.574456069552,-7443.479471328127,Smart Serve
Portena - NL,EU to EU Direct,4014992,SCHREIBER FOODS ESPANA SL,C,Schreiber Foods,Spain,119540,FNL WPC80 CHS 550 NUTING 20KG BAG,WPC,WPC 80% (Cheese),Netherlands,0.02,0,185.6139302339553,-185.6139302339553,0.3216708454724865,0.16047069441021442,0,8.923893557312013,2520.86,-2706.956071773838,1.8878335028730564,-2715.8799653311503,-2717.7677988340233,Smart Serve
Portena - NL,EU to EU Direct,4014996,TRANSPORTS ROUILLIER ENTREPOT,C,Lactalis,France,115984,FNL WPC80 CHS 392 NUTING WTBLD 20KG MBG,WPC,WPC 80% (Cheese),Netherlands,17.6,216480,147593.46769405314,68886.53230594686,283.0703440157881,141.2142110809887,0,4662.955750543116,1824.32,66637.92775085008,1661.2934825282898,61974.97200030697,60313.67851777868,Managed
Portena - NL,EU to EU Direct,4014999,LJUBLJANSKE MLEKARNE D.O.O.,C,LJUBLJANSKE MLEKARNE D.O.O.,Slovenia,114272,FNL WPC80 CHS 515 20KG MBG,WPC,WPC 80% (Cheese),Netherlands,9.4,128780,72272.86822824861,56507.13177175139,151.18529737206865,75.42122637280077,0,1989.3814602883983,2526.69,53753.835248006515,887.2817463503366,51764.453787718114,50877.172041367776,Smart Serve
Portena - NL,EU to EU Direct,4015041,BUISMAN,C,Bionatin,Netherlands,114132,FNL WPC80 CHS 450 INST 20KG MBG,WPC,WPC 80% (Cheese),Netherlands,2,10800,12959.08210352749,-2159.0821035274894,32.16708454724865,16.04706944102144,0,276.2167481876724,0,-2207.2962575157594,188.78335028730564,-2483.5130057034316,-2672.296355990737,Managed
Portena - NL,EU to EU Direct,4015041,BUISMAN,C,Bionatin,Netherlands,114266,FNL WPI 894-INST MF 20KG MBG,WPC,Whey Protein Isolate,Netherlands,0.8,5600,6430.810757867777,-830.8107578677773,12.86683381889946,6.418827776408577,0,244.59070142548777,0,-850.0964194630852,75.51334011492226,-1094.687120888573,-1170.2004610034953,Managed
Portena - NL,EU to EU Direct,4015048,BIONATIN BV,C,Fonterra,Netherlands,119496,FNL WPC 356 NUTING LPD70 20KG MBG,WPC,High Fat B/T WPC,Netherlands,0.02,0,172.2485405042567,-172.2485405042567,0.3216708454724865,0.16047069441021442,0,6.388968174550934,168.56,-341.29068204413943,1.8878335028730564,-347.67965021869037,-349.5674837215634,Fonterra
Portena - NL,EU to EU Direct,4015071,CYRANIE SADAC,C,Azelis,France,114266,FNL WPI 894-INST MF 20KG MBG,WPC,Whey Protein Isolate,Netherlands,0.3,5400,2433.9170256492357,2966.0829743507643,4.825062682087297,2.4070604161532163,0,91.7215130345579,323.02,2635.8308512525236,28.317502543095845,2544.1093382179656,2515.7918356748696,Semi Managed
Portena - NL,EU to EU Direct,4015152,JLB PROCESS DROME,B,JLB Process Drome,France,114132,FNL WPC80 CHS 450 INST 20KG MBG,WPC,WPC 80% (Cheese),Netherlands,52.800000000000004,430320,380400.4514649924,49919.548535007576,849.2110320473644,423.6426332429661,0,7292.122152154552,6847.26,41799.43486971724,4983.880447584869,34507.31271756269,29523.432269977817,Smart Serve
Portena - NL,EU to EU Direct,4015186,WAREHOUSE UNIONPLUS S.R.L.,C,Unionplus,Italy,114068,FNL WPC80 CHS 392 20KG MBG,WPC,WPC 80% (Cheese),Netherlands,0.02,0,169.83650291347382,-169.83650291347382,0.3216708454724865,0.16047069441021442,0,6.871993823868174,291.12,-461.4386444533565,1.8878335028730564,-468.3106382772247,-470.19847178009775,Smart Serve
Portena - NL,EU to EU Direct,4015186,WAREHOUSE UNIONPLUS S.R.L.,C,Unionplus,Italy,114132,FNL WPC80 CHS 450 INST 20KG MBG,WPC,WPC 80% (Cheese),Netherlands,5.2,25680,30814.225144724765,-5134.225144724765,83.6344198228465,41.72238054665574,0,718.1635452879483,0,-5259.581945094267,490.83671074699464,-5977.745490382215,-6468.58220112921,Smart Serve
Portena - NL,EU to EU Direct,4015186,WAREHOUSE UNIONPLUS S.R.L.,C,Unionplus,Italy,114266,FNL WPI 894-INST MF 20KG MBG,WPC,Whey Protein Isolate,Netherlands,0.8,5840,5723.422486167465,116.57751383253526,12.86683381889946,6.418827776408577,0,244.59070142548777,0,97.29185223722722,75.51334011492226,-147.29884918826053,-222.81218930318278,Smart Serve
Portena - NL,EU to EU Direct,4015186,WAREHOUSE UNIONPLUS S.R.L.,C,Unionplus,Italy,115536,FNL LAC MHYD 100M NZMP 25KG MBG,Lactose,Edible Lactose,Netherlands,24,22320,19242.29747262943,3077.7025273705694,274.4924548031885,192.56483329225728,0,504.1373314057007,0,2610.6452392751235,2265.4002034476675,2106.5079078694225,-158.892295578245,Smart Serve
Portena - NL,EU to EU Direct,4015188,L.N.U.F MARQUES,C,Celia Laiterie de Craon,France,114272,FNL WPC80 CHS 515 20KG MBG,WPC,WPC 80% (Cheese),Netherlands,36,486792,233874.06834791496,252917.93165208504,579.0075218504757,288.8472499383859,0,7618.90772025344,4976.24,247073.8368802962,3398.1003051715015,239454.92916004275,236056.82885487124,Smart Serve
Portena - NL,EU to EU Direct,4015223,PETER EMMING AGRARKONTOR - UND,C,Peter Emming Agrarkontor,Germany,114132,FNL WPC80 CHS 450 INST 20KG MBG,WPC,WPC 80% (Cheese),Netherlands,35.2,172480,223589.22797573436,-51109.227975734364,566.1406880315762,282.4284221619774,0,4861.4147681030345,0,-51957.797085927916,3322.5869650565796,-56819.21185403095,-60141.79881908753,Semi Managed
Portena - NL,EU to EU Direct,4015223,PETER EMMING AGRARKONTOR - UND,C,Peter Emming Agrarkontor,Germany,114133,FNL PL WPC80 CHS INST 20KG MBG,WPC,WPC 80% (Cheese),Netherlands,21.720000000000002,104256,83911.59150494436,20344.408495055643,349.33453818312034,174.27117412949286,0,4666.093803137659,0,19820.80278274303,2050.1871841201396,15154.708979605371,13104.521795485232,Semi Managed
Portena - NL,EU to EU Direct,4015223,PETER EMMING AGRARKONTOR - UND,C,Peter Emming Agrarkontor,Germany,114273,FNL WPC80 CHS 515 20KG MBG FLSH,WPC,WPC 80% (Cheese),Netherlands,12.8,58880,97889.07301122542,-39009.073011225424,205.86934110239136,102.70124442253723,0,3315.7911330107027,0,-39317.64359675036,1208.2134418387561,-42633.43472976106,-43841.648171599816,Semi Managed
Portena - NL,EU to EU Direct,4015230,GLENSTAL FOODS LTD.,C,Glenstal Foods,Ireland,115536,FNL LAC MHYD 100M NZMP 25KG MBG,Lactose,Edible Lactose,Netherlands,110,93500,85489.99308199465,8010.006918005354,1258.0904178479473,882.5888192561791,0,2310.629435609462,0,5869.327680901229,10383.08426580181,3558.698245291767,-6824.386020510043,Smart Serve
Portena - NL,EU to EU Direct,4015230,GLENSTAL FOODS LTD.,C,Glenstal Foods,Ireland,116048,FNL LAC MHYD 100M 1000KG BBG,Lactose,Edible Lactose,Netherlands,44,33000,36056.23332724795,-3056.233327247952,566.1406880315762,353.0355277024717,0,581.6412266900813,0,-3975.409542982,4153.233706320724,-4557.0507696720815,-8710.284475992805,Smart Serve
Portena - NL,EU to EU Direct,4015480,ECOLOGISTIQUE BOURGOGNE,C,PROTELICIOUS SARL,France,114132,FNL WPC80 CHS 450 INST 20KG MBG,WPC,WPC 80% (Cheese),Netherlands,0.4,5000,2903.171436259046,2096.828563740954,6.43341690944973,3.2094138882042884,0,55.243349637534486,195.17,1892.0157329433,37.75667005746113,1836.7723833057655,1799.0157132483043,Smart Serve
Portena - NL,EU to EU Direct,4015558,BIONATIN BV,C,Bionatin,Netherlands,114132,FNL WPC80 CHS 450 INST 20KG MBG,WPC,WPC 80% (Cheese),Netherlands,3.2,26000,20734.531365643983,5265.468634356017,51.46733527559784,25.675311105634307,0,441.9467971002759,213.28833333333333,4975.037654641452,302.05336045968903,4533.090857541176,4231.037497081486,Managed
Portena - NL,EU to EU Direct,4015558,BIONATIN BV,C,Bionatin,Netherlands,114266,FNL WPI 894-INST MF 20KG MBG,WPC,Whey Protein Isolate,Netherlands,2,22120,16077.026894669443,6042.973105330557,32.16708454724865,16.04706944102144,0,611.4767535637194,140.40166666666667,5854.35728467562,188.78335028730564,5242.8805311119,5054.097180824595,Managed
Portena - NL,EU to EU Direct,4015558,BIONATIN BV,C,Bionatin,Netherlands,115536,FNL LAC MHYD 100M NZMP 25KG MBG,Lactose,Edible Lactose,Netherlands,0.125,137.5,82.0309706257982,55.469029374201796,1.42964820209994,1.00294184006384,0,2.6257152677380247,44.02,9.016439332038011,11.798959392956602,6.390724064299986,-5.408235328656616,Managed
Portena - NL,EU to EU Direct,4015558,BIONATIN BV,C,Bionatin,Netherlands,121155,MILEI WHEYFRAC LF 95% 10KG CTN,Whey,Whey Fractions,Germany,0.3,186000,98479.67821803693,87520.32178196307,21.4447230314991,2.4070604161532163,0,1375.2413193302646,86.57000000000001,87409.89999851541,28.317502543095845,86034.65867918514,86006.34117664205,Managed
Portena - NL,EU to EU Direct,4015563,CARE4TRADE & NUTRIFILL GMBH C/,C,PROTERO GMBH,Germany,114104,FNL WPC 356 20KG MBG,WPC,High Fat B/T WPC,Netherlands,1.6,10960,11738.892194374086,-778.8921943740861,25.73366763779892,12.837655552817154,0,352.49725543581843,118.33333333333333,-935.7968508980356,151.02668022984452,-1288.294106333854,-1439.3207865636984,Semi Managed
Portena - NL,EU to EU Direct,4015579,VILGAIN WH Z2,C,Vilgain,Czech Republic,114132,FNL WPC80 CHS 450 INST 20KG MBG,WPC,WPC 80% (Cheese),Netherlands,11.2,71680,73840.76989115169,-2160.7698911516927,180.13567346459243,89.86358886972006,0,1546.8137898509653,1648.94,-4079.709153486005,1057.1867616089114,-5626.5229433369705,-6683.709704945882,Smart Serve
Portena - NL,EU to EU Direct,4015810,BIG WAVE COMPANY B.V,C,Big Wave Company,Netherlands,114068,FNL WPC80 CHS 392 20KG MBG,WPC,WPC 80% (Cheese),Netherlands,7.04,32384,55004.14902358887,-22620.14902358887,113.22813760631523,56.48568443239547,0,2418.9418260015973,0,-22789.86284562758,664.5173930113159,-25208.80467162918,-25873.322064640495,Smart Serve
Portena - NL,EU to EU Direct,4015810,BIG WAVE COMPANY B.V,C,Big Wave Company,Netherlands,114132,FNL WPC80 CHS 450 INST 20KG MBG,WPC,WPC 80% (Cheese),Netherlands,5.38,24748,30528.71344862479,-5780.713448624789,86.52945743209887,43.166616796347675,0,743.0230526248388,0,-5910.409522853235,507.82721227285214,-6653.432575478074,-7161.259787750926,Smart Serve
Portena - NL,EU to EU Direct,4015810,BIG WAVE COMPANY B.V,C,Big Wave Company,Netherlands,114266,FNL WPI 894-INST MF 20KG MBG,WPC,Whey Protein Isolate,Netherlands,34.2,205200,251984.04014250333,-46784.040142503334,550.057145757952,274.40488744146666,0,10456.252485939602,0,-47608.50217570275,3228.1952899129265,-58064.75466164235,-61292.949951555274,Smart Serve
Portena - NL,EU to EU Direct,4015810,BIG WAVE COMPANY B.V,C,Big Wave Company,Netherlands,114273,FNL WPC80 CHS 515 20KG MBG FLSH,WPC,WPC 80% (Cheese),Netherlands,52.800000000000004,248160,397245.77625350794,-149085.77625350794,849.2110320473644,423.6426332429661,0,13677.63842366915,0,-150358.62991879828,4983.880447584869,-164036.26834246743,-169020.1487900523,Smart Serve
Portena - NL,EU to EU Direct,4015879,AGRANA FRUIT FRANCE SAS,C,Agrana Group,France,119540,FNL WPC80 CHS 550 NUTING 20KG BAG,WPC,WPC 80% (Cheese),Netherlands,0.30000000000000004,6900,2126.036449563753,4773.963550436247,4.825062682087298,2.4070604161532163,0,133.8584033596802,781.5,3985.231427338006,28.31750254309585,3851.373023978326,3823.05552143523,Smart Serve
Portena - NL,EU to EU Direct,4015884,KERRY IBERIA TASTE & NUTRITION,C,Kerry Ingredients,Spain,115984,FNL WPC80 CHS 392 NUTING WTBLD 20KG MBG,WPC,WPC 80% (Cheese),Netherlands,4,33800,26079.928975819897,7720.0710241801025,64.3341690944973,32.09413888204288,0,1059.7626705779808,1346.92,6276.722716203562,377.5667005746113,5216.960045625581,4839.39334505097,Smart Serve
Portena - NL,EU to EU Direct,4016066,KERRY INGREDIENTS IRELAND LTD,C,Kerry Ingredients,Ireland,115984,FNL WPC80 CHS 392 NUTING WTBLD 20KG MBG,WPC,WPC 80% (Cheese),Netherlands,5,43100,32599.911219774873,10500.088780225127,80.41771136812163,40.1176736025536,0,1324.7033382224758,1678.03,8701.523395254451,471.9583757182641,7376.820057031975,6904.8616813137105,Smart Serve
Portena - NL,EU to EU Direct,4016167,RWL GMBH,A,Lactoland,Germany,115074,FNL LAC 100M MHYD 1000KG BBG,Lactose,Edible Lactose,Netherlands,264,203280,192934.84443760585,10345.155562394153,3396.8441281894575,2118.2131662148304,0,3367.8825264719344,9315.84,-4485.741732010135,24919.402237924347,-7853.624258482069,-32773.02649640642,Managed
Portena - NL,EU to EU Direct,4016167,RWL GMBH,A,Lactoland,Germany,115536,FNL LAC MHYD 100M NZMP 25KG MBG,Lactose,Edible Lactose,Netherlands,132,101640,81140.75626914272,20499.243730857284,1509.7085014175368,1059.1065831074152,0,2772.7553227313538,4657.92,13272.508646332333,12459.701118962173,10499.75332360098,-1959.9477953611931,Managed
Portena - NL,NZ Indirect,1051207,MILCHWERKE MITTELELBE GMBH,A,Lactoland,Germany,114767,WHEY HYD 7050 15KG MBG,Whey,Whey Hydrolysates,New Zealand,4.02,87698.1,59386.07437292512,28312.025627074887,164.20530778405023,153.62111900805823,144.3714655168926,1629.7677809046952,636.02,27213.807734765887,379.4545340774843,25584.039953861193,25204.585419783707,Managed
Portena - NL,NZ Indirect,1051250,ALINDA-VELCO S.A.,B,Alinda-Velco,Greece,100733,MPC85 4861 CWS K 20kg PPK,MPC,Milk Protein Concentrate >=80%,New Zealand,19.2,124800,115217.84837272532,9582.151627274681,411.7386822047827,733.7128072026662,689.5353576926215,17119.881131161885,0,7747.16478017461,1812.320162758134,-9372.716350987273,-11185.036513745408,Unknowned Segment
Portena - NL,NZ Indirect,1051250,ALINDA-VELCO S.A.,B,Alinda-Velco,Greece,103791,MPC85 4855 K EU 20kg MBG,MPC,Milk Protein Concentrate >=80%,New Zealand,144,1101600,950972.0380650539,150627.96193494613,3088.0401165358703,5502.846054019998,5171.515182694661,20639.683815629687,0,136865.5605816956,13592.401220686006,116225.87676606592,102633.47554537992,Unknowned Segment
Portena - NL,NZ Indirect,1051250,ALINDA-VELCO S.A.,B,Alinda-Velco,Greece,104562,WPC80 SUL 322 K 25KG MBG,WPC,WPC 80% (Sulphuric),New Zealand,0.225,2092.5,1752.4641919889502,340.03580801104977,3.8600501456698377,8.598196959406247,8.080492472960408,12.800678733031672,0,319.4970684330132,21.238126907321885,306.6963896999816,285.4582627926597,Unknowned Segment
Portena - NL,NZ Indirect,1051250,ALINDA-VELCO S.A.,B,Alinda-Velco,Greece,104668,MLKMIN 997 UHT 25KG MBG,Whey,Milk Minerals,New Zealand,1.5,10650,3796.492375208758,6853.507624791242,51.46733527559784,57.3213130627083,53.86994981973606,145.6204257658907,0,6690.8490266332,141.58751271547922,6545.228600867309,6403.6410881518295,Unknowned Segment
Portena - NL,NZ Indirect,1051250,ALINDA-VELCO S.A.,B,Alinda-Velco,Greece,114612,MPC85 4854 LOSRC K EU NES 20KG MBG,MPC,Milk Protein Concentrate >=80%,New Zealand,1.58,14694,13826.493045580111,867.5069544198886,33.88266238976858,60.378449759386086,56.74301381012198,1380.2906144764875,0,716.502828460612,149.13884672697145,-663.7877860158754,-812.9266327428469,Unknowned Segment
Portena - NL,NZ Indirect,1051269,USINE NUTRIBIO DOULLENS,C,NUTRIBIO,France,103791,MPC85 4855 K EU 20kg MBG,MPC,Milk Protein Concentrate >=80%,New Zealand,2.4,20640,15364.626103021197,5275.373896978803,51.46733527559784,91.71410090033328,86.19191971157768,343.9947302604948,297.44,4748.560541091294,226.54002034476676,4404.565810830799,4178.025790486032,Smart Serve
Portena - NL,NZ Indirect,1051318,SOLABIA,C,Solabia Group,France,104613,ACas 7417 Min 30# all-in 10% 25kg MBG,Casein,Acid Casein,New Zealand,5.4,58212,39334.14772969794,18877.852270302057,92.64120349607612,206.3567270257499,193.93181935104982,3016.2778242328463,1202.36,17182.562520429183,509.71504577572523,14166.284696196337,13656.569650420612,Smart Serve
Portena - NL,NZ Indirect,1051929,ALINDA-VELCO S.A.,B,Alinda-Velco,Greece,100714,MPC85 4851 LL K ABT 20KG PPK,MPC,Milk Protein Concentrate >=80%,New Zealand,17.28,116640,108506.90347790656,8133.096522093445,308.8040116535871,660.3415264823998,620.5818219233594,6050.850742486741,0,6543.369162034099,1631.0881464823208,492.51841954735755,-1138.5697269349632,Unknowned Segment
Portena - NL,NZ Indirect,1051929,ALINDA-VELCO S.A.,B,Alinda-Velco,Greece,103791,MPC85 4855 K EU 20kg MBG,MPC,Milk Protein Concentrate >=80%,New Zealand,176.4,1305360,1164940.746629691,140419.25337030902,3782.8491427564413,6740.986416174496,6335.10609880096,25283.612674146367,0,123560.31171257714,16650.691495340358,98276.69903843077,81626.00754309041,Unknowned Segment
Portena - NL,NZ Indirect,1051929,ALINDA-VELCO S.A.,B,Alinda-Velco,Greece,104562,WPC80 SUL 322 K 25KG MBG,WPC,WPC 80% (Sulphuric),New Zealand,0.225,2092.5,1752.4641919889502,340.03580801104977,3.8600501456698377,8.598196959406247,8.080492472960408,12.800678733031672,0,319.4970684330132,21.238126907321885,306.6963896999816,285.4582627926597,Unknowned Segment
Portena - NL,NZ Indirect,2000332,STERNMAID GMBH & CO. KG,C,Sternmaid,Germany,103791,MPC85 4855 K EU 20kg MBG,MPC,Milk Protein Concentrate >=80%,New Zealand,9,74250,57035.34044876903,17214.659551230972,193.0025072834919,343.92787837624985,323.2196989184163,1289.9802384768554,898.59,15455.919466652816,849.5250762928754,14165.939228175961,13316.414151883086,Smart Serve
Portena - NL,NZ Indirect,2000332,STERNMAID GMBH & CO. KG,C,Sternmaid,Germany,104668,MLKMIN 997 UHT 25KG MBG,Whey,Milk Minerals,New Zealand,30,219300,91351.47322606179,127948.52677393821,1029.3467055119568,1146.426261254166,1077.398996394721,2912.408515317814,3498.27,121197.08481077736,2831.7502543095848,118284.67629545955,115452.92604114996,Smart Serve
Portena - NL,NZ Indirect,2000332,STERNMAID GMBH & CO. KG,C,Sternmaid,Germany,113329,CaCte 390 SusStab Disp K 20kgMBG,Caseinate,Calcium Caseinate,New Zealand,1.8,26064,21281.79527897839,4782.2047210216115,38.60050145669838,68.78557567524997,64.64393978368327,6981.043187309367,397.75,4212.424704105981,169.90501525857508,-2768.618483203386,-2938.523498461961,Smart Serve
Portena - NL,NZ Indirect,2002604,HOCHDORF SWISS NUTRITION AG,B,Hochdorf Nutrition,Switzerland,120941,DC WHEY HYD 7051 HA HAL/K 500KG BBG,Whey,Whey Hydrolysates,Unknown Origin,60,1538000,860249.8910068523,677750.1089931477,1544.0200582679352,2292.852522508332,2154.797992789442,16042.807986181515,13924.58,657833.858419582,5663.5005086191695,641791.0504334006,636127.5499247814,Semi Managed
Portena - NL,NZ Indirect,2002672,HOCHLAND POLSKA SP.Z.O.O.,C,Hochland,Poland,103791,MPC85 4855 K EU 20kg MBG,MPC,Milk Protein Concentrate >=80%,New Zealand,13.2,132450,111707.77670045069,20742.22329954931,283.0703440157881,504.42755495183303,474.05555841367726,1891.9710164327216,2089.18,17391.489842168012,1245.970111896217,15499.51882573529,14253.548713839073,Smart Serve
Portena - NL,NZ Indirect,2003939,"HOCHLAND ESPANOLA, S.A.",C,Hochland,Spain,103791,MPC85 4855 K EU 20kg MBG,MPC,Milk Protein Concentrate >=80%,New Zealand,18,149400,119184.07615887126,30215.923841128737,386.0050145669838,687.8557567524997,646.4393978368327,2579.960476953711,0,28495.623671972422,1699.0501525857508,25915.66319501871,24216.61304243296,Smart Serve
Portena - NL,NZ Indirect,2003944,LACTOLAND,A,Lactoland,Germany,104517,CaCte 3800 Sstab 20kg MBG,Caseinate,Calcium Caseinate,New Zealand,7.8,104880,86130.27044015605,18749.729559843952,167.268839645693,298.07082792608315,280.12373906262746,22687.309731281763,318.29,17685.976153209547,736.255066120492,-5001.3335780722155,-5737.588644192708,Managed
Portena - NL,NZ Indirect,2004051,FRIESLANDCAMPINA KIEVIT,A,FrieslandCampina,Netherlands,104613,ACas 7417 Min 30# all-in 10% 25kg MBG,Casein,Acid Casein,New Zealand,24,374400,314700.03070720297,59699.96929279703,411.7386822047827,917.1410090033328,861.9191971157769,13405.67921881265,292.9,57216.270404473136,2265.4002034476675,43810.59118566049,41545.19098221282,FrieslandCampina
Portena - NL,NZ Indirect,2004124,J.M. GABLER SALITER,C,J.M. GABLER SALITER,Germany,109717,WHEY HYD 821 ABT 15KG MBG,Whey,Whey Hydrolysates,New Zealand,0.72,26136,14397.120937361608,11738.879062638392,15.440200582679351,27.514230270099983,25.857575913473305,0,468.7,11201.367055872139,67.96200610343003,11201.367055872139,11133.40504976871,Smart Serve
Portena - NL,NZ Indirect,2004124,J.M. GABLER SALITER,C,J.M. GABLER SALITER,Germany,111061,DC WHEY HYD 917 HAL/K 25KG MBG,Whey,Whey Hydrolysates,Unknown Origin,7.4,120990,41902.73322884645,79087.26677115355,181.36108620924952,282.78514444269433,265.7584191106979,1392.5399545353346,1304.45,77052.91212139091,698.4983960630309,75660.37216685558,74961.87377079255,Smart Serve
Portena - NL,NZ Indirect,2004124,J.M. GABLER SALITER,C,J.M. GABLER SALITER,Germany,121246,TR WHEY HYD 7051 15KG MBG,Whey,Whey Hydrolysates,New Zealand,1.725,42262.5,37671.7478868101,4590.7521131898975,49.32286297244793,65.91951002211455,61.950442292696465,748.034162672941,613.29,3800.269297902638,162.82563962280113,3052.235135229697,2889.4094956068957,Smart Serve
Portena - NL,NZ Indirect,2004164,INDUSTRIAS LACTEAS ASTURIANAS,C,INDUSTRIAS LACTEAS ASTURIANAS,Spain,114767,WHEY HYD 7050 15KG MBG,Whey,Whey Hydrolysates,New Zealand,18,486000,357701.47512908705,128298.52487091295,735.2476467942549,687.8557567524997,646.4393978368327,7297.467675692666,6887.91,119341.07206952936,1699.0501525857508,112043.6043938367,110344.55424125094,Smart Serve
Portena - NL,NZ Indirect,2005770,UNIVAR SOLUTIONS B.V.,B,Univar Solutions,Netherlands,103791,MPC85 4855 K EU 20kg MBG,MPC,Milk Protein Concentrate >=80%,New Zealand,22.2,179160,165579.27926465278,13580.720735347219,476.07285129928005,848.3554333280829,797.2752573320936,3181.951254909577,0,11459.017193387763,2095.4951881890925,8277.065938478187,6181.570750289095,Managed
Portena - NL,NZ Indirect,2005770,UNIVAR SOLUTIONS B.V.,B,Univar Solutions,Netherlands,104668,MLKMIN 997 UHT 25KG MBG,Whey,Milk Minerals,New Zealand,1.5,11212.5,4221.712094862744,6990.787905137256,51.46733527559784,57.3213130627083,53.86994981973606,145.6204257658907,0,6828.129306979214,141.58751271547922,6682.508881213323,6540.921368497843,Managed
Portena - NL,NZ Indirect,2005770,UNIVAR SOLUTIONS B.V.,B,Univar Solutions,Netherlands,113329,CaCte 390 SusStab Disp K 20kgMBG,Caseinate,Calcium Caseinate,New Zealand,15,270000,234759.3008498765,35240.69915012349,321.6708454724865,573.213130627083,538.6994981973605,58175.35989424472,0,33807.11567582656,1415.8751271547922,-24368.244218418164,-25784.119345572955,Managed
Portena - NL,NZ Indirect,2005770,UNIVAR SOLUTIONS B.V.,B,Univar Solutions,Netherlands,115016,MPI 4900 K 20KG MBG,MPC,Milk Protein Concentrate >=80%,New Zealand,1.2,14640,9001.459385268565,5638.540614731435,25.73366763779892,45.85705045016664,43.09595985578884,778.6611585574415,0,5523.85393678768,113.27001017238338,4745.192778230239,4631.922768057856,Managed
Portena - NL,NZ Indirect,2005770,UNIVAR SOLUTIONS B.V.,B,Univar Solutions,Netherlands,120218,TMP 1000 MILLED 25KG PPK,Casein,Total Milk Protein,New Zealand,13.275,136475,127224.38522518348,9250.614774816524,151.82863906301364,507.29362060496845,476.7490559046641,11711.046419621474,68.2,8046.543459243879,1253.0494875319912,-3664.5029603775956,-4917.552447909587,Managed
Portena - NL,NZ Indirect,2008011,FRIESLANDCAMPINA DOMO,A,FrieslandCampina,Netherlands,113056,WPI 895 IX K EU FRC 25KG MBG,WPC,Whey Protein Isolate,New Zealand,3.75,70125,51659.90849243196,18465.09150756804,64.3341690944973,143.30328265677076,134.67487454934013,5345.249300818465,145.31,17977.46918126743,353.96878178869804,12632.219880448964,12278.251098660265,FrieslandCampina
Portena - NL,NZ Indirect,2009710,LACTOLAND,A,Lactoland,Germany,103791,MPC85 4855 K EU 20kg MBG,MPC,Milk Protein Concentrate >=80%,New Zealand,11.4,90060,72528.84927841634,17531.15072158366,244.46984255908973,435.6419792765831,409.41161862999405,1633.9749687373505,0,16441.62728111799,1076.0650966376422,14807.65231238064,13731.587215742999,Managed
Portena - NL,NZ Indirect,2009710,LACTOLAND,A,Lactoland,Germany,113329,CaCte 390 SusStab Disp K 20kgMBG,Caseinate,Calcium Caseinate,New Zealand,19.2,332640,278879.56267670094,53760.43732329906,411.7386822047827,733.7128072026662,689.5353576926215,74464.46066463324,0,51925.45047619899,1812.320162758134,-22539.01018843425,-24351.330351192384,Managed
Portena - NL,NZ Indirect,2011072,JONKER & SCHUTT,A,Lactoland,Netherlands,104613,ACas 7417 Min 30# all-in 10% 25kg MBG,Casein,Acid Casein,New Zealand,48,613200,559200.561012969,53999.438987031,823.4773644095654,1834.2820180066656,1723.8383942315538,26811.3584376253,0,49617.841210383216,4530.800406895335,22806.482772757918,18275.682365862584,Managed
Portena - NL,NZ Indirect,2011535,ALINDA ROMANIA SRL,B,Alinda-Velco,Romania,120218,TMP 1000 MILLED 25KG PPK,Casein,Total Milk Protein,New Zealand,0.025,0,244.2892912121449,-244.2892912121449,0.28592964041998803,0.9553552177118051,0.897832496995601,22.05470135521935,810.81,-1057.2384085672722,2.3597918785913206,-1079.2931099224916,-1081.6529018010829,Unknowned Segment
Portena - NL,NZ Indirect,2012213,CHEMLOG,C,Azelis,France,103791,MPC85 4855 K EU 20kg MBG,MPC,Milk Protein Concentrate >=80%,New Zealand,0.6,5550,4829.914171460382,720.085828539618,12.86683381889946,22.92852522508332,21.54797992789442,85.9986825651237,186.94,475.8024895677409,56.63500508619169,389.8038070026172,333.1688019164255,Semi Managed
Portena - NL,NZ Indirect,2012213,CHEMLOG,C,Azelis,France,104517,CaCte 3800 Sstab 20kg MBG,Caseinate,Calcium Caseinate,New Zealand,0.1,2000,1034.3690923763943,965.6309076236057,2.1444723031499104,3.8214208708472204,3.591329987982404,290.8629452728431,115.3566144200627,840.7170700415636,9.439167514365282,549.8541247687206,540.4149572543553,Semi Managed
Portena - NL,NZ Indirect,2012213,CHEMLOG,C,Azelis,France,104668,MLKMIN 997 UHT 25KG MBG,Whey,Milk Minerals,New Zealand,2.25,14625,5302.327874625212,9322.67212537479,77.20100291339676,85.98196959406246,80.80492472960408,218.43063864883607,434.98,8643.704228137727,212.38126907321885,8425.27358948889,8212.89232041567,Semi Managed
Portena - NL,NZ Indirect,2012230,TRANSPORTS POMMEREUL,B,ARMOR PROTEINES,France,104668,MLKMIN 997 UHT 25KG MBG,Whey,Milk Minerals,New Zealand,292.225,1946217.5,781709.3232076489,1164508.176792351,10026.694700607719,11167.147139833289,10494.76405738158,28369.28594629161,50148.58,1082670.9908945283,27583.607268853946,1054301.7049482367,1026718.0976793828,Managed
Portena - NL,NZ Indirect,2015001,YES MULTI LOGISTICS CENTER-FRA,B,Univar Solutions,Germany,100733,MPC85 4861 CWS K 20kg PPK,MPC,Milk Protein Concentrate >=80%,New Zealand,3.5999999999999996,31980,27686.194634898282,4293.805365101718,77.20100291339676,137.57115135049992,129.28787956736653,3209.9777120928534,0,3949.7453312704547,339.81003051715015,739.7676191776013,399.95758866045117,Managed
Portena - NL,NZ Indirect,2015001,YES MULTI LOGISTICS CENTER-FRA,B,Univar Solutions,Germany,103791,MPC85 4855 K EU 20kg MBG,MPC,Milk Protein Concentrate >=80%,New Zealand,22.4,213440,167070.98448325327,46369.01551674673,480.36179590557987,855.9982750697773,804.4579173080584,3210.617482431285,0,44228.19752846332,2114.3735232178233,41017.58004603204,38903.20652281422,Managed
Portena - NL,NZ Indirect,2015001,YES MULTI LOGISTICS CENTER-FRA,B,Univar Solutions,Germany,104517,CaCte 3800 Sstab 20kg MBG,Caseinate,Calcium Caseinate,New Zealand,1.2,21600,19539.28938828983,2060.7106117101685,25.73366763779892,45.85705045016664,43.09595985578884,3490.355343274117,0,1946.0239337664143,113.27001017238338,-1544.3314095077026,-1657.6014196800859,Managed
Portena - NL,NZ Indirect,2015001,YES MULTI LOGISTICS CENTER-FRA,B,Univar Solutions,Germany,104668,MLKMIN 997 UHT 25KG MBG,Whey,Milk Minerals,New Zealand,1.875,13687.5,5277.140118578431,8410.35988142157,64.3341690944973,71.65164132838538,67.33743727467007,182.02553220736337,0,8207.036633724016,176.98439089434902,8025.011101516652,7848.026710622303,Managed
Portena - NL,NZ Indirect,2015001,YES MULTI LOGISTICS CENTER-FRA,B,Univar Solutions,Germany,113329,CaCte 390 SusStab Disp K 20kgMBG,Caseinate,Calcium Caseinate,New Zealand,28.2,493200,441347.48559776787,51852.51440223213,604.7411894882746,1077.6406855789162,1012.7550566110378,109369.67660118008,0,49157.3774705539,2661.8452390510097,-60212.299130626176,-62874.14436967718,Managed
Portena - NL,NZ Indirect,2015001,YES MULTI LOGISTICS CENTER-FRA,B,Univar Solutions,Germany,115016,MPI 4900 K 20KG MBG,MPC,Milk Protein Concentrate >=80%,New Zealand,12,110820,90014.59385268565,20805.406147314352,257.3366763779892,458.5705045016664,430.95959855788846,7786.611585574415,0,19658.53936787681,1132.7001017238338,11871.927782302395,10739.22768057856,Managed
Portena - NL,NZ Indirect,2015001,YES MULTI LOGISTICS CENTER-FRA,B,Univar Solutions,Germany,120931,WPI 895-INST IX 20KG MBG,WPC,Whey Protein Isolate,New Zealand,6,126000,107611.0673518026,18388.9326481974,257.3366763779892,229.2852522508332,215.47979927894423,4670.4496205100595,0,17686.830920289634,566.3500508619169,13016.381299779576,12450.03124891766,Managed
Portena - NL,NZ Indirect,2015293,"MEIJI PHARMA SPAIN, S.A.",C,Meiji Pharma,Spain,104498,NaCte 1800 20% R150um 20kg MBG,Caseinate,Sodium Caseinate,New Zealand,5.12,99481.6,76363.87287877029,23117.72712122972,109.79698192127539,195.65674858737768,183.87609538469908,5927.5266968325805,1136,21492.39729533637,483.28537673550244,15564.870598503789,15081.585221768286,Smart Serve
Portena - NL,NZ Indirect,2015696,HAMACHER LOGISTIK,C,Lacona Nahrungsmittel,Germany,104528,CaCte 3851 Sstab Disp EUR 20kg MBG,Caseinate,Calcium Caseinate,New Zealand,0.8,12560,10588.973091365795,1971.026908634205,17.155778425199284,30.571366966777763,28.73063990385923,4233.059632858773,0,1894.5691233383689,75.51334011492226,-2338.490509520404,-2414.0038496353263,Unknowned Segment
Portena - NL,NZ Indirect,2016731,LAITERIE DE CRAON,C,Celia Laiterie de Craon,France,104517,CaCte 3800 Sstab 20kg MBG,Caseinate,Calcium Caseinate,New Zealand,3.6,81360,58732.89343243957,22627.106567560433,77.20100291339676,137.57115135049995,129.28787956736653,10471.066029822352,1050.56,21232.486533729167,339.81003051715015,10761.420503906815,10421.610473389665,Smart Serve
Portena - NL,NZ Indirect,4000203,AMINOLABS,A,Aminolabs,Belgium,103791,MPC85 4855 K EU 20kg MBG,MPC,Milk Protein Concentrate >=80%,New Zealand,38.599999999999994,346210,297389.2122913525,48820.78770864749,827.7663090158652,1475.0684561470268,1386.2533753612076,5532.581911689625,1701.8400000000001,43429.859568123386,3643.5186605449985,37897.27765643376,34253.75899588876,Managed
Portena - NL,NZ Indirect,4000203,AMINOLABS,A,Aminolabs,Belgium,115016,MPI 4900 K 20KG MBG,MPC,Milk Protein Concentrate >=80%,New Zealand,19.04,209536,163869.57392010922,45666.42607989078,408.30752651974285,727.5985338093108,683.7892297118497,12354.757049111406,1205,42641.73078984988,1797.2174947351498,30286.97374073847,28489.756246003322,Managed
Portena - NL,NZ Indirect,4001709,"LACONA , C/O DOCOMAR BV",C,Lacona Nahrungsmittel,Netherlands,104528,CaCte 3851 Sstab Disp EUR 20kg MBG,Caseinate,Calcium Caseinate,New Zealand,1.6,25120,21177.94618273159,3942.05381726841,34.31155685039857,61.142733933555526,57.46127980771846,8466.119265717545,0,3789.1382466767377,151.02668022984452,-4676.981019040808,-4828.007699270653,Unknowned Segment
Portena - NL,NZ Indirect,4001824,ANONA GMBH,A,Anona,Germany,104668,MLKMIN 997 UHT 25KG MBG,Whey,Milk Minerals,New Zealand,4.75,33962.5,13325.358052422958,20637.14194757704,162.97989503939314,181.51749136524296,170.58817442916418,461.1313482586539,934.24,19187.816386743238,448.36045693235087,18726.685038484582,18278.32458155223,Managed
Portena - NL,NZ Indirect,4001824,ANONA GMBH,A,Anona,Germany,114351,WPC 80 Chs 4501 Inst K 20kgMBG,WPC,WPC 80% (Cheese),New Zealand,14.8,199060,151567.61384275882,47492.386157241184,317.3819008661867,565.5702888853887,531.5168382213958,8203.437191801542,813.4,45264.517129268206,1396.9967921260618,37061.07993746667,35664.083145340606,Managed
Portena - NL,NZ Indirect,4001824,ANONA GMBH,A,Anona,Germany,115542,WPI 8855 IX 20KG MBG,WPC,Whey Protein Isolate,New Zealand,1.8,40050,32729.931913555993,7320.068086444007,38.60050145669838,68.78557567524997,64.64393978368327,490.16543571397074,330.26,6817.778069528376,169.90501525857508,6327.612633814406,6157.707618555831,Managed
Portena - NL,NZ Indirect,4001824,ANONA GMBH,A,Anona,Germany,120931,WPI 895-INST IX 20KG MBG,WPC,Whey Protein Isolate,New Zealand,0.02,0,355.5348153775322,-355.5348153775322,0.857788921259964,0.764284174169444,0.7182659975964808,15.568165401700199,250.87999999999997,-608.7551544705581,1.8878335028730564,-624.3233198722583,-626.2111533751313,Managed
Portena - NL,NZ Indirect,4002239,LACTO FOOD FRANCE SARL,C,Azelis,France,100733,MPC85 4861 CWS K 20kg PPK,MPC,Milk Protein Concentrate >=80%,New Zealand,33.6,327600,321793.32761455275,5806.672385447251,720.5426938583698,1283.997412604666,1206.6868759620877,29959.791979533296,3334.7,-739.2545969778721,3171.560284826735,-30699.04657651117,-33870.6068613379,Semi Managed
Portena - NL,NZ Indirect,4002518,NUTRICHEM DIAT PHARMA GMBH,C,Nutrichem Diat Pharma,Germany,104668,MLKMIN 997 UHT 25KG MBG,Whey,Milk Minerals,New Zealand,22.4,164160,68442.1011920922,95717.8988079078,768.5788734489278,855.9982750697773,804.4579173080584,2174.5983581039677,3355.17,89933.69374208103,2114.3735232178233,87759.09538397707,85644.72186075924,Smart Serve
Portena - NL,NZ Indirect,4002519,NUTRICHEM DIAT PHARMA GMBH,C,Fonterra,Germany,111061,DC WHEY HYD 917 HAL/K 25KG MBG,Whey,Whey Hydrolysates,Unknown Origin,0.025,0,123.59014544947698,-123.59014544947698,0.6127063723285456,0.9553552177118051,0.897832496995601,4.704526873430185,168.56,-294.61603953651297,2.3597918785913206,-299.3205664099432,-301.6803582885345,Fonterra
Portena - NL,NZ Indirect,4003434,JLB PROCESS DROME,B,JLB Process Drome,France,113329,CaCte 390 SusStab Disp K 20kgMBG,Caseinate,Calcium Caseinate,New Zealand,12.6,225744,181818.76495792984,43925.235042070155,270.20351019688866,481.49902972674977,452.50757848578286,48867.302311165564,2342.1168749999997,40378.908048660734,1189.3351068100255,-8488.39426250483,-9677.729369314855,Smart Serve
Portena - NL,NZ Indirect,4003434,JLB PROCESS DROME,B,JLB Process Drome,France,115016,MPI 4900 K 20KG MBG,MPC,Milk Protein Concentrate >=80%,New Zealand,16.2,164844,131348.78477730567,33495.21522269433,347.4045131102854,619.0701810772497,581.7954580531494,10511.92564052546,3011.293125,28935.65194545365,1529.1451373271757,18423.72630492819,16894.581167601013,Smart Serve
Portena - NL,NZ Indirect,4003726,FRULACT PORTUGAL,C,Frulact Portugal,Portugal,104668,MLKMIN 997 UHT 25KG MBG,Whey,Milk Minerals,New Zealand,6,47100,18026.74998163671,29073.25001836329,205.86934110239136,229.2852522508332,215.47979927894423,582.4817030635628,2060.4,26362.21562573112,566.3500508619169,25779.733922667558,25213.38387180564,Smart Serve
Portena - NL,NZ Indirect,4005043,RAJO S.R.O.,C,Rajo,Slovakia,100733,MPC85 4861 CWS K 20kg PPK,MPC,Milk Protein Concentrate >=80%,New Zealand,7.2,83718,62301.74772974045,21416.252270259552,154.40200582679353,275.1423027009999,258.57575913473306,6419.955424185707,1546.518,19181.61420259703,679.6200610343003,12761.658778411322,12082.038717377021,Smart Serve
Portena - NL,NZ Indirect,4005872,ELSDORFER MOLKEREI UND FEINKOS,A,Elsdorfer Molkerei,Germany,103791,MPC85 4855 K EU 20kg MBG,MPC,Milk Protein Concentrate >=80%,New Zealand,11.46,119549.4,97093.02601044171,22456.373989558284,245.7565259409797,437.93483179909146,411.5664166227835,1642.5748369938628,2180.05,19181.06621519543,1081.7285971462613,17538.49137820157,16456.762781055306,Managed
Portena - NL,NZ Indirect,4005872,ELSDORFER MOLKEREI UND FEINKOS,A,Elsdorfer Molkerei,Germany,112284,WPC80 CHS 550 25KG MBG (FUNCTIONAL),WPC,WPC 80% (Cheese),New Zealand,363.84999999999997,5230182.5,3762908.6607366614,1467273.8392633386,6242.129980008758,13904.239838577609,13067.054161273974,219976.93489470414,14269.38,1419791.0352834784,34344.411001018074,1199814.1003887742,1165469.6893877562,Managed
Portena - NL,NZ Indirect,4006358,AMINOLABS DEUTSCHLAND GMBH,A,Aminolabs,Germany,103791,MPC85 4855 K EU 20kg MBG,MPC,Milk Protein Concentrate >=80%,New Zealand,5.3,57900,40833.233812025086,17066.766187974914,113.65703206694522,202.53530615490266,190.3404893630674,759.6550293252594,580.91,15979.323360389997,500.27587826135994,15219.668331064739,14719.392452803379,Managed
Portena - NL,NZ Indirect,4006358,AMINOLABS DEUTSCHLAND GMBH,A,Aminolabs,Germany,104642,WPI 895 IX 25KG MBG,WPC,Whey Protein Isolate,New Zealand,6.574999999999999,137417.5,96352.5374132492,41064.9625867508,112.79924314568525,251.2584222582047,236.129946709843,7644.034645665448,930.37,39534.40497463706,620.6252640695172,31890.37032897161,31269.745064902094,Managed
Portena - NL,NZ Indirect,4006358,AMINOLABS DEUTSCHLAND GMBH,A,Aminolabs,Germany,113329,CaCte 390 SusStab Disp K 20kgMBG,Caseinate,Calcium Caseinate,New Zealand,17.2,317300,263653.0119505053,53646.988049494685,368.84923614178456,657.2843897857218,617.7087579329734,66707.74601206728,1622.5711111111111,50380.5745545231,1623.5368124708284,-16327.17145754418,-17950.70827001501,Managed
Portena - NL,NZ Indirect,4006358,AMINOLABS DEUTSCHLAND GMBH,A,Aminolabs,Germany,114351,WPC 80 Chs 4501 Inst K 20kgMBG,WPC,WPC 80% (Cheese),New Zealand,7.2,92280,75477.25996148275,16802.74003851725,154.40200582679353,275.1423027009999,258.57575913473306,3990.8613365521014,595.4388888888889,15519.181081965835,679.6200610343003,11528.319745413733,10848.699684379433,Managed
Portena - NL,NZ Indirect,4006358,AMINOLABS DEUTSCHLAND GMBH,A,Aminolabs,Germany,115016,MPI 4900 K 20KG MBG,MPC,Milk Protein Concentrate >=80%,New Zealand,1.16,11194,9983.650511939426,1210.349488060574,24.875878716538956,44.328482101827746,41.65942786059588,752.7057866055268,222.79,876.6956993816116,109.49434316663726,123.9899127760848,14.495569609447529,Managed
Portena - NL,NZ Indirect,4006358,AMINOLABS DEUTSCHLAND GMBH,A,Aminolabs,Germany,115542,WPI 8855 IX 20KG MBG,WPC,Whey Protein Isolate,New Zealand,69.98,1552274,1251351.9598500622,300922.04014993785,1500.7017177443072,2674.230325418885,2513.2127255900864,19056.542884035374,4513.35,289720.5453811846,6605.529426552825,270664.0024971492,264058.4730705964,Managed
Portena - NL,NZ Indirect,4006405,CONDIO GMBH WERDER,A,Condio,Germany,100714,MPC85 4851 LL K ABT 20KG PPK,MPC,Milk Protein Concentrate >=80%,New Zealand,42,436800,370837.0875277103,65962.9124722897,750.5653061024685,1604.9967657558325,1508.3585949526096,14706.928887988606,2326.05,59772.94180547878,3964.4503560334183,45066.012917490174,41101.562561456754,Managed
Portena - NL,NZ Indirect,4006405,CONDIO GMBH WERDER,A,Condio,Germany,103791,MPC85 4855 K EU 20kg MBG,MPC,Milk Protein Concentrate >=80%,New Zealand,83.5,741072.5,657764.0950277256,83308.40497227444,1790.6343731301747,3190.886427157429,2998.760539965307,11968.149990313048,4602.5999999999995,70725.52363202152,7881.704874495011,58757.37364170847,50875.668767213465,Managed
Portena - NL,NZ Indirect,4006405,CONDIO GMBH WERDER,A,Condio,Germany,104517,CaCte 3800 Sstab 20kg MBG,Caseinate,Calcium Caseinate,New Zealand,1.7999999999999998,32040,28297.381744986167,3742.618255013833,38.60050145669838,68.78557567524996,64.64393978368327,5235.533014911175,541.48,3029.1082380982007,169.90501525857508,-2206.4247768129744,-2376.3297920715495,Managed
Portena - NL,NZ Indirect,4006405,CONDIO GMBH WERDER,A,Condio,Germany,112284,WPC80 CHS 550 25KG MBG (FUNCTIONAL),WPC,WPC 80% (Cheese),New Zealand,138.625,2010562.5,1571991.108798772,438571.3912012279,2378.2197841932502,5297.444682211959,4978.481195840607,83810.09371933038,8153.3099999999995,417763.93553898204,13085.045966788874,333953.84181965166,320868.79585286276,Managed
Portena - NL,NZ Indirect,4006405,CONDIO GMBH WERDER,A,Condio,Germany,115016,MPI 4900 K 20KG MBG,MPC,Milk Protein Concentrate >=80%,New Zealand,5.4,47940,35222.47798686601,12717.522013133988,115.80150437009515,206.3567270257499,193.93181935104982,3503.975213508487,474.53000000000003,11726.901962387094,509.71504577572523,8222.926748878606,7713.211703102881,Managed
Portena - NL,NZ Indirect,4006484,KH DAIRY SOURCING  B.V.,C,KH Dairy Sourcing,Netherlands,100733,MPC85 4861 CWS K 20kg PPK,MPC,Milk Protein Concentrate >=80%,New Zealand,45,542052,436065.191143775,105986.80885622499,965.0125364174595,1719.6393918812491,1616.0984945920818,40124.72140116066,1006.66,100679.3984333342,4247.625381464377,60554.67703217353,56307.05165070915,Smart Serve
Portena - NL,NZ Indirect,4006581,LACTINOV ABBEVILLE,C,Azelis,France,115016,MPI 4900 K 20KG MBG,MPC,Milk Protein Concentrate >=80%,New Zealand,9.600000000000001,130140,110248.65631436356,19891.343685636442,205.86934110239142,366.85640360133317,344.7676788463108,6229.289268459532,902.8000000000001,18071.050262086406,906.1600813790672,11841.760993626875,10935.600912247808,Semi Managed
Portena - NL,NZ Indirect,4007759,HEARTHSIDE EUROPE,C,Hearthside,Netherlands,113329,CaCte 390 SusStab Disp K 20kgMBG,Caseinate,Calcium Caseinate,New Zealand,6,90000,71871.93514228988,18128.064857710124,128.6683381889946,229.2852522508332,215.47979927894423,23270.14395769789,181.43,17373.201467991352,566.3500508619169,-5896.942489706536,-6463.292540568454,Semi Managed
Portena - NL,NZ Indirect,4008204,AMINOLABS ATLANTIC D.O.O.,C,EMPWR D.O.O,Croatia,104517,CaCte 3800 Sstab 20kg MBG,Caseinate,Calcium Caseinate,New Zealand,1.6,32480,25648.856535321982,6831.143464678018,34.31155685039857,61.142733933555526,57.46127980771846,4653.8071243654895,816.1439999999999,5862.083894086345,151.02668022984452,1208.2767697208556,1057.250089491011,Smart Serve
Portena - NL,NZ Indirect,4008204,AMINOLABS ATLANTIC D.O.O.,C,EMPWR D.O.O,Croatia,104642,WPI 895 IX 25KG MBG,WPC,Whey Protein Isolate,New Zealand,0.5,11085,8873.592129396353,2211.407870603647,8.57788921259964,19.1071043542361,17.95664993991202,581.2954103167641,204.036,1961.7302270968994,47.19583757182641,1380.4348167801354,1333.238979208309,Smart Serve
Portena - NL,NZ Indirect,4008376,DMK BABY STRUECKHAUSEN GMBH,C,DMK Group,Germany,111061,DC WHEY HYD 917 HAL/K 25KG MBG,Whey,Whey Hydrolysates,Unknown Origin,14.649999999999999,251017.5,90266.02687258979,160751.47312741022,359.04593418452777,559.8381575791177,526.1298432394221,2756.852747830088,1048.33,158258.12919240716,1382.8380408545138,155501.27644457706,154118.43840372254,Smart Serve
Portena - NL,NZ Indirect,4009232,CONDETTA GMBH & CO. KG,B,Condetta,Germany,103791,MPC85 4855 K EU 20kg MBG,MPC,Milk Protein Concentrate >=80%,New Zealand,0.02,0,136.80500785854775,-136.80500785854775,0.428894460629982,0.764284174169444,0.7182659975964808,2.86662275217079,168.56,-307.27645249094365,1.8878335028730564,-310.1430752431144,-312.03090874598746,Managed
Portena - NL,NZ Indirect,4009289,DIRKS FULFILLMENT GMBH,C,Active Nutrition,Germany,115016,MPI 4900 K 20KG MBG,MPC,Milk Protein Concentrate >=80%,New Zealand,9.6,102720,82553.96988200716,20166.030117992836,205.86934110239136,366.8564036013331,344.76767884631073,6229.289268459532,473.94,18774.5966944428,906.160081379067,12545.307425983268,11639.147344604202,Semi Managed
Portena - NL,NZ Indirect,4009524,BENFIT-NUTRITION GMBH,C,Benfit-Nutrition,Germany,115016,MPI 4900 K 20KG MBG,MPC,Milk Protein Concentrate >=80%,New Zealand,0.02,0,181.85034185082873,-181.85034185082873,0.428894460629982,0.764284174169444,0.7182659975964808,12.977685975957359,0,-183.76178648322463,1.8878335028730564,-196.739472459182,-198.62730596205506,Unknowned Segment
Portena - NL,NZ Indirect,4009899,EPILOG C/O GEONOSIS,C,So Shape,France,115016,MPI 4900 K 20KG MBG,MPC,Milk Protein Concentrate >=80%,New Zealand,9,87300,84967.53061228196,2332.46938771804,193.0025072834919,343.92787837624985,323.2196989184163,5839.958689180812,1015.4685714285714,456.85073171131046,849.5250762928754,-5383.107957469501,-6232.633033762377,Smart Serve
Portena - NL,NZ Indirect,4010841,FRANCE CULINAIRE DEVELOP SAS,C,Azelis,France,100733,MPC85 4861 CWS K 20kg PPK,MPC,Milk Protein Concentrate >=80%,New Zealand,3.6,52500,34477.856530130644,18022.143469869356,77.20100291339676,137.57115135049995,129.28787956736653,3209.977712092853,4021.34,13656.74343603809,339.81003051715015,10446.765723945238,10106.955693428088,Semi Managed
Portena - NL,NZ Indirect,4011582,RUDOLF ROSE SPEDITION,C,Industrieberatung J.Knobel,Germany,103791,MPC85 4855 K EU 20kg MBG,MPC,Milk Protein Concentrate >=80%,New Zealand,54.6,456780,372778.28386683756,84001.71613316244,1170.8818775198508,2086.4957954825823,1960.8661734383925,7825.880113426257,1770.01,77013.46228672162,5153.785462843443,69187.58217329536,64033.79671045192,Smart Serve
Portena - NL,NZ Indirect,4012484,FRIESLAND CAMPINA KIEVIT GMBH,A,FrieslandCampina,Germany,104613,ACas 7417 Min 30# all-in 10% 25kg MBG,Casein,Acid Casein,New Zealand,127,1936080,1614917.0649834257,321162.93501657434,2178.783860000309,4853.204505975969,4560.989084737653,70938.38586621694,3527.25,306042.7075658604,11987.742743243907,235104.32169964348,223116.57895639958,FrieslandCampina
Portena - NL,NZ Indirect,4012630,KIPPING LAGER-HANDEL-LOGISTIK,A,Anona,Germany,104642,WPI 895 IX 25KG MBG,WPC,Whey Protein Isolate,New Zealand,82.175,1564475,1166975.4876224361,397499.51237756386,1409.7760920907508,3140.2526006187027,2951.1754176245404,95535.90068556018,5675.74,384322.5682672299,7756.63590492967,288786.6675816697,281030.03167674004,Managed
Portena - NL,NZ Indirect,4012630,KIPPING LAGER-HANDEL-LOGISTIK,A,Anona,Germany,104668,MLKMIN 997 UHT 25KG MBG,Whey,Milk Minerals,New Zealand,4.75,33962.5,13325.358052422958,20637.14194757704,162.97989503939314,181.51749136524296,170.58817442916418,461.1313482586539,968.24,19153.816386743238,448.36045693235087,18692.685038484582,18244.32458155223,Managed
Portena - NL,NZ Indirect,4012630,KIPPING LAGER-HANDEL-LOGISTIK,A,Anona,Germany,113329,CaCte 390 SusStab Disp K 20kgMBG,Caseinate,Calcium Caseinate,New Zealand,10.2,173400,157681.35003880702,15718.649961192976,218.73617492129083,389.78492882641643,366.3156587742052,39559.24472808641,782.04,13961.773198671064,962.7950864652587,-25597.471529415343,-26560.266615880602,Managed
Portena - NL,NZ Indirect,4012630,KIPPING LAGER-HANDEL-LOGISTIK,A,Anona,Germany,114351,WPC 80 Chs 4501 Inst K 20kgMBG,WPC,WPC 80% (Cheese),New Zealand,287,3776000,2939182.781950796,836817.218049204,6154.635510040242,10967.477899331521,10307.1170655095,159080.1671653407,15390.009999999998,793997.9775743227,27090.41076622836,634917.810408982,607827.3996427536,Managed
Portena - NL,NZ Indirect,4012630,KIPPING LAGER-HANDEL-LOGISTIK,A,Anona,Germany,120874,WPC80 CHS 450 INST 20KG MBG,WPC,WPC 80% (Cheese),New Zealand,114.02000000000001,1533569,1245488.4143292778,288080.5856707222,2445.127320051528,4357.1840769400005,4094.834452297537,73928.12090623843,5899.5999999999995,271283.8398214331,10762.538799879296,197355.71891519468,186593.1801153154,Managed
Portena - NL,NZ Indirect,4012760,FAYREFIELD FOODS A/S,A,Fayrefield,Denmark,112284,WPC80 CHS 550 25KG MBG (FUNCTIONAL),WPC,WPC 80% (Cheese),New Zealand,55.2,690336,514986.00891126134,175349.99108873866,946.9989690710004,2109.4243207076656,1982.4141533662869,33372.89214288214,4440.54,165870.6136455937,5210.420467929636,132497.72150271156,127287.30103478192,Semi Managed
Portena - NL,NZ Indirect,4013092,TRANSPORTS LE GUEVEL,C,Azelis,France,100733,MPC85 4861 CWS K 20kg PPK,MPC,Milk Protein Concentrate >=80%,New Zealand,9.6,139680,91940.95074701506,47739.04925298494,205.86934110239136,366.8564036013331,344.76767884631073,8559.940565580942,2140.86,44680.6958294349,906.160081379067,36120.755263853964,35214.5951824749,Semi Managed
Portena - NL,NZ Indirect,4013679,VAN DALEN C/O JONKER & SCHUT B,C,Van Dalen Dairy Trading,Netherlands,100714,MPC85 4851 LL K ABT 20KG PPK,MPC,Milk Protein Concentrate >=80%,New Zealand,0.32,1152,910.1554552031381,241.8445447968619,5.718592808399761,12.228546786711105,11.492255961543693,112.05279152753225,0,212.40514924020735,30.205336045968902,100.3523577126751,70.1470216667062,Smart Serve
Portena - NL,NZ Indirect,4013679,VAN DALEN C/O JONKER & SCHUT B,C,Van Dalen Dairy Trading,Netherlands,103630,DC WHEY HYD 917 HAL/K EU 25KG MBG,Whey,Whey Hydrolysates,Unknown Origin,0.025,90,31.26246228449118,58.73753771550882,0.428894460629982,0.9553552177118051,0.897832496995601,11.753400146156155,0,56.455455540171435,2.3597918785913206,44.70205539401528,42.34226351542396,Smart Serve
Portena - NL,NZ Indirect,4013679,VAN DALEN C/O JONKER & SCHUT B,C,Van Dalen Dairy Trading,Netherlands,103791,MPC85 4855 K EU 20kg MBG,MPC,Milk Protein Concentrate >=80%,New Zealand,0.04,144,104.56348206522863,39.43651793477137,0.857788921259964,1.528568348338888,1.4365319951929616,5.73324550434158,0,35.613628669979555,3.775667005746113,29.880383165637973,26.10471615989186,Smart Serve
Portena - NL,NZ Indirect,4013679,VAN DALEN C/O JONKER & SCHUT B,C,Van Dalen Dairy Trading,Netherlands,104504,NACTE 1808 20% R150UM ABT 20KG MBG,Caseinate,Sodium Caseinate,New Zealand,0.18,648,413.61339586834475,234.38660413165525,2.7571786754784555,6.878557567524996,6.464393978368326,121.76711358586078,0,218.28647391028346,16.990501525857507,96.51936032442268,79.52885879856517,Smart Serve
Portena - NL,NZ Indirect,4013679,VAN DALEN C/O JONKER & SCHUT B,C,Van Dalen Dairy Trading,Netherlands,104517,CaCte 3800 Sstab 20kg MBG,Caseinate,Calcium Caseinate,New Zealand,0.06,216,176.17850513653326,39.82149486346674,1.2866833818899461,2.292852522508332,2.154797992789442,174.51776716370586,0,34.08716096627902,5.663500508619169,-140.43060619742684,-146.094106706046,Smart Serve
Portena - NL,NZ Indirect,4013679,VAN DALEN C/O JONKER & SCHUT B,C,Van Dalen Dairy Trading,Netherlands,104527,CACTE 3808 SSTAB ABT 20KG MBG,Caseinate,Calcium Caseinate,New Zealand,0.32,1152,4723.820170465384,-3571.820170465384,6.238464881890647,12.228546786711105,11.492255961543693,808.6743833235948,0,-3601.7794380955293,30.205336045968902,-4410.453821419124,-4440.659157465093,Smart Serve
Portena - NL,NZ Indirect,4013679,VAN DALEN C/O JONKER & SCHUT B,C,Van Dalen Dairy Trading,Netherlands,104613,ACas 7417 Min 30# all-in 10% 25kg MBG,Casein,Acid Casein,New Zealand,0.125,725,471.8983501709687,253.10164982903132,2.14447230314991,4.776776088559025,4.489162484978005,69.82124593131589,0,241.69123895234438,11.798959392956602,171.8699930210285,160.07103362807192,Smart Serve
Portena - NL,NZ Indirect,4013679,VAN DALEN C/O JONKER & SCHUT B,C,Van Dalen Dairy Trading,Netherlands,104642,WPI 895 IX 25KG MBG,WPC,Whey Protein Isolate,New Zealand,0.125,450,221.48073376217738,228.51926623782262,2.14447230314991,4.776776088559025,4.489162484978005,145.32385257919103,0,217.10885536113568,11.798959392956602,71.78500278194466,59.98604338898805,Smart Serve
Portena - NL,NZ Indirect,4013679,VAN DALEN C/O JONKER & SCHUT B,C,Van Dalen Dairy Trading,Netherlands,104668,MLKMIN 997 UHT 25KG MBG,Whey,Milk Minerals,New Zealand,0.175,17.5,488.13270060025303,-470.63270060025303,6.004522448819747,6.687486523982635,6.2848274789692065,16.989049672687248,0,-489.60953705202456,16.518543150139244,-506.5985867247118,-523.1171298748511,Smart Serve
Portena - NL,NZ Indirect,4013679,VAN DALEN C/O JONKER & SCHUT B,C,Van Dalen Dairy Trading,Netherlands,110170,CaCte 3808 Sstab ABT 20kg MBG,Caseinate,Calcium Caseinate,New Zealand,0.18,648,628.1192597751239,19.88074022487615,3.8600501456698377,6.878557567524996,6.464393978368326,370.6918090329194,0,2.677738533312988,16.990501525857507,-368.0140704996064,-385.0045720254639,Smart Serve
Portena - NL,NZ Indirect,4013679,VAN DALEN C/O JONKER & SCHUT B,C,Van Dalen Dairy Trading,Netherlands,111061,DC WHEY HYD 917 HAL/K 25KG MBG,Whey,Whey Hydrolysates,Unknown Origin,0.125,450,352.5043851660936,97.49561483390642,3.0635318616427285,4.776776088559025,4.489162484978005,23.52263436715092,0,85.16614439872666,11.798959392956602,61.64351003157574,49.84455063861913,Smart Serve
Portena - NL,NZ Indirect,4013679,VAN DALEN C/O JONKER & SCHUT B,C,Van Dalen Dairy Trading,Netherlands,111683,DC NACTE 167 HAL/K 20KG MBG,Caseinate,Sodium Caseinate,Unknown Origin,0.42,1512,888.5668879498569,623.4331120501431,9.006783673229622,16.049967657558323,15.083585949526096,15.554545204053374,0,583.2927747698291,39.64450356033418,567.7382295657757,528.0937260054415,Smart Serve
Portena - NL,NZ Indirect,4013679,VAN DALEN C/O JONKER & SCHUT B,C,Van Dalen Dairy Trading,Netherlands,112284,WPC80 CHS 550 25KG MBG (FUNCTIONAL),WPC,WPC 80% (Cheese),New Zealand,1.075,3870,1779.601424883636,2090.398575116364,18.442461807089227,41.080274361607614,38.60679737081084,649.9249828550417,0,1992.2690415768564,101.47105077942678,1342.3440587218147,1240.8730079423879,Smart Serve
Portena - NL,NZ Indirect,4013679,VAN DALEN C/O JONKER & SCHUT B,C,Van Dalen Dairy Trading,Netherlands,112960,MPC85 4882 MEDAPP HAL/K 20KG MBG,MPC,Milk Protein Concentrate >=80%,New Zealand,0.1,360,319.44935471838863,40.55064528161137,2.0104427842030406,3.8214208708472204,3.591329987982404,53.851206338716636,0,31.127451638578698,9.439167514365282,-22.72375470013794,-32.16292221450322,Smart Serve
Portena - NL,NZ Indirect,4013679,VAN DALEN C/O JONKER & SCHUT B,C,Van Dalen Dairy Trading,Netherlands,113329,CaCte 390 SusStab Disp K 20kgMBG,Caseinate,Calcium Caseinate,New Zealand,0.34,1224,1070.5973666542334,153.40263334576662,7.291205830709695,12.992830960880548,12.210521959140173,1318.6414909362138,0,120.9080745950362,32.09316954884196,-1197.7334163411776,-1229.8265858900197,Smart Serve
Portena - NL,NZ Indirect,4013679,VAN DALEN C/O JONKER & SCHUT B,C,Van Dalen Dairy Trading,Netherlands,114351,WPC 80 Chs 4501 Inst K 20kgMBG,WPC,WPC 80% (Cheese),New Zealand,0.06,216,99.46667585868587,116.53332414131413,1.2866833818899461,2.292852522508332,2.154797992789442,33.25717780460084,0,110.79899024412641,5.663500508619169,77.54181243952557,71.8783119309064,Smart Serve
Portena - NL,NZ Indirect,4013679,VAN DALEN C/O JONKER & SCHUT B,C,Van Dalen Dairy Trading,Netherlands,114574,MPC70 4703 LH K ABT 20KG MBG,MPC,Milk Protein Concentrate 70,New Zealand,0.3,1080,680.5386889800394,399.4613110199606,6.43341690944973,11.46426261254166,10.77398996394721,123.83678321834807,0,370.78964153402205,28.317502543095845,246.95285831567398,218.63535577257812,Smart Serve
Portena - NL,NZ Indirect,4013679,VAN DALEN C/O JONKER & SCHUT B,C,Van Dalen Dairy Trading,Netherlands,114612,MPC85 4854 LOSRC K EU NES 20KG MBG,MPC,Milk Protein Concentrate >=80%,New Zealand,0.06,216,162.21149126413204,53.788508735867964,1.2866833818899461,2.292852522508332,2.154797992789442,52.41609928391725,0,48.05417483868025,5.663500508619169,-4.361924445237001,-10.02542495385617,Smart Serve
Portena - NL,NZ Indirect,4013679,VAN DALEN C/O JONKER & SCHUT B,C,Van Dalen Dairy Trading,Netherlands,114808,DC NACTE 166 HAL/K 20KG MBG,Caseinate,Sodium Caseinate,Unknown Origin,1.54,5544,4036.5642564590294,1507.4357435409706,33.024873468508616,58.849881411047186,55.30648181492902,54.822021577859715,0,1360.254506846486,145.36317972122535,1305.4324852686264,1160.069305547401,Smart Serve
Portena - NL,NZ Indirect,4013679,VAN DALEN C/O JONKER & SCHUT B,C,Van Dalen Dairy Trading,Netherlands,115542,WPI 8855 IX 20KG MBG,WPC,Whey Protein Isolate,New Zealand,0.02,72,31.558650609068923,40.44134939093108,0.428894460629982,0.764284174169444,0.7182659975964808,5.446282619044119,0,38.52990475853517,1.8878335028730564,33.08362213949105,31.19578863661799,Smart Serve
Portena - NL,NZ Indirect,4013679,VAN DALEN C/O JONKER & SCHUT B,C,Van Dalen Dairy Trading,Netherlands,120874,WPC80 CHS 450 INST 20KG MBG,WPC,WPC 80% (Cheese),New Zealand,0.02,72,41.71900037299514,30.28099962700486,0.428894460629982,0.764284174169444,0.7182659975964808,12.967570760610142,0,28.36955499460895,1.8878335028730564,15.401984233998808,13.514150731125753,Smart Serve
Portena - NL,NZ Indirect,4013679,VAN DALEN C/O JONKER & SCHUT B,C,Van Dalen Dairy Trading,Netherlands,120931,WPI 895-INST IX 20KG MBG,WPC,Whey Protein Isolate,New Zealand,0.1,360,206.35837374114135,153.64162625885865,4.288944606299821,3.8214208708472204,3.591329987982404,77.840827008501,0,141.93993079372922,9.439167514365282,64.09910378522822,54.65993627086294,Smart Serve
Portena - NL,NZ Indirect,4013679,VAN DALEN C/O JONKER & SCHUT B,C,Van Dalen Dairy Trading,Netherlands,120941,DC WHEY HYD 7051 HA HAL/K 500KG BBG,Whey,Whey Hydrolysates,Unknown Origin,1.5,5400,3236.060748661115,2163.939251338885,38.60050145669838,57.3213130627083,53.86994981973606,401.0701996545379,0,2014.1474869997419,141.58751271547922,1613.077287345204,1471.4897746297247,Smart Serve
Portena - NL,NZ Indirect,4013679,VAN DALEN C/O JONKER & SCHUT B,C,Van Dalen Dairy Trading,Netherlands,121038,BMP BSP NUTING WTBLD ABT 25KG MBG,BMP,Buttermilk Powder,New Zealand,0.4,400,1203.6685731176592,-803.6685731176592,6.862311370079712,15.285683483388881,14.365319951929616,48.38177474625993,0,-840.1818879230574,37.75667005746113,-888.5636626693173,-926.3203327267785,Smart Serve
Portena - NL,NZ Indirect,4013771,VAN LINDENBERG C/O VAN ZUTVEN,B,Van Lindenberg Trading,Netherlands,103791,MPC85 4855 K EU 20kg MBG,MPC,Milk Protein Concentrate >=80%,New Zealand,0.28,1120,988.0704724041158,131.92952759588422,6.004522448819749,10.699978438372218,10.055723966350731,40.13271853039107,0,105.16930274234153,26.42966904022279,65.03658421195047,38.60691517172768,Semi Managed
Portena - NL,NZ Indirect,4013771,VAN LINDENBERG C/O VAN ZUTVEN,B,Van Lindenberg Trading,Netherlands,104650,WHEY HYD 821 HA 15KG MBG,Whey,Whey Hydrolysates,New Zealand,0.72,2880,2516.1732151543497,363.8267848456503,20.586934110239135,27.514230270099983,25.857575913473305,117.76479638009053,0,289.8680445518379,67.96200610343003,172.10324817174737,104.14124206831734,Semi Managed
Portena - NL,NZ Indirect,4013926,CONDIO GMBH,A,Condio,Germany,100714,MPC85 4851 LL K ABT 20KG PPK,MPC,Milk Protein Concentrate >=80%,New Zealand,6.58,68432,58097.81037934128,10334.189620658719,117.58856462272007,251.44949330174708,236.30951320924217,2304.0855257848816,851.62,8877.22204952501,621.0972224452355,6573.136523740128,5952.0393012948925,Managed
Portena - NL,NZ Indirect,4013926,CONDIO GMBH,A,Condio,Germany,103791,MPC85 4855 K EU 20kg MBG,MPC,Milk Protein Concentrate >=80%,New Zealand,46.76,475783,368347.89321552636,107435.10678447364,1002.755248952898,1786.8963992081601,1679.305902380572,6702.163994575308,3406.48,99559.66923393201,4413.754729717206,92857.5052393567,88443.7505096395,Managed
Portena - NL,NZ Indirect,4013926,CONDIO GMBH,A,Condio,Germany,116248,MPC85 4851 LL K 20KG PPK,MPC,Milk Protein Concentrate >=80%,New Zealand,3.54,35400,27455.045796993876,7944.954203006124,75.91431953150682,135.2782988279916,127.13308157457709,2512.908597285068,851.6199999999999,6755.008503072049,334.146530008531,4242.099905786981,3907.95337577845,Managed
Portena - NL,NZ Indirect,4013956,IMMERGUT GMBH & CO. KG,C,Privatmolkerei Bauer,Germany,115542,WPI 8855 IX 20KG MBG,WPC,Whey Protein Isolate,New Zealand,15.8,300620,219673.57677909467,80946.42322090533,338.8266238976858,603.7844975938608,567.4301381012198,4302.563269044855,1810.27,77626.11196131256,1491.3884672697145,73323.54869226771,71832.16022499799,Smart Serve
Portena - NL,NZ Indirect,4014641,NEN-PRODUKTER AS,C,NEN-Produkter,Norway,103791,MPC85 4855 K EU 20kg MBG,MPC,Milk Protein Concentrate >=80%,New Zealand,0.16,1864,1267.1545908331784,596.8454091668216,3.431155685039856,6.114273393355552,5.746127980771846,22.93298201736632,263.01,318.5438521076544,15.102668022984451,295.6108700902881,280.5082020673036,Smart Serve
Portena - NL,NZ Indirect,4014649,MEDIX LABORATOIRES NV,B,Alphacaps,Belgium,103791,MPC85 4855 K EU 20kg MBG,MPC,Milk Protein Concentrate >=80%,New Zealand,3.6,39870,32294.857525678974,7575.142474321026,77.20100291339676,137.57115135049995,129.28787956736653,515.9920953907423,414.2,6816.882440489762,339.81003051715015,6300.89034509902,5961.08031458187,Semi Managed
Portena - NL,NZ Indirect,4014742,PROTERO GMBH,C,PROTERO GMBH,Germany,114351,WPC 80 Chs 4501 Inst K 20kgMBG,WPC,WPC 80% (Cheese),New Zealand,4.2,36060,26088.910094472256,9971.089905527744,90.06783673229621,160.49967657558324,150.83585949526096,2328.002446322059,0,9569.686532724603,396.4450356033418,7241.684086402544,6845.239050799202,Semi Managed
Portena - NL,NZ Indirect,4014743,MEDICHEMIA GMBH C/O PROTERO,C,PROTERO GMBH,Germany,114351,WPC 80 Chs 4501 Inst K 20kgMBG,WPC,WPC 80% (Cheese),New Zealand,1.2,17400,7453.974312706358,9946.02568729364,25.73366763779892,45.85705045016664,43.09595985578884,665.1435560920169,400.16,9431.179009349888,113.27001017238338,8766.035453257871,8652.765443085487,Semi Managed
Portena - NL,NZ Indirect,4014856,KRAFTVERKEHR NAGEL SE & CO.,B,Condetta,Germany,103791,MPC85 4855 K EU 20kg MBG,MPC,Milk Protein Concentrate >=80%,New Zealand,184.12,1486957.2,1259426.9023457905,227530.29765420943,3948.4024045596143,7036.000107403903,6612.356773873202,26390.129056484293,8569.58,201363.95836837273,17379.395227449357,174973.82931188843,157594.43408443907,Managed
Portena - NL,NZ Indirect,4014878,SOLINA BELGIUM AG/NV EUPEN,C,SOLINA BELGIUM AG/NV,Belgium,100733,MPC85 4861 CWS K 20kg PPK,MPC,Milk Protein Concentrate >=80%,New Zealand,0.6,6600,4573.448209315272,2026.551790684728,12.86683381889946,22.92852522508332,21.54797992789442,534.9962853488089,59.92,1909.2884517128507,56.63500508619169,1374.2921663640418,1317.65716127785,Smart Serve
Portena - NL,NZ Indirect,4014878,SOLINA BELGIUM AG/NV EUPEN,C,SOLINA BELGIUM AG/NV,Belgium,120931,WPI 895-INST IX 20KG MBG,WPC,Whey Protein Isolate,New Zealand,4.92,113160,76855.72812251092,36304.27187748908,211.01607462995113,188.01390684568324,176.69343540873427,3829.768688818249,773.3399999999999,34955.208460604714,464.4070417067719,31125.439771786463,30661.032730079693,Smart Serve
Portena - NL,NZ Indirect,4015153,STERNMAID TRANSPORTE&LOGISTIK,C,Sternmaid,Germany,104668,MLKMIN 997 UHT 25KG MBG,Whey,Milk Minerals,New Zealand,7.5,48000,22837.868306515447,25162.131693484553,257.3366763779892,286.6065653135415,269.34974909868026,728.1021288294535,1255.21,23093.628702694343,707.9375635773962,22365.52657386489,21657.58901028749,Smart Serve
Portena - NL,NZ Indirect,4015185,UNIONPLUS S.R.L.,C,Unionplus,Italy,103791,MPC85 4855 K EU 20kg MBG,MPC,Milk Protein Concentrate >=80%,New Zealand,18,129060,110354.57628367085,18705.423716329155,386.0050145669838,687.8557567524997,646.4393978368327,2579.960476953711,0,16985.12354717284,1699.0501525857508,14405.163070219129,12706.112917633378,Smart Serve
Portena - NL,NZ Indirect,4015186,WAREHOUSE UNIONPLUS S.R.L.,C,Unionplus,Italy,103791,MPC85 4855 K EU 20kg MBG,MPC,Milk Protein Concentrate >=80%,New Zealand,18.02,129168,110477.1924795416,18690.807520458402,386.4339090276138,688.620040926669,647.1576638344292,2582.8270997058817,291.12,16677.47590666969,1700.9379860886238,14094.648806963807,12393.710820875183,Smart Serve
Portena - NL,NZ Indirect,4015186,WAREHOUSE UNIONPLUS S.R.L.,C,Unionplus,Italy,111061,DC WHEY HYD 917 HAL/K 25KG MBG,Whey,Whey Hydrolysates,Unknown Origin,0.75,10500,4691.904745481372,5808.095254518628,18.381191169856372,28.66065653135415,26.93497490986803,141.13580620290554,0,5734.118431907549,70.79375635773961,5592.982625704643,5522.188869346904,Smart Serve
Portena - NL,NZ Indirect,4015186,WAREHOUSE UNIONPLUS S.R.L.,C,Unionplus,Italy,112284,WPC80 CHS 550 25KG MBG (FUNCTIONAL),WPC,WPC 80% (Cheese),New Zealand,13.85,158513,93605.5133277568,64907.486672243205,237.60753118901002,529.26679061234,497.3992033355629,8373.452104690537,426.6,63216.6131471063,1307.3247007395917,54843.16104241576,53535.83634167617,Smart Serve
Portena - NL,NZ Indirect,4015563,CARE4TRADE & NUTRIFILL GMBH C/,C,PROTERO GMBH,Germany,114351,WPC 80 Chs 4501 Inst K 20kgMBG,WPC,WPC 80% (Cheese),New Zealand,1.2,12960,7453.974312706358,5506.025687293642,25.73366763779892,45.85705045016664,43.09595985578884,665.1435560920169,236.66666666666666,5154.6723426832195,113.27001017238338,4489.528786591202,4376.258776418819,Semi Managed
Portena - NL,NZ Indirect,4015579,VILGAIN WH Z2,C,Vilgain,Czech Republic,100733,MPC85 4861 CWS K 20kg PPK,MPC,Milk Protein Concentrate >=80%,New Zealand,0.1,950,640.3536241239394,309.6463758760606,2.1444723031499104,3.8214208708472204,3.591329987982404,89.16604755813482,364.35,-64.260847285919,9.439167514365282,-153.42689484405383,-162.86606235841913,Smart Serve
Portena - NL,NZ Indirect,4015842,4 FUN POLSKA SP. Z O.O.,B,"DAIRY 4 FUN , S.R.O.",Poland,103791,MPC85 4855 K EU 20kg MBG,MPC,Milk Protein Concentrate >=80%,New Zealand,90,702900,588902.1669860284,113997.83301397157,1930.025072834919,3439.2787837624983,3232.1969891841636,12899.802384768554,850,104546.33216819,8495.250762928754,91646.52978342144,83151.27902049269,Semi Managed
Portena - NL,NZ Indirect,4016239,"DAIRY 4 FUN , S.R.O.",B,"DAIRY 4 FUN , S.R.O.",Czech Republic,103791,MPC85 4855 K EU 20kg MBG,MPC,Milk Protein Concentrate >=80%,New Zealand,144,1107000,942243.4671776455,164756.53282235446,3088.0401165358703,5502.846054019998,5171.515182694661,20639.683815629687,0,150994.13146910394,13592.401220686006,130354.44765347426,116762.04643278825,Semi Managed
Rokiskio - LT,EU to EU Direct,2000332,STERNMAID GMBH & CO. KG,C,Sternmaid,Germany,113165,ROKI WPC80 CHS 392 K 20KG MBG,WPC,WPC 80% (Cheese),Lithuania,7.92,57895.2,67502.69432362219,-9607.494323622188,0,0,0,624.7874394966598,1100,-10707.494323622188,747.5820671377303,-11332.281763118848,-12079.863830256578,Smart Serve
Rokiskio - LT,EU to EU Direct,2005770,UNIVAR SOLUTIONS B.V.,B,Univar Solutions,Netherlands,113165,ROKI WPC80 CHS 392 K 20KG MBG,WPC,WPC 80% (Cheese),Lithuania,10.56,61776,58607.77915070243,3168.2208492975697,0,0,0,833.0499193288797,0,3168.2208492975697,996.7760895169738,2335.17092996869,1338.3948404517162,Managed
Rokiskio - LT,EU to EU Direct,2005770,UNIVAR SOLUTIONS B.V.,B,Univar Solutions,Netherlands,114455,ROKI WPC80 Chs 450 Inst K EU 15kgMBG,WPC,WPC 80% (Cheese),Lithuania,49.68000000000001,248940,262735.1840243213,-13795.184024321323,0,0,0,9405.463646594158,0,-13795.184024321323,4689.378421136672,-23200.64767091548,-27890.026092052154,Managed
Rokiskio - LT,EU to EU Direct,2005770,UNIVAR SOLUTIONS B.V.,B,Univar Solutions,Netherlands,116274,ROKI WPI 894-INST MF EU 15KG MBG,WPC,Whey Protein Isolate,Lithuania,17.28,152928,219652.9322993841,-66724.93229938409,0,0,0,5934.646677934189,0,-66724.93229938409,1631.0881464823208,-72659.57897731828,-74290.6671238006,Managed
Rokiskio - LT,EU to EU Direct,2009710,LACTOLAND,A,Lactoland,Germany,114455,ROKI WPC80 Chs 450 Inst K EU 15kgMBG,WPC,WPC 80% (Cheese),Lithuania,138.94500000000002,1136667,1210524.919194195,-73857.91919419495,0,0,0,26305.1961830923,0,-73857.91919419495,13115.251302834842,-100163.11537728725,-113278.3666801221,Managed
Rokiskio - LT,EU to EU Direct,2009710,LACTOLAND,A,Lactoland,Germany,116235,ROKI WPC 356 HIFAT EU 15KG MBG,WPC,High Fat B/T WPC,Lithuania,171.705,878732.25,838948.8073642278,39783.44263577217,0,0,0,15368.681343615524,0,39783.44263577217,16207.522580540908,24414.761292156643,8207.238711615735,Managed
Rokiskio - LT,EU to EU Direct,2009710,LACTOLAND,A,Lactoland,Germany,116274,ROKI WPI 894-INST MF EU 15KG MBG,WPC,Whey Protein Isolate,Lithuania,17.28,309312,439791.1595009823,-130479.15950098232,0,0,0,5934.646677934189,0,-130479.15950098232,1631.0881464823208,-136413.8061789165,-138044.89432539884,Managed
Rokiskio - LT,EU to EU Direct,2012213,CHEMLOG,C,Azelis,France,113165,ROKI WPC80 CHS 392 K 20KG MBG,WPC,WPC 80% (Cheese),Lithuania,10.56,126720,90003.59440898125,36716.405591018745,0,0,0,833.0499193288797,1700,35016.405591018745,996.7760895169738,34183.35567168987,33186.5795821729,Semi Managed
Rokiskio - LT,EU to EU Direct,2015001,YES MULTI LOGISTICS CENTER-FRA,B,Univar Solutions,Germany,114455,ROKI WPC80 Chs 450 Inst K EU 15kgMBG,WPC,WPC 80% (Cheese),Lithuania,51.84,241056,274158.452894944,-33102.452894944,0,0,0,9814.396848619992,0,-33102.452894944,4893.264439446963,-42916.84974356399,-47810.11418301095,Managed
Rokiskio - LT,EU to EU Direct,2015001,YES MULTI LOGISTICS CENTER-FRA,B,Univar Solutions,Germany,116274,ROKI WPI 894-INST MF EU 15KG MBG,WPC,Whey Protein Isolate,Lithuania,38.34,466560,487354.94353925844,-20794.943539258442,0,0,0,13167.497316666482,0,-20794.943539258442,3618.976825007649,-33962.44085592493,-37581.41768093258,Managed
Rokiskio - LT,EU to EU Direct,2016041,UNIVAR B.V,B,Univar Solutions,Spain,114455,ROKI WPC80 Chs 450 Inst K EU 15kgMBG,WPC,WPC 80% (Cheese),Lithuania,51.84,231552,274158.452894944,-42606.452894944,0,0,0,9814.396848619992,0,-42606.452894944,4893.264439446963,-52420.84974356399,-57314.11418301095,Managed
Rokiskio - LT,EU to EU Direct,2016041,UNIVAR B.V,B,Univar Solutions,Spain,116274,ROKI WPI 894-INST MF EU 15KG MBG,WPC,Whey Protein Isolate,Lithuania,34.56,416448,439305.8645987682,-22857.86459876818,0,0,0,11869.293355868378,0,-22857.86459876818,3262.1762929646416,-34727.15795463656,-37989.334247601204,Managed
Rokiskio - LT,EU to EU Direct,4000203,AMINOLABS,A,Aminolabs,Belgium,116274,ROKI WPI 894-INST MF EU 15KG MBG,WPC,Whey Protein Isolate,Lithuania,138.555,2052292.5,2057801.185340729,-5508.685340729076,0,0,0,47585.35708687335,14167.59,-19676.275340729077,13078.438549528817,-67261.63242760242,-80340.07097713124,Managed
Rokiskio - LT,EU to EU Direct,4005212,ALPHA C/O BAKKER LOGISTIEK,C,Alpha Milkpowders,Netherlands,116274,ROKI WPI 894-INST MF EU 15KG MBG,WPC,Whey Protein Isolate,Lithuania,10.005,90045,112053.72114136515,-22008.721141365153,0,0,0,3436.1192136997433,0,-22008.721141365153,944.3887098122465,-25444.840355064895,-26389.22906487714,Semi Managed
Rokiskio - LT,EU to EU Direct,4006358,AMINOLABS DEUTSCHLAND GMBH,A,Aminolabs,Germany,116274,ROKI WPI 894-INST MF EU 15KG MBG,WPC,Whey Protein Isolate,Lithuania,1.995,15162,29629.48550939883,-14467.48550939883,0,0,0,685.1632015323327,700,-15167.48550939883,188.31139191158738,-15852.648710931162,-16040.96010284275,Managed
Rokiskio - LT,EU to EU Direct,4007987,VAN LINDENBERG INGREDIENTS B.V,B,Van Lindenberg Trading,Netherlands,116235,ROKI WPC 356 HIFAT EU 15KG MBG,WPC,High Fat B/T WPC,Lithuania,161.58,1067976,1041818.0197121619,26157.980287838145,0,0,0,14462.429932159206,0,26157.980287838145,15251.806869711423,11695.550355678939,-3556.256514032484,Semi Managed
Rokiskio - LT,EU to EU Direct,4012182,BRENNTAG LATVIA SIA,C,Brenntag Holding,Latvia,114455,ROKI WPC80 Chs 450 Inst K EU 15kgMBG,WPC,WPC 80% (Cheese),Lithuania,1.08,8424,11246.448966803431,-2822.448966803431,0,0,0,204.4666010129165,0,-2822.448966803431,101.94300915514505,-3026.915567816348,-3128.8585769714928,Smart Serve
Rokiskio - LT,EU to EU Direct,4012182,BRENNTAG LATVIA SIA,C,Brenntag Holding,Latvia,116274,ROKI WPI 894-INST MF EU 15KG MBG,WPC,Whey Protein Isolate,Lithuania,0.015,0,137.82112007159515,-137.82112007159515,0,0,0,5.1516030190400945,250,-387.82112007159515,1.4158751271547922,-392.9727230906352,-394.38859821779,Smart Serve
Rokiskio - LT,EU to EU Direct,4012630,KIPPING LAGER-HANDEL-LOGISTIK,A,Anona,Germany,114455,ROKI WPC80 Chs 450 Inst K EU 15kgMBG,WPC,WPC 80% (Cheese),Lithuania,120.96000000000001,810432,656898.9110515295,153533.08894847054,0,0,0,22900.259313446648,7450,146083.08894847054,11417.617025376245,123182.8296350239,111765.21260964766,Managed
Rokiskio - LT,EU to EU Direct,4012630,KIPPING LAGER-HANDEL-LOGISTIK,A,Anona,Germany,116274,ROKI WPI 894-INST MF EU 15KG MBG,WPC,Whey Protein Isolate,Lithuania,362.88,5747500.8,4791735.595881704,955765.2041182956,0,0,0,124627.58023661797,26631.4,929133.8041182955,34252.85107612874,804506.2238816776,770253.3728055488,Managed
Rokiskio - LT,EU to EU Direct,4012675,MEDIX LABORATOIRES NV,C,Medix Laboratoires,Belgium,116274,ROKI WPI 894-INST MF EU 15KG MBG,WPC,Whey Protein Isolate,Lithuania,17.28,126748.8,121358.27894345044,5390.521056549565,0,0,0,5934.646677934189,3765.6,1624.9210565495655,1631.0881464823208,-4309.725621384623,-5940.813767866944,Semi Managed
Rokiskio - LT,EU to EU Direct,4013259,ANI C/O KIPPING LAGER-HANDEL-L,C,Active Nutrition,Germany,116274,ROKI WPI 894-INST MF EU 15KG MBG,WPC,Whey Protein Isolate,Lithuania,17.28,158112,167382.50245930773,-9270.502459307725,0,0,0,5934.646677934189,1050,-10320.502459307725,1631.0881464823208,-16255.149137241915,-17886.237283724236,Semi Managed
Rokiskio - LT,EU to EU Direct,4013754,HARRISON SPORT NUTRITION S.L.,A,Harrison Sport Nutrition,Spain,116274,ROKI WPI 894-INST MF EU 15KG MBG,WPC,Whey Protein Isolate,Lithuania,17.28,317088,301908.2799405422,15179.720059457817,0,0,0,5934.646677934189,3493.44,11686.280059457817,1631.0881464823208,5751.633381523628,4120.545235041307,Semi Managed
Rokiskio - LT,EU to EU Direct,4014023,ANI C/O ANONA,A,Anona,Germany,116274,ROKI WPI 894-INST MF EU 15KG MBG,WPC,Whey Protein Isolate,Lithuania,207.36,1935187.2,2738134.626218117,-802947.4262181169,0,0,0,71215.76013521026,13543.8,-816491.2262181169,19573.05775778785,-887706.9863533272,-907280.044111115,Managed
Rokiskio - LT,EU to EU Direct,4014649,MEDIX LABORATOIRES NV,B,Alphacaps,Belgium,114455,ROKI WPC80 Chs 450 Inst K EU 15kgMBG,WPC,WPC 80% (Cheese),Lithuania,34.56,183168,162228.84300977906,20939.156990220945,0,0,0,6542.931232413328,3765.6,17173.556990220946,3262.1762929646416,10630.625757807618,7368.449464842977,Semi Managed
Rokiskio - LT,EU to EU Direct,4014649,MEDIX LABORATOIRES NV,B,Alphacaps,Belgium,116274,ROKI WPI 894-INST MF EU 15KG MBG,WPC,Whey Protein Isolate,Lithuania,34.56,476928,521312.36853835674,-44384.368538356735,0,0,0,11869.293355868378,3765.6,-48149.968538356734,3262.1762929646416,-60019.261894225114,-63281.43818718976,Semi Managed
Rokiskio - LT,EU to EU Direct,4015810,BIG WAVE COMPANY B.V,C,Big Wave Company,Netherlands,114455,ROKI WPC80 Chs 450 Inst K EU 15kgMBG,WPC,WPC 80% (Cheese),Lithuania,51.84,238464,251877.281452936,-13413.281452936004,0,0,0,9814.396848619992,0,-13413.281452936004,4893.264439446963,-23227.678301555996,-28120.94274100296,Smart Serve
Schiphol Airport - NL,NZ Direct EU,2004124,J.M. GABLER SALITER,C,J.M. GABLER SALITER,Germany,109717,WHEY HYD 821 ABT 15KG MBG,Whey,Whey Hydrolysates,New Zealand,0.3,10890,5998.800390567337,4891.199609432663,0,0,0,0,0,4891.199609432663,28.317502543095845,4891.199609432663,4862.882106889568,Smart Serve
Schiphol Airport - NL,NZ Direct EU,2008011,FRIESLANDCAMPINA DOMO,A,FrieslandCampina,Netherlands,113056,WPI 895 IX K EU FRC 25KG MBG,WPC,Whey Protein Isolate,New Zealand,15.575,393342.25,214560.8199385674,178781.4300614326,0,0,0,0,0,178781.4300614326,1470.1503403623926,178781.4300614326,177311.2797210702,FrieslandCampina
Schiphol Airport - NL,NZ Direct EU,4006358,AMINOLABS DEUTSCHLAND GMBH,A,Aminolabs,Germany,115927,WHEYFRAC LF 95% 10KG BAG CTN,Whey,Whey Fractions,New Zealand,0.03,19500,6105.924147706079,13394.075852293921,0,0,0,0,0,13394.075852293921,2.8317502543095845,13394.075852293921,13391.24410203961,Managed
Schiphol Airport - NL,NZ Direct EU,4008204,AMINOLABS ATLANTIC D.O.O.,C,EMPWR D.O.O,Croatia,107730,WPC 80 Chs 3925 K 25kgMBG,WPC,WPC 80% (Cheese),New Zealand,0.6,14820,10827.921949007361,3992.078050992639,0,0,0,0,0,3992.078050992639,56.63500508619169,3992.078050992639,3935.4430459064474,Smart Serve
Schiphol Airport - NL,NZ Direct EU,4012469,FRIESLANDCAMPINA DOMO,A,FrieslandCampina,Netherlands,121904,HN019 PROBIOTIC POWDER (625G),Probiotic,Freeze Dried DR10,New Zealand,2.19,2463767.52,450110.146923319,2013657.373076681,0,0,0,0,0,2013657.373076681,206.71776856459968,2013657.373076681,2013450.6553081165,FrieslandCampina
Schiphol Airport - NL,NZ Direct EU,4014838,SOREMARTEC ITALIA S.R.I.,C,Ferrero Group,Italy,102132,WMP 28% FAT K 25KG MBG,WMP,Wholemilk Powder,New Zealand,1.5,15630,14252.70408142699,1377.2959185730106,0,0,0,0,0,1377.2959185730106,141.58751271547922,1377.2959185730106,1235.7084058575313,Smart Serve
