FacilityType,SupplyChainFlow,ShipToParty,ShipToCountry,ShipToName,SoldToName,ABCClass,Account,Segment,Material,MaterialDescription,ProductGroup,ProductOrigin,Commodity,QuantityInMT,TotalSalesValue,TotalCOGS,GM,TotalStorageCostPerYear,TotalHandlingCost,TotalDemurrageCost,IOC,TotalTransportCost,CBM,TotalS&D,SGA,PTOC,PTOC_60,PTOC_30,PTOC_30_8,PTOC_30_notcharged,CBMAI,EBITAI
Amsterdam - NL,EU to EU Direct,2003943,Germany,MILEI GMBH,MILEI GMBH,B,MILEI GMBH,Smart Serve,121179,ROKI WHEYFRAC LF ELUATE 500KG ACT,Whey Fractions,Lithuania,Whey,2151.54,1661449.6,1650193.8486312807,11255.751368719386,0,0,0,0,0,11255.751368719386,0,203087.46473857478,17069.687671232878,17069.687671232878,17069.687671232878,0,0,11255.751368719386,-191831.7134
Amsterdam - NL,NZ Direct EU,2004201,Netherlands,INTERFOOD BV,INTERFOOD BV,A,Interfood,Semi Managed,107766,AMF SMF42 210KG DRM,Anhydrous Milkfat,New Zealand,AMF,193.2,985320,985257.8448829121,62.15511708788108,0,0,0,0,0,62.15511708788108,0,18236.471637753726,25307.876712328765,20246.301369863013,10123.150684931506,9718.224657534245,5466.501369863014,62.15511708788108,-18174.31652
Amsterdam - NL,NZ Direct EU,2004201,Netherlands,INTERFOOD BV,INTERFOOD BV,A,Interfood,Semi Managed,115053,AMF K RU 25KG CTN FFMR,Anhydrous Milkfat,New Zealand,AMF,86.4,324000,326039.27745126927,-2039.277451,0,0,0,0,0,-2039.277451,0,8155.440732411604,8321.917808219177,6657.534246575342,3328.767123287671,3195.616438356164,1797.5342465753422,-2039.277451,-10194.71818
Amsterdam - NL,NZ Direct EU,4016065,France,VDM BP FRANCE NEUVILLE,VANDEMOORTELE NV,C,Vandemoortele,Smart Serve,108046,Btr Lac Amx 25kgCTN,Butter-Lactic,New Zealand,Butter,22,121660,121660.96613007085,-0.966130071,0,0,0,0,0,-0.966130071,0,2076.616853160362,1249.931506849315,1249.931506849315,1249.931506849315,0,0,-0.966130071,-2077.582983
Daalimpex Harlingen - NL,EU to EU Direct,1051579,Denmark,UHRENHOLT A/S,UHRENHOLT A/S,C,Uhrenholt,Smart Serve,121710,AWAR UHT CRM UHRENHOLT 12X1L CTN,UHT Cream,Netherlands,Cons. UHT,21.295,75000.43,56330.43403700469,18669.99596,285.66345176034395,168.37009776456134,0,684.7576409260796,0,18215.962413470395,454.0335495249053,2010.070722184087,770.5523630136985,770.5523630136985,770.5523630136985,0,0,17531.204772544315,15521.134050360228
Daalimpex Harlingen - NL,EU to EU Direct,2002317,Netherlands,FONTERRA (EUROPE) COOPERATIE U,FONTERRA (EUROPE) COOPERATIE UA,C,Fonterra,Fonterra,120436,AWAR UHT CRM EX WHIP ANC 12X1L CTN KR LM,UHT Cream,Netherlands,Cons. UHT,0.024,0,52.827605101422975,-52.8276051,0.2571355933860733,0.18975733018781274,0,0.4748260596052676,0,-53.27449802,0.446892924,2.2654002034476677,0,0,0,0,0,-53.74932408,-56.01472429
Daalimpex Harlingen - NL,EU to EU Direct,2002317,Netherlands,FONTERRA (EUROPE) COOPERATIE U,FONTERRA (EUROPE) COOPERATIE UA,C,Fonterra,Fonterra,120994,AWAR UHT CRM CHF CLA CN 12X1L CTN,UHT Cream,Netherlands,Cons. UHT,0.218,0,479.85074633792533,-479.8507463,2.047522236755659,1.7236290825392988,0,2.8798077241238182,0,-483.6218977,3.7711513192949577,20.577385181316316,0,0,0,0,0,-486.5017054,-507.0790906
Daalimpex Harlingen - NL,EU to EU Direct,2002317,Netherlands,FONTERRA (EUROPE) COOPERATIE U,FONTERRA (EUROPE) COOPERATIE UA,C,Fonterra,Fonterra,121240,AWAR CUL CRM 12X1L,UHT Cream,Netherlands,Cons. UHT,0.012,0,26.413802550711488,-26.41380255,0.16097494346673524,0.094878665,0,0.228431561,0,-26.66965616,0.2558536085606416,1.1327001017238338,0,0,0,0,0,-26.89808772,-28.03078782
Daalimpex Harlingen - NL,EU to EU Direct,2002317,Netherlands,FONTERRA (EUROPE) COOPERATIE U,FONTERRA (EUROPE) COOPERATIE UA,C,Fonterra,Fonterra,121333,AWAR UHT CRM EX YIELD LATAM 12X1L CTN,UHT Cream,Netherlands,Cons. UHT,0.012,0,26.413802550711488,-26.41380255,0.1099293146040708,0.094878665,0,0.20050492930344763,0,-26.61861053,0.20480797969797715,1.1327001017238338,0,0,0,0,0,-26.81911546,-27.95181556
Daalimpex Harlingen - NL,EU to EU Direct,2002317,Netherlands,FONTERRA (EUROPE) COOPERATIE U,FONTERRA (EUROPE) COOPERATIE UA,C,Fonterra,Fonterra,121582,AWAR UHT CRM EX YIELD 12X1L CTN EU,UHT Cream,Netherlands,Cons. UHT,0.219,0,361.77173697688806,-361.771737,2.9209227026585047,1.7315356379637912,0,11.707243469313648,0,-366.4241953,4.652458340622296,20.671776856459967,0,0,0,0,0,-378.1314388,-398.8032156
Daalimpex Harlingen - NL,EU to EU Direct,2002317,Netherlands,FONTERRA (EUROPE) COOPERATIE U,FONTERRA (EUROPE) COOPERATIE UA,C,Fonterra,Fonterra,121628,AWAR UHT CRM CUL CRM EU 12X1L CTN,UHT Cream,Netherlands,Cons. UHT,0.036000000000000004,0,83.04401330922039,-83.04401331,0.48292483040020573,0.2846359952817191,0,4.705145931179146,0,-83.81157413,0.7675608256819249,3.3981003051715017,0,0,0,0,0,-88.51672007,-91.91482037
Daalimpex Harlingen - NL,EU to EU Direct,2002317,Netherlands,FONTERRA (EUROPE) COOPERATIE U,FONTERRA (EUROPE) COOPERATIE UA,C,Fonterra,Fonterra,121679,AWAR UHT CHF CLA EU 12X1L CTN,UHT Cream,Netherlands,Cons. UHT,0.084,0,209.35316609534814,-209.3531661,1.1268246042671468,0.6641506556573445,0,4.790890795867235,0,-211.1441414,1.7909752599244912,7.928900712066837,0,0,0,0,0,-215.9350322,-223.8639329
Daalimpex Harlingen - NL,EU to EU Direct,2002317,Netherlands,FONTERRA (EUROPE) COOPERATIE U,FONTERRA (EUROPE) COOPERATIE UA,C,Fonterra,Fonterra,121691,AWAR TR UHT CRM CHF CLA SAM 12X1L CTN,UHT Cream,Netherlands,Cons. UHT,0.012,0,8.306415550577446,-8.306415551,0.12856779669303664,0.094878665,0,6.509455154712479,0,-8.529862012,0.223446462,1.1327001017238338,0,0,0,0,0,-15.03931717,-16.17201727
Daalimpex Harlingen - NL,EU to EU Direct,2002317,Netherlands,FONTERRA (EUROPE) COOPERATIE U,FONTERRA (EUROPE) COOPERATIE UA,C,Fonterra,Fonterra,121719,TR AWAR UHT CRM EX WHIP SAM 12X1L CTN,UHT Cream,Netherlands,Cons. UHT,0.024,0,52.827605101422975,-52.8276051,0.2571355933860733,0.18975733018781274,0,30.62861698959925,0,-53.27449802,0.446892924,2.2654002034476677,0,0,0,0,0,-83.90311501,-86.16851522
Daalimpex Harlingen - NL,EU to EU Direct,2002317,Netherlands,FONTERRA (EUROPE) COOPERATIE U,FONTERRA (EUROPE) COOPERATIE UA,C,Fonterra,Fonterra,121742,AWAR UHT CRM CHF CLA LATAM 12X1L CTN,UHT Cream,Netherlands,Cons. UHT,0.096,0,211.3104204056919,-211.3104204,0.9016611684795562,0.759029321,0,2.3331345734828117,0,-212.9711109,1.6606904892308072,9.061600814,0,0,0,0,0,-215.3042455,-224.3658463
Daalimpex Harlingen - NL,EU to EU Direct,2002317,Netherlands,FONTERRA (EUROPE) COOPERATIE U,FONTERRA (EUROPE) COOPERATIE UA,C,Fonterra,Fonterra,122064,AWAR UHT CKG CRM DESS 12X1L CTN,UHT Cream,Netherlands,Cons. UHT,0.204,0,449.03464336209527,-449.0346434,1.8984370532918362,1.612937306596408,0,1.2544618900984739,0,-452.5460177,3.5113743598882445,19.255901729305176,0,0,0,0,0,-453.8004796,-473.0563813
Daalimpex Harlingen - NL,EU to EU Direct,2002317,Netherlands,FONTERRA (EUROPE) COOPERATIE U,FONTERRA (EUROPE) COOPERATIE UA,C,Fonterra,Fonterra,122070,AWAR UHT CRM CHF CLA CN AFP 12X1L CTN,UHT Cream,Netherlands,Cons. UHT,0.119,0,261.9368752945556,-261.9368753,1.1176841567611164,0.9408800955145713,0,2.900499756089211,0,-263.9954395,2.058564252275688,11.232609342094685,0,0,0,0,0,-266.8959393,-278.1285486
Daalimpex Harlingen - NL,EU to EU Direct,2002317,Netherlands,FONTERRA (EUROPE) COOPERATIE U,FONTERRA (EUROPE) COOPERATIE UA,C,Fonterra,Fonterra,122338,AWAR UHT CKG CRM EX YIELD LATAM 12X1L,UHT Cream,Netherlands,Cons. UHT,0.012,0,26.413802550711488,-26.41380255,0.1099293146040708,0.094878665,0,0.28470152703309015,0,-26.61861053,0.20480797969797715,1.1327001017238338,0,0,0,0,0,-26.90331206,-28.03601216
Daalimpex Harlingen - NL,EU to EU Direct,2008455,Netherlands,FONTERRA (EUROPE) COOPERATIE U,FONTERRA INGREDIENTS LTD,C,Fonterra,Fonterra,120476,AWAR UHT CRM EX WHIP ANC 12X1L CTN SEA,UHT Cream,Netherlands,Cons. UHT,0.012,0,26.413802550711488,-26.41380255,0.12856779669303664,0.094878665,0,2102.042154344455,0,-26.63724901,0.223446462,1.1327001017238338,0,0,0,0,0,-2128.679403,-2129.812103
Daalimpex Harlingen - NL,EU to EU Direct,2008455,Netherlands,FONTERRA (EUROPE) COOPERATIE U,FONTERRA INGREDIENTS LTD,C,Fonterra,Fonterra,120994,AWAR UHT CRM CHF CLA CN 12X1L CTN,UHT Cream,Netherlands,Cons. UHT,0.121,0,266.33917571967413,-266.3391757,1.1364687644377738,0.9566932063635558,0,1.598425388160468,0,-268.4323377,2.0931619708013294,11.42139269238199,0,0,0,0,0,-270.0307631,-281.4521558
Daalimpex Harlingen - NL,EU to EU Direct,2008455,Netherlands,FONTERRA (EUROPE) COOPERATIE U,FONTERRA INGREDIENTS LTD,C,Fonterra,Fonterra,121036,AWAR UHT CRM EX YIELD EU 12X1L CTN,UHT Cream,Netherlands,Cons. UHT,0.012,0,26.413802550711488,-26.41380255,0.16005055904978108,0.094878665,0,384.7779891,0,-26.66873177,0.25492922414368746,1.1327001017238338,0,0,0,0,0,-411.4467209,-412.579421
Daalimpex Harlingen - NL,EU to EU Direct,2008455,Netherlands,FONTERRA (EUROPE) COOPERATIE U,FONTERRA INGREDIENTS LTD,C,Fonterra,Fonterra,121104,AWAR UHT CRM DESS 12X1L CTN,UHT Cream,Netherlands,Cons. UHT,0.157,0,71.67999456110095,-71.67999456,1.461052045915776,1.241329201645275,0,2.689075820008273,0,-74.38237581,2.702381247561051,14.819492997553493,0,0,0,0,0,-77.07145163,-91.89094463
Daalimpex Harlingen - NL,EU to EU Direct,2008455,Netherlands,FONTERRA (EUROPE) COOPERATIE U,FONTERRA INGREDIENTS LTD,C,Fonterra,Fonterra,121156,AWAR UHT CRM EX YIELD SA 12X1L CTN,UHT Cream,Netherlands,Cons. UHT,0.012,0,26.413802550711488,-26.41380255,0.12801944322945086,0.094878665,0,0.26517961938370194,0,-26.63670066,0.2228981083233572,1.1327001017238338,0,0,0,0,0,-26.90188028,-28.03458038
Daalimpex Harlingen - NL,EU to EU Direct,2008455,Netherlands,FONTERRA (EUROPE) COOPERATIE U,FONTERRA INGREDIENTS LTD,C,Fonterra,Fonterra,121240,AWAR CUL CRM 12X1L,UHT Cream,Netherlands,Cons. UHT,0.048,0,105.65521020284595,-105.6552102,0.643899774,0.3795146603756255,0,0.913726244,0,-106.6786246,1.0234144342425664,4.530800406895335,0,0,0,0,0,-107.5923509,-112.1231513
Daalimpex Harlingen - NL,EU to EU Direct,2008455,Netherlands,FONTERRA (EUROPE) COOPERATIE U,FONTERRA INGREDIENTS LTD,C,Fonterra,Fonterra,121250,AWAR UHT CRM EX YIELD MY 12X1L CTN,UHT Cream,Netherlands,Cons. UHT,0.012,0,4.787575683243289,-4.787575683,0.12801944322945086,0.094878665,0,0.21176941878458957,0,-5.010473792,0.2228981083233572,1.1327001017238338,0,0,0,0,0,-5.22224321,-6.354943312
Daalimpex Harlingen - NL,EU to EU Direct,2008455,Netherlands,FONTERRA (EUROPE) COOPERATIE U,FONTERRA INGREDIENTS LTD,C,Fonterra,Fonterra,121333,AWAR UHT CRM EX YIELD LATAM 12X1L CTN,UHT Cream,Netherlands,Cons. UHT,0.037,0,81.44255786469375,-81.44255786,0.3389487200292182,0.29254255070621127,0,0.6182235320189635,0,-82.07404914,0.6314912707354294,3.492491980315154,0,0,0,0,0,-82.69227267,-86.18476465
Daalimpex Harlingen - NL,EU to EU Direct,2008455,Netherlands,FONTERRA (EUROPE) COOPERATIE U,FONTERRA INGREDIENTS LTD,C,Fonterra,Fonterra,121480,AWAR UHT CRM CHF CLA EU 12X1L CTN,UHT Cream,Netherlands,Cons. UHT,0.024,0,17.67120973756906,-17.67120974,0.3219498869334705,0.18975733018781274,0,3.4667376103525287,0,-18.18291695,0.5117072171212832,2.2654002034476677,0,0,0,0,0,-21.64965457,-23.91505477
Daalimpex Harlingen - NL,EU to EU Direct,2008455,Netherlands,FONTERRA (EUROPE) COOPERATIE U,FONTERRA INGREDIENTS LTD,C,Fonterra,Fonterra,121582,AWAR UHT CRM EX YIELD 12X1L CTN EU,UHT Cream,Netherlands,Cons. UHT,0.097,0,169.97487622447335,-169.9748762,1.2937420189857305,0.7669358761757431,0,5.185400075449424,0,-172.0355541,2.0606778951614735,9.155992488934324,0,0,0,0,0,-177.2209542,-186.3769467
Daalimpex Harlingen - NL,EU to EU Direct,2008455,Netherlands,FONTERRA (EUROPE) COOPERATIE U,FONTERRA INGREDIENTS LTD,C,Fonterra,Fonterra,121628,AWAR UHT CRM CUL CRM EU 12X1L CTN,UHT Cream,Netherlands,Cons. UHT,0.048,0,119.22926611700294,-119.2292661,0.643899774,0.3795146603756255,0,6.2735279082388615,0,-120.2526806,1.0234144342425664,4.530800406895335,0,0,0,0,0,-126.5262085,-131.0570089
Daalimpex Harlingen - NL,EU to EU Direct,2008455,Netherlands,FONTERRA (EUROPE) COOPERATIE U,FONTERRA INGREDIENTS LTD,C,Fonterra,Fonterra,121679,AWAR UHT CHF CLA EU 12X1L CTN,UHT Cream,Netherlands,Cons. UHT,0.096,0,227.6584607432683,-227.6584607,1.287799547733882,0.759029321,0,5.475303766705411,0,-229.7052896,2.046828868485133,9.061600814,0,0,0,0,0,-235.1805934,-244.2421942
Daalimpex Harlingen - NL,EU to EU Direct,2008455,Netherlands,FONTERRA (EUROPE) COOPERATIE U,FONTERRA INGREDIENTS LTD,C,Fonterra,Fonterra,121685,AWAR UHT CRM CHF CLA MDE 12X1L CTN,UHT Cream,Netherlands,Cons. UHT,0.012,0,26.413802550711488,-26.41380255,0.11270764605994453,0.094878665,0,0.30820539103989597,0,-26.62138886,0.2075863111538509,1.1327001017238338,0,0,0,0,0,-26.92959425,-28.06229435
Daalimpex Harlingen - NL,EU to EU Direct,2008455,Netherlands,FONTERRA (EUROPE) COOPERATIE U,FONTERRA INGREDIENTS LTD,C,Fonterra,Fonterra,121691,AWAR TR UHT CRM CHF CLA SAM 12X1L CTN,UHT Cream,Netherlands,Cons. UHT,0.012,0,8.673673748362477,-8.673673748,0.12856779669303664,0.094878665,0,6.509455154712479,0,-8.89712021,0.223446462,1.1327001017238338,0,0,0,0,0,-15.40657536,-16.53927547
Daalimpex Harlingen - NL,EU to EU Direct,2008455,Netherlands,FONTERRA (EUROPE) COOPERATIE U,FONTERRA INGREDIENTS LTD,C,Fonterra,Fonterra,121694,AWAR TR UHT CRM EX YIELD SAM 12X1L CTN,UHT Cream,Netherlands,Cons. UHT,0.086,0,189.2989183,-189.2989183,0.9214025429667626,0.6799637665063288,0,25.026019671504635,0,-190.9002846,1.6013663094730914,8.117684062354142,0,0,0,0,0,-215.9263043,-224.0439883
Daalimpex Harlingen - NL,EU to EU Direct,2008455,Netherlands,FONTERRA (EUROPE) COOPERATIE U,FONTERRA INGREDIENTS LTD,C,Fonterra,Fonterra,121710,AWAR UHT CRM UHRENHOLT 12X1L CTN,UHT Cream,Netherlands,Cons. UHT,0.012,0,33.675932803086674,-33.6759328,0.16097494346673524,0.094878665,0,0.3858695323368375,0,-33.93178641,0.2558536085606416,1.1327001017238338,0,0,0,0,0,-34.31765594,-35.45035605
Daalimpex Harlingen - NL,EU to EU Direct,2008455,Netherlands,FONTERRA (EUROPE) COOPERATIE U,FONTERRA INGREDIENTS LTD,C,Fonterra,Fonterra,121719,TR AWAR UHT CRM EX WHIP SAM 12X1L CTN,UHT Cream,Netherlands,Cons. UHT,0.157,0,345.58058337180864,-345.5805834,1.6820953400672296,1.241329201645275,0,200.36220280696176,0,-348.5040079,2.923424541712505,14.819492997553493,0,0,0,0,0,-548.8662107,-563.6857037
Daalimpex Harlingen - NL,EU to EU Direct,2008455,Netherlands,FONTERRA (EUROPE) COOPERATIE U,FONTERRA INGREDIENTS LTD,C,Fonterra,Fonterra,121742,AWAR UHT CRM CHF CLA LATAM 12X1L CTN,UHT Cream,Netherlands,Cons. UHT,0.012,0,26.413802550711488,-26.41380255,0.11270764605994453,0.094878665,0,0.29164182168535147,0,-26.62138886,0.2075863111538509,1.1327001017238338,0,0,0,0,0,-26.91303068,-28.04573079
Daalimpex Harlingen - NL,EU to EU Direct,2008455,Netherlands,FONTERRA (EUROPE) COOPERATIE U,FONTERRA INGREDIENTS LTD,C,Fonterra,Fonterra,122034,AWAR UHT CRM CHF CLA E-MART 12X1L CTN,UHT Cream,Netherlands,Cons. UHT,0.024,0,52.827605101422975,-52.8276051,0.22541529211988906,0.18975733018781274,0,0.8569382904113529,0,-53.24277772,0.4151726223077018,2.2654002034476677,0,0,0,0,0,-54.09971601,-56.36511622
Daalimpex Harlingen - NL,EU to EU Direct,2008455,Netherlands,FONTERRA (EUROPE) COOPERATIE U,FONTERRA INGREDIENTS LTD,C,Fonterra,Fonterra,122064,AWAR UHT CKG CRM DESS 12X1L CTN,UHT Cream,Netherlands,Cons. UHT,0.084,0,184.8966178549804,-184.8966179,0.7817093748848738,0.6641506556573444,0,0.5165431312170187,0,-186.3424779,1.4458600305422182,7.928900712066836,0,0,0,0,0,-186.859021,-194.7879217
Daalimpex Harlingen - NL,EU to EU Direct,2008455,Netherlands,FONTERRA (EUROPE) COOPERATIE U,FONTERRA INGREDIENTS LTD,C,Fonterra,Fonterra,122070,AWAR UHT CRM CHF CLA CN AFP 12X1L CTN,UHT Cream,Netherlands,Cons. UHT,0.012,0,26.413802550711488,-26.41380255,0.11270764605994453,0.094878665,0,0.2924873703619373,0,-26.62138886,0.2075863111538509,1.1327001017238338,0,0,0,0,0,-26.91387623,-28.04657633
Daalimpex Harlingen - NL,EU to EU Direct,2008455,Netherlands,FONTERRA (EUROPE) COOPERATIE U,FONTERRA INGREDIENTS LTD,C,Fonterra,Fonterra,122324,AWAR UHT CRM CHF CLA SEA 12X1L,UHT Cream,Netherlands,Cons. UHT,0.119,0,261.9368752945556,-261.9368753,1.2770678848360995,0.9408800955145713,0,3.126377604915061,0,-264.1548233,2.2179479803506705,11.232609342094685,0,0,0,0,0,-267.2812009,-278.5138102
Daalimpex Harlingen - NL,EU to EU Direct,4011539,Denmark,FAYREFIELD FOODS A/S,FAYREFIELD FOODS A/S,A,Fayrefield,Semi Managed,121017,AWAR TR UHT CRM 38%F 12X1L,UHT Cream,Netherlands,Cons. UHT,17.501,13299.24,13299.54213860263,-0.302138603,187.5054174937362,138.37262648403794,0,1854.6299073659661,0,-326.1801826,325.87804397777415,1651.948706689068,204.9540410958904,204.9540410958904,136.63602739726028,43.72352876712329,24.594484931506848,-2180.81009,-3832.758797
Daalimpex Harlingen - NL,EU to EU Direct,4011539,Denmark,FAYREFIELD FOODS A/S,FAYREFIELD FOODS A/S,A,Fayrefield,Semi Managed,121037,AWAR UHT CRM 12%F 12X1L CTN CARRAGEENAN,UHT Cream,Netherlands,Cons. UHT,11.684,2805.24,2795.6660678831427,9.573932116857122,109.73967804703264,92.38019357976681,0,1236.4199382439774,0,-192.5459395,202.11987162679947,1102.8723323784395,43.231438356164375,43.231438356164375,28.820958904109585,9.222706849315067,5.187772602739725,-1428.965878,-2531.83821
Daalimpex Harlingen - NL,EU to EU Direct,4011539,Denmark,FAYREFIELD FOODS A/S,FAYREFIELD FOODS A/S,A,Fayrefield,Semi Managed,121104,AWAR UHT CRM DESS 12X1L CTN,UHT Cream,Netherlands,Cons. UHT,41.839,18606.28,19054.79364319949,-448.5136432,389.35641114057427,330.80237240532904,0,716.6130142250074,0,-1168.672427,720.1587835459034,3949.2532963352905,286.74061643835614,286.74061643835614,191.1604109589041,61.17133150684931,34.408873972602734,-1885.285441,-5834.538737
Daalimpex Harlingen - NL,EU to EU Direct,4011539,Denmark,FAYREFIELD FOODS A/S,FAYREFIELD FOODS A/S,A,Fayrefield,Semi Managed,121250,AWAR UHT CRM EX YIELD MY 12X1L CTN,UHT Cream,Netherlands,Cons. UHT,0.622,247.35,247.86360971920203,-0.513609719,6.635674474059869,4.917877474034146,0,10.976714873667893,0,-12.06716167,11.553551948094015,58.71162193935205,3.8119006849315067,3.8119006849315067,2.541267123287671,0.8132054794520548,0.45742808219178077,-23.04387654,-81.75549848
Daalimpex Harlingen - NL,EU to EU Direct,4011539,Denmark,FAYREFIELD FOODS A/S,FAYREFIELD FOODS A/S,A,Fayrefield,Semi Managed,121480,AWAR UHT CRM CHF CLA EU 12X1L CTN,UHT Cream,Netherlands,Cons. UHT,0.8,559.68,559.6691010816859,0.010898918314069306,10.73166289778235,6.325244339593758,0,115.5579203450843,0,-17.04600832,17.05690723737611,75.51334011492226,8.625205479452054,8.625205479452054,5.750136986301369,1.8400438356164381,1.0350246575342463,-132.6039287,-208.1172688
Daalimpex Harlingen - NL,EU to EU Direct,4011539,Denmark,FAYREFIELD FOODS A/S,FAYREFIELD FOODS A/S,A,Fayrefield,Semi Managed,121582,AWAR UHT CRM EX YIELD 12X1L CTN EU,UHT Cream,Netherlands,Cons. UHT,5.266,2095.2,2095.1496232748973,0.050376725,70.23552032967893,41.63592086537591,0,281.5084205908935,0,-111.8210645,111.87144119505484,497.06656130647576,32.289041095890404,32.289041095890404,21.526027397260272,6.888328767123287,3.874684931506849,-393.3294851,-890.3960464
Daalimpex Harlingen - NL,EU to EU Direct,4011539,Denmark,FAYREFIELD FOODS A/S,FAYREFIELD FOODS A/S,A,Fayrefield,Semi Managed,121628,AWAR UHT CRM CUL CRM EU 12X1L CTN,UHT Cream,Netherlands,Cons. UHT,11.332,7928.8,7928.9861019192585,-0.186101919,152.0140049,89.59708607034558,0,1481.0753803367245,0,-241.7971929,241.61109101743256,1069.6464627278738,122.19041095890411,122.19041095890411,81.46027397260274,26.067287671232876,14.662849315068492,-1722.872573,-2792.519036
Daalimpex Harlingen - NL,EU to EU Direct,4011539,Denmark,FAYREFIELD FOODS A/S,FAYREFIELD FOODS A/S,A,Fayrefield,Semi Managed,121672,AWAR TR UHT CRM CHF CLA STG2 12X1L CTN,UHT Cream,Netherlands,Cons. UHT,2.351,1645.12,1645.157171220573,-0.037171221,25.18857416877743,18.588311802981156,0,253.95347279285016,0,-43.81405719,43.77688597175859,221.91482826272778,25.352876712328765,25.352876712328765,16.901917808219174,5.408613698630136,3.0423452054794513,-297.76753,-519.6823582
Daalimpex Harlingen - NL,EU to EU Direct,4011539,Denmark,FAYREFIELD FOODS A/S,FAYREFIELD FOODS A/S,A,Fayrefield,Semi Managed,121691,AWAR TR UHT CRM CHF CLA SAM 12X1L CTN,UHT Cream,Netherlands,Cons. UHT,0.194,135.68,135.68331284863385,-0.003312849,2.0785127132040926,1.5338717523514862,0,105.23619166785176,0,-3.615697314,3.6123844655555786,18.311984977868647,2.090958904109589,2.090958904109589,1.3939726027397261,0.44607123287671235,0.2509150684931507,-108.851889,-127.163874
Daalimpex Harlingen - NL,EU to EU Direct,4012998,France,EURODELICES,EURODELICES,C,Eurodelices,Smart Serve,121568,AWAR UHT CRM EURODELICES 12X1L CTN,UHT Cream,Netherlands,Cons. UHT,164.579,529815.26,425789.3100540543,104025.9499459457,2207.7579350676515,1301.2529852075015,0,4048.834963967449,0,100516.93902567055,3509.010920275153,15534.887503467238,10886.614931506849,10886.614931506849,5443.307465753424,3483.716778082192,1959.5906876712327,96468.10406170311,80933.21655823587
Daalimpex Harlingen - NL,EU to EU Direct,4012998,France,EURODELICES,EURODELICES,C,Eurodelices,Smart Serve,121604,AWAR UHT CRM MA EURODELICES 12X1L CTN,UHT Cream,Netherlands,Cons. UHT,22.458,62853.76,62537.47137931035,316.2886207,301.2646067,177.56542172324575,0,124.61921479890671,0,-162.5414077,478.83002842124074,2119.848240376155,1291.5156164383561,1291.5156164383561,645.7578082191781,413.28499726027394,232.4728109589041,-287.1606225,-2407.008863
Daalimpex Harlingen - NL,EU to EU Direct,4013006,Slovakia,BIDFOOD SLOVAKIA S. R. O.,BIDFOOD SLOVAKIA S.R.O.,C,Bidfood,Semi Managed,121582,AWAR UHT CRM EX YIELD 12X1L CTN EU,UHT Cream,Netherlands,Cons. UHT,30.718,58078.08,56460.47031228932,1617.609687710683,409.7027560742646,242.8735695295513,0,1642.114634202633,5902.638711857843,-4937.60535,6555.215037461659,2899.523477062727,586.6323287671232,586.6323287671232,586.6323287671232,0,0,-6579.719984,-9479.243461
Daalimpex Harlingen - NL,EU to EU Direct,4013006,Slovakia,BIDFOOD SLOVAKIA S. R. O.,BIDFOOD SLOVAKIA S.R.O.,C,Bidfood,Semi Managed,121679,AWAR UHT CHF CLA EU 12X1L CTN,UHT Cream,Netherlands,Cons. UHT,74.174,202331.52,189407.80884158498,12923.711158415012,995.0129547251349,586.4608420562843,0,4230.470641579242,14516.661288142157,-3174.423927,16098.135084923577,7001.408112105304,2034.7199999999998,2034.7199999999998,2034.7199999999998,0,0,-7404.894568,-14406.30268
Daalimpex Harlingen - NL,EU to EU Direct,4013070,Romania,HARVESTER STOCK SRL,HARVESTER STOCK SRL,C,Harvester Stock,Smart Serve,121582,AWAR UHT CRM EX YIELD 12X1L CTN EU,UHT Cream,Netherlands,Cons. UHT,14.043,25349.760000000002,22790.12128761678,2559.638712383221,187.2991667280063,111.03175782614392,0,750.7069408199615,0,2261.3077878290705,298.3309245541502,1325.5422940423166,260.44273972602736,260.44273972602736,260.44273972602736,0,0,1510.6008470091092,185.0585529667926
Daalimpex Harlingen - NL,EU to EU Direct,4013070,Romania,HARVESTER STOCK SRL,HARVESTER STOCK SRL,C,Harvester Stock,Smart Serve,121679,AWAR UHT CHF CLA EU 12X1L CTN,UHT Cream,Netherlands,Cons. UHT,319.386,809369.28,755921.0084812937,53448.271518706344,4284.428607838892,2525.243110806865,0,18215.993425343484,0,46638.59980006059,6809.671718645757,30147.37956,8315.437808219178,8315.437808219178,8315.437808219178,0,0,28422.606374717107,-1724.773183
Daalimpex Harlingen - NL,EU to EU Direct,4013088,Slovakia,BIDFOOD SLOVAKIA S.R.O.,BIDFOOD SLOVAKIA S.R.O.,C,Bidfood,Semi Managed,121582,AWAR UHT CRM EX YIELD 12X1L CTN EU,UHT Cream,Netherlands,Cons. UHT,12.286,23742.72,22581.982494198404,1160.7375058015969,163.86509737380084,97.13993994531113,0,656.7817044017693,3107.3668266126024,-2207.634358,3368.3718639317144,1159.6961208149185,243.93205479452052,243.93205479452052,243.93205479452052,0,0,-2864.416063,-4024.112183
Daalimpex Harlingen - NL,EU to EU Direct,4013088,Slovakia,BIDFOOD SLOVAKIA S.R.O.,BIDFOOD SLOVAKIA S.R.O.,C,Bidfood,Semi Managed,121679,AWAR UHT CHF CLA EU 12X1L CTN,UHT Cream,Netherlands,Cons. UHT,10.471,28771.2,26738.333733926127,2032.8662660738737,140.4640527533487,82.78954185,0,597.2073514705454,2607.633173387398,-798.0205019,2830.8867679906048,988.3752304291886,295.5945205479452,295.5945205479452,295.5945205479452,0,0,-1395.227853,-2383.603084
Daalimpex Harlingen - NL,EU to EU Direct,4013290,Germany,PIER 7 FOODS IMPORT GMBH,PIER 7 FOODS IMPORT GMBH,C,Bidfood,Semi Managed,121582,AWAR UHT CRM EX YIELD 12X1L CTN EU,UHT Cream,Netherlands,Cons. UHT,32.475,60678.72,57053.86934423198,3624.850655768023,433.13682542847005,256.7653874103841,0,1736.0398706208252,7603.995368402367,-4669.046925,8293.8975812412209,3065.3696502901253,623.4115068493151,623.4115068493151,623.4115068493151,0,0,-6405.086796,-9470.456446
Daalimpex Harlingen - NL,EU to EU Direct,4013290,Germany,PIER 7 FOODS IMPORT GMBH,PIER 7 FOODS IMPORT GMBH,C,Bidfood,Semi Managed,121628,AWAR UHT CRM CUL CRM EU 12X1L CTN,UHT Cream,Netherlands,Cons. UHT,22.46,56997.24,53408.78901389393,3588.450986106065,301.29143585523946,177.58123483409474,0,2935.488267063434,4466.572695,-1356.99438,4945.445365769044,2120.0370237264424,585.5880821917808,585.5880821917808,585.5880821917808,0,0,-4292.482647,-6412.51967
Daalimpex Harlingen - NL,EU to EU Direct,4013290,Germany,PIER 7 FOODS IMPORT GMBH,PIER 7 FOODS IMPORT GMBH,C,Bidfood,Semi Managed,121679,AWAR UHT CHF CLA EU 12X1L CTN,UHT Cream,Netherlands,Cons. UHT,2.6189999999999998,7490.879999999999,6784.679574840338,706.2004251596609,35.132781411614964,20.70726865674506,0,149.3731309,552.3519365179243,98.00843857337657,608.1919865862843,247.21179720122672,76.96109589041095,76.96109589041095,76.96109589041095,0,0,-51.36469231,-298.5764895
Daalimpex Harlingen - NL,EU to EU Direct,4014042,Italy,DAC. S.P. A,DAC. S.P. A,C,DAC,Smart Serve,121582,AWAR UHT CRM EX YIELD 12X1L CTN EU,UHT Cream,Netherlands,Cons. UHT,33.645,63829.44,62924.92541712095,904.5145828790555,448.7417549358237,266.01605725703996,0,1798.585417922638,7621.466369488653,-7431.709599,8336.224181681517,3175.8079102081992,655.7819178082191,655.7819178082191,655.7819178082191,0,0,-9230.295017,-12406.10293
Daalimpex Harlingen - NL,EU to EU Direct,4014042,Italy,DAC. S.P. A,DAC. S.P. A,C,DAC,Smart Serve,121679,AWAR UHT CHF CLA EU 12X1L CTN,UHT Cream,Netherlands,Cons. UHT,11.347,31190.4,29620.727744443913,1569.6722555560882,152.2152236264204,89.71568440171295,0,647.1694983417323,2924.6936305113486,-1596.952283,3166.624538539482,1071.0623378550285,320.44931506849315,320.44931506849315,320.44931506849315,0,0,-2244.121781,-3315.184119
Daalimpex Harlingen - NL,EU to EU Direct,4014145,Belgium,BIDFOOD FLANDERS,BIDFOOD FLANDERS,C,Bidfood,Semi Managed,121582,AWAR UHT CRM EX YIELD 12X1L CTN EU,UHT Cream,Netherlands,Cons. UHT,30.715999999999998,56963.520000000004,55076.328976742334,1887.1910232576702,409.67608098108957,242.8577564187023,0,1642.0077187371598,3257.142551499408,-2022.485366,3909.676389,2899.3346937124397,877.8624657534247,877.8624657534247,585.2416438356164,187.27732602739724,105.34349589041095,-3664.493084,-6563.827778
Daalimpex Harlingen - NL,EU to EU Direct,4014145,Belgium,BIDFOOD FLANDERS,BIDFOOD FLANDERS,C,Bidfood,Semi Managed,121679,AWAR UHT CHF CLA EU 12X1L CTN,UHT Cream,Netherlands,Cons. UHT,12.863,34410.6,32434.145297139527,1976.454702860472,172.55172481771794,101.70202242524311,0,733.6336703242886,1531.747448500592,170.4535071169189,1806.0011957435531,1214.160117372806,530.3003424657534,530.3003424657534,353.5335616438356,113.13073972602739,63.636041095890405,-563.1801632,-1777.340281
Daalimpex Harlingen - NL,EU to EU Direct,4014147,Belgium,BIDFOOD BELGIUM,BIDFOOD BELGIUM,C,Bidfood,Semi Managed,121582,AWAR UHT CRM EX YIELD 12X1L CTN EU,UHT Cream,Netherlands,Cons. UHT,62.315,116337.6,110569.75669349074,5767.843306509269,831.1292155989257,492.6970012772312,0,3331.2186154807305,4162.086170597908,281.93091903520417,5485.912387474064,5882.017236576725,1792.8739726027397,1792.8739726027397,1195.2493150684932,382.4797808219178,215.14487671232874,-3049.287696,-8931.304933
Daalimpex Harlingen - NL,EU to EU Direct,4014147,Belgium,BIDFOOD BELGIUM,BIDFOOD BELGIUM,C,Bidfood,Semi Managed,121679,AWAR UHT CHF CLA EU 12X1L CTN,UHT Cream,Netherlands,Cons. UHT,15.707,42180.48,39937.81610826051,2242.6638917394957,210.7027864193342,124.18826605249895,0,895.8395444129363,1200.8238294020925,706.9490098655701,1535.7148818739256,1482.6100414813548,650.0416438356165,650.0416438356165,433.3610959,138.6755506849315,78.00499726027397,-188.8905345,-1671.500576
Daalimpex Harlingen - NL,EU to EU Direct,4014225,Belgium,BIDFOOD MAKADY,BIDFOOD MAKADY,C,Bidfood,Semi Managed,121582,AWAR UHT CRM EX YIELD 12X1L CTN EU,UHT Cream,Netherlands,Cons. UHT,30.72,56514.240000000005,53884.77813710344,2629.461862896562,409.72943116743954,242.88938264040027,0,1642.2215496681063,2767.2556355171646,-790.4125864,3419.874449325004,2899.712260413015,870.9386301369863,870.9386301369863,580.6257534246575,185.8002410958904,104.51263561643835,-2432.634136,-5332.346397
Daalimpex Harlingen - NL,EU to EU Direct,4014225,Belgium,BIDFOOD MAKADY,BIDFOOD MAKADY,C,Bidfood,Semi Managed,121628,AWAR UHT CRM CUL CRM EU 12X1L CTN,UHT Cream,Netherlands,Cons. UHT,0.024,0,55.96443402665515,-55.96443403,0.3219498869334705,0.18975733018781274,0,3.1367639541194308,169.93,-226.4061412,170.4417072171213,2.2654002034476677,0,0,0,0,0,-229.5429052,-231.8083054
Daalimpex Harlingen - NL,EU to EU Direct,4014225,Belgium,BIDFOOD MAKADY,BIDFOOD MAKADY,C,Bidfood,Semi Managed,121679,AWAR UHT CHF CLA EU 12X1L CTN,UHT Cream,Netherlands,Cons. UHT,10.473,28028.16,25852.695719900497,2175.4642800995025,140.49088191059317,82.80535496070678,0,597.3214202990184,917.1543644828347,1035.0136787453678,1140.4506013541347,988.5640138,431.9408219178082,431.9408219178082,287.96054794520546,92.14737534246575,51.83289863013698,437.69225844634934,-550.8717553
Daalimpex Harlingen - NL,EU to EU Direct,4014302,Greece,GELATO & BAKERY EXPERTS SA,GELATO & BAKERY EXPERTS SA,C,Gelato & Bakery Experts,Smart Serve,121679,AWAR UHT CHF CLA EU 12X1L CTN,UHT Cream,Netherlands,Cons. UHT,220.78,586621.44,516254.5867477213,70366.85325227864,2961.6706682154836,1745.609306619387,0,12592.057975137715,0,65659.57327744376,4707.279974834871,20839.79403821567,4965.277808219178,4965.277808219178,4965.277808219178,0,0,53067.51530230605,32227.721264090378
Daalimpex Harlingen - NL,EU to EU Direct,4014617,Netherlands,B&S PURCHASE B.V.,B&S PURCHASE B.V.,C,B&S Purchase,Smart Serve,121582,AWAR UHT CRM EX YIELD 12X1L CTN EU,UHT Cream,Netherlands,Cons. UHT,27.207,51857.28,48028.09144513638,3829.188555,362.87463000561615,215.1136534341592,0,1454.4245345644586,1094.362740367603,2156.8375310562415,1672.3510238073784,2568.114305633362,651.3731506849315,651.3731506849315,532.7802739726027,75.89944109589041,42.69343561643835,702.4129964917829,-1865.701309
Daalimpex Harlingen - NL,EU to EU Direct,4014617,Netherlands,B&S PURCHASE B.V.,B&S PURCHASE B.V.,C,B&S Purchase,Smart Serve,121679,AWAR UHT CHF CLA EU 12X1L CTN,UHT Cream,Netherlands,Cons. UHT,138.66400000000002,377824.2,341724.0576792908,36100.14232070919,1860.1191300726148,1096.354601381786,0,7908.620015692075,3450.4972596323973,29693.17132962239,6406.970991086799,13088.727242119474,5271.389383561644,5271.389383561644,3881.7554794520547,889.3656986301369,500.2682055,21784.551313930315,8695.8240718108409
Daalimpex Harlingen - NL,EU to EU Direct,4014720,Netherlands,UHRENHOLT A/S,UHRENHOLT A/S,C,Uhrenholt,Smart Serve,121710,AWAR UHT CRM UHRENHOLT 12X1L CTN,UHT Cream,Netherlands,Cons. UHT,89.107,299664.29,235709.6025,63954.68747661999,1195.332857290865,704.5294342102262,0,2865.3063681615486,0,62054.82519,1899.862291501091,8410.958997025471,3078.7427054794516,3078.7427054794516,3078.7427054794516,0,0,59189.51881695735,50778.55981993188
Daalimpex Harlingen - NL,EU to EU Direct,4014763,Czech Republic,ACCOM CZECH A.S.,ACCOM HOLDING S.R.O.,C,Accom Holdings,Smart Serve,121582,AWAR UHT CRM EX YIELD 12X1L CTN EU,UHT Cream,Netherlands,Cons. UHT,5.266,10679.04,9944.714630668752,734.3253693,70.23552032967893,41.63592086537591,0,281.5084205908935,1195.5996940809534,-573.1457659,1307.4711352760082,497.06656130647576,109.71616438356165,109.71616438356165,109.71616438356165,0,0,-854.6541865,-1351.720748
Daalimpex Harlingen - NL,EU to EU Direct,4014763,Czech Republic,ACCOM CZECH A.S.,ACCOM HOLDING S.R.O.,C,Accom Holdings,Smart Serve,121679,AWAR UHT CHF CLA EU 12X1L CTN,UHT Cream,Netherlands,Cons. UHT,44.509,126829.44,113569.66354315152,13259.776456848485,597.0694798967432,351.9128753887232,0,2538.5447432530327,10644.400305919047,1666.3937956439713,11593.382661204514,4201.279068968844,1303.042191780822,1303.042191780822,1303.042191780822,0,0,-872.1509476,-5073.430017
Daalimpex Harlingen - NL,EU to EU Direct,4014808,Croatia,IREKS AROMA D.O.O.,IREKS AROMA D.O.O.,C,Ireks Aroma,Smart Serve,121582,AWAR UHT CRM EX YIELD 12X1L CTN EU,UHT Cream,Netherlands,Cons. UHT,13.530999999999999,24552,23168.483990660156,1383.5160093398445,180.47034287521564,106.9836014488039,0,723.3365816588264,0,1096.0620650158248,287.4539443240195,1277.213756368766,252.24657534246575,252.24657534246575,252.24657534246575,0,0,372.72548335699844,-904.488273
Daalimpex Harlingen - NL,EU to EU Direct,4014808,Croatia,IREKS AROMA D.O.O.,IREKS AROMA D.O.O.,C,Ireks Aroma,Smart Serve,121679,AWAR UHT CHF CLA EU 12X1L CTN,UHT Cream,Netherlands,Cons. UHT,47.559,118437.12,109012.93781073627,9424.182189263724,637.9839446945385,376.02786943342437,0,2712.4997066744027,0,8410.170375,1014.0118141279629,4489.173678156984,1216.8197260273973,1216.8197260273973,1216.8197260273973,0,0,5697.670668461357,1208.496990304373
Daalimpex Harlingen - NL,EU to EU Direct,4015372,Slovakia,ACCOM SLOVAKIA S.R.O,ACCOM SLOVAKIA S.R.O,C,Accom Holdings,Smart Serve,121582,AWAR UHT CRM EX YIELD 12X1L CTN EU,UHT Cream,Netherlands,Cons. UHT,0.878,1710.72,1660.9688840037416,49.75111599625848,11.710365903808983,6.9419556627041485,0,46.935889342727776,233.2284918542803,-202.1296974,251.88081342079343,82.87589077612718,17.575890410958902,17.575890410958902,17.575890410958902,0,0,-249.0655868,-331.9414775
Daalimpex Harlingen - NL,EU to EU Direct,4015372,Slovakia,ACCOM SLOVAKIA S.R.O,ACCOM SLOVAKIA S.R.O,C,Accom Holdings,Smart Serve,121679,AWAR UHT CHF CLA EU 12X1L CTN,UHT Cream,Netherlands,Cons. UHT,13.964,40055.04,36241.77712636009,3813.262873639913,187.32117588079092,110.40713994760904,0,796.4285603986913,4055.691508,-540.1569503,4353.419824,1318.085351705968,411.52438356164384,411.52438356164384,411.52438356164384,0,0,-1336.585511,-2654.670862
Jonker & Sternmaid,NZ Indirect,2004051,Netherlands,FRIESLANDCAMPINA KIEVIT,FRIESLANDCAMPINA KIEVIT B.V,A,FrieslandCampina,FrieslandCampina,109286,STNMD ACAS 741 MIN 30M HAL/K 950KG BBG,Acid Casein,Germany,Casein,174.8,2423830,2487736.516610918,-63906.51661,5221.788593774043,9303.439956666301,4541.423283988653,81806.07416023787,7190.25,-90163.41845,26256.901834428998,16499.664815110515,70591.50684931508,47280.71917808219,24902.36301369863,29241.05205479452,16448.091780821916,-171969.4926,-188469.1574
Jonker & Sternmaid,NZ Indirect,4013670,Netherlands,VAN LINDENBERG C/O JONKER & SC,VAN LINDENBERG INGREDIENTS B.V.,B,Van Lindenberg Trading,Semi Managed,100714,MPC85 4851 LL K ABT 20KG PPK,Milk Protein Concentrate >=80%,New Zealand,MPC,0.02,68,75.57885406048487,-7.57885406,1.6075367476890738,1.064466814263879,0.5196136480536215,106166.69379941827,0,-10.77047127,3.1916172100065743,1.8878335028730564,0.6986301369863013,0.6986301369863013,0.6986301369863013,0,0,-106177.4643,-106179.3521
Jonker & Sternmaid,NZ Indirect,4013670,Netherlands,VAN LINDENBERG C/O JONKER & SC,VAN LINDENBERG INGREDIENTS B.V.,B,Van Lindenberg Trading,Semi Managed,104504,NACTE 1808 20% R150UM ABT 20KG MBG,Sodium Caseinate,New Zealand,Caseinate,0.02,68,54.11183424,13.88816576,1.377888640876349,1.064466814263879,0.5196136480536215,144.3301765962007,0,10.92619665892555,2.9619691031938493,1.8878335028730564,0.6986301369863013,0.6986301369863013,0.6986301369863013,0,0,-133.4039799,-135.2918134
Jonker & Sternmaid,NZ Indirect,4013670,Netherlands,VAN LINDENBERG C/O JONKER & SC,VAN LINDENBERG INGREDIENTS B.V.,B,Van Lindenberg Trading,Semi Managed,109646,MPC85 4861 CWS K US ABT 20KG PPK,Milk Protein Concentrate >=80%,New Zealand,MPC,0.22,748,621.6886624965506,126.31133750344941,17.68290422457981,11.709134956902668,5.7157501285898364,34808.60096997337,0,91.20354819337709,35.10778931007232,20.766168531603622,7.684931506849314,7.684931506849314,7.684931506849314,0,0,-34717.39742,-34738.16359
Jonker & Sternmaid,NZ Indirect,4013670,Netherlands,VAN LINDENBERG C/O JONKER & SC,VAN LINDENBERG INGREDIENTS B.V.,B,Van Lindenberg Trading,Semi Managed,110170,CaCte 3808 Sstab ABT 20kg MBG,Calcium Caseinate,New Zealand,Caseinate,0.14,476,397.37467114340916,78.62532885659084,13.503308680588221,7.451267699847152,3.6372955363753507,27975.00810566951,0,54.033456939780116,24.591871916810724,13.214834520111395,4.890410958904109,4.890410958904109,4.890410958904109,0,0,-27920.97465,-27934.18948
Jonker & Sternmaid,NZ Indirect,4013670,Netherlands,VAN LINDENBERG C/O JONKER & SC,VAN LINDENBERG INGREDIENTS B.V.,B,Van Lindenberg Trading,Semi Managed,114574,MPC70 4703 LH K ABT 20KG MBG,Milk Protein Concentrate 70,New Zealand,MPC,0.12,408,247.81676478704816,160.18323521295184,11.574264583361332,6.3868008855832725,3.117681888321729,558.1237054134832,0,139.1044878556855,21.078747357266334,11.327001017238338,4.191780821917808,4.191780821917808,4.191780821917808,0,0,-419.0192176,-430.3462186
Jonker & Sternmaid,NZ Indirect,4013670,Netherlands,VAN LINDENBERG C/O JONKER & SC,VAN LINDENBERG INGREDIENTS B.V.,B,Van Lindenberg Trading,Semi Managed,122439,J&S MPC85 4854 NES 550KG BBG,Milk Protein Concentrate >=80%,Netherlands,MPC,3.635,12359,11133.179735074971,1225.8202649250288,382.4768341865312,193.46684349245996,94.43978053,299.04442378567114,0,555.4368067122919,670.3834582,343.11373914717797,126.97602739726027,126.97602739726027,126.97602739726027,0,0,256.3923829266207,-86.72135622
Jonker & Sternmaid,NZ Indirect,4013670,Netherlands,VAN LINDENBERG C/O JONKER & SC,VAN LINDENBERG INGREDIENTS B.V.,B,Van Lindenberg Trading,Semi Managed,122468,J&S MPC85 4882 NES 620KG BBG,Milk Protein Concentrate >=80%,Netherlands,MPC,0.454,1543.6,1393.6041256554138,149.99587434458613,42.37674291004875,24.163396683790047,11.795229810817208,68.04617456,0,71.66050493993012,78.3353694,42.85382051521838,15.858904109589039,15.858904109589039,15.858904109589039,0,0,3.6143303782419167,-39.23949014
Jonker & Sternmaid,NZ Indirect,4013670,Netherlands,VAN LINDENBERG C/O JONKER & SC,VAN LINDENBERG INGREDIENTS B.V.,B,Van Lindenberg Trading,Semi Managed,122478,J&S WPC80 CHS 550 625KG BBG,WPC 80% (Cheese),Netherlands,WPC,1.758,5625.6,4530.844195566186,1094.7558044338148,162.78045710039376,93.56663297379495,45.674039663913334,1567.1238920035555,0,792.7346746957128,302.02112973810205,165.94056490254167,57.797260273972604,57.797260273972604,57.797260273972604,0,0,-774.3892173,-940.3297822
Jonker & Sternmaid,NZ Indirect,4013670,Netherlands,VAN LINDENBERG C/O JONKER & SC,VAN LINDENBERG INGREDIENTS B.V.,B,Van Lindenberg Trading,Semi Managed,122491,J&S WPC80 CHS 550 NES 625KG BBG,WPC 80% (Cheese),Netherlands,WPC,1.525,4880,3719.7555376690284,1160.2444623309716,141.20602791700824,81.16559458762076,39.62054066408864,135.4438149,0,898.2522992,261.99216316871764,143.94730459407054,50.13698630136986,50.13698630136986,50.13698630136986,0,0,762.8084842124599,618.8611796183893
Jonker & Sternmaid,NZ Indirect,4013679,Netherlands,VAN DALEN C/O JONKER & SCHUT B,VAN DALEN DAIRY TRADING BV.,C,Van Dalen Dairy Trading,Smart Serve,109646,MPC85 4861 CWS K US ABT 20KG PPK,Milk Protein Concentrate >=80%,New Zealand,MPC,0.08,400,255.9716950080636,144.0283049919364,3.153253982,4.257867257055516,2.078454592214486,40741.48659995143,74.1,60.43872916,83.58957583101761,7.551334011492226,2.054794520547945,2.054794520547945,2.054794520547945,0,0,-40681.04787,-40688.5992
Jonker & Sternmaid,NZ Indirect,4013679,Netherlands,VAN DALEN C/O JONKER & SCHUT B,VAN DALEN DAIRY TRADING BV.,C,Van Dalen Dairy Trading,Smart Serve,110170,CaCte 3808 Sstab ABT 20kg MBG,Calcium Caseinate,New Zealand,Caseinate,0.26,1300,907.2833752307345,392.71662476926554,12.297690528815679,13.838068585430426,6.7549774246970795,48497.849232321445,241.66999999999996,118.15588823032238,274.56073653894316,24.541835537349733,6.678082191780821,6.678082191780821,6.678082191780821,0,0,-48379.69334,-48404.23518
Jonker & Sternmaid,NZ Indirect,4013679,Netherlands,VAN DALEN C/O JONKER & SCHUT B,VAN DALEN DAIRY TRADING BV.,C,Van Dalen Dairy Trading,Smart Serve,115211,STNMD MPC85 4851 500KG BBG,Milk Protein Concentrate >=80%,Germany,MPC,9,45500,62844.84244,-17344.84244,510.8271450431128,479.0100664187455,233.8261416241297,1703.4882464052446,483.33,-19051.83579,1706.9933530859878,849.5250762928754,233.73287671232876,233.73287671232876,233.73287671232876,0,0,-20755.32404,-21604.84912
Jonker & Sternmaid,NZ Indirect,4013679,Netherlands,VAN DALEN C/O JONKER & SCHUT B,VAN DALEN DAIRY TRADING BV.,C,Van Dalen Dairy Trading,Smart Serve,116420,STNMD MPC85 4854 LOSRC NES 550KG BBG,Milk Protein Concentrate >=80%,Germany,MPC,0.55,2750,1031.087859514687,1718.912140485313,28.37928583572849,29.272837392256672,14.289375321474592,63.01160184948063,666.9,980.0706419358534,738.8414985494597,51.91542132900906,14.126712328767123,14.126712328767123,14.126712328767123,0,0,917.0590400863728,865.1436187573637
Jonker & Sternmaid,NZ Indirect,4013771,Netherlands,VAN LINDENBERG C/O VAN ZUTVEN,VAN LINDENBERG INGREDIENTS B.V.,B,Van Lindenberg Trading,Semi Managed,116420,STNMD MPC85 4854 LOSRC NES 550KG BBG,Milk Protein Concentrate >=80%,Germany,MPC,0.55,1650,1147.805800442641,502.19419955735907,28.37928583572849,29.272837392256672,14.289375321474592,63.01160184948063,0,430.2527010078993,71.94149854945975,51.91542132900906,16.952054794520546,16.952054794520546,16.952054794520546,0,0,367.2410991584187,315.32567782940964
Kloosterboer - NL,NZ Indirect,2002317,Netherlands,FONTERRA (EUROPE) COOPERATIE U,FONTERRA (EUROPE) COOPERATIE UA,C,Fonterra,Fonterra,120166,WPC80 CHS 550 MEDAPP LL FUNC 25KG MBG,WPC 80% (Cheese),New Zealand,WPC,0.075,0,387.2271748281558,-387.2271748,2.8099400797056155,5.512265316655035,0,48.04903970340756,0,-395.5493802,8.322205396360651,7.079375635773961,0,0,0,0,0,-443.5984199,-450.6777956
Kloosterboer - NL,NZ Indirect,4012760,Denmark,FAYREFIELD FOODS A/S,FAYREFIELD FOODS A/S,A,Fayrefield,Semi Managed,120166,WPC80 CHS 550 MEDAPP LL FUNC 25KG MBG,WPC 80% (Cheese),New Zealand,WPC,10.5,70875,52287.73446190275,18587.26553809725,393.39161115878625,771.7171443,0,6726.865558477059,2166.02,15256.136782606758,3331.128755490491,991.1125890083546,1092.251712328767,1092.251712328767,728.1678082,233.0136986,131.07020547945203,8529.271224,7538.158635121345
Plant - NZ,NZ Direct Export,1003558,Malaysia,DUTCH LADY MILK INDUSTRIES BER,FRIESLANDCAMPINA NEDERLAND BV,A,FrieslandCampina,FrieslandCampina,110645,AMF PREM K/HAL/MUI 210KG DRM,Anhydrous Milkfat,New Zealand,AMF,739.2,3887700.249,3798819.833766322,88880.41543367784,0,0,0,0,0,88880.41543367784,0,69774.32626618817,118551.76693755822,79884.2517,39942.12585,50310.17029735233,28299.470792260683,88880.41543367784,19106.08916748967
Plant - NZ,NZ Direct Export,1003558,Malaysia,DUTCH LADY MILK INDUSTRIES BER,FRIESLANDCAMPINA NEDERLAND BV,A,FrieslandCampina,FrieslandCampina,110739,gDT AMF Prem 210kg DR,Anhydrous Milkfat,New Zealand,AMF,519.54,3085597.5576400002,3027849.5934542925,57747.96418570774,0,0,0,0,0,57747.96418570774,0,49040.25090413339,97052.56065403082,63402.689540547944,31701.344770273972,41824.77816560438,23526.437718152465,57747.96418570774,8707.713281574346
Plant - NZ,NZ Direct Export,1003558,Malaysia,DUTCH LADY MILK INDUSTRIES BER,FRIESLANDCAMPINA NEDERLAND BV,A,FrieslandCampina,FrieslandCampina,111522,BMP REM/UHT 25kgMBG RM,Buttermilk Powder,New Zealand,BMP,1409,4663177.541,4223533.236621238,439644.30393876135,0,0,0,0,0,439644.30393876135,0,132997.87027740682,137554.00042144177,95818.71658684932,47909.35829342466,57372.570961930964,32272.071166086163,439644.30393876135,306646.43366135453
Plant - NZ,NZ Direct Export,1003558,Malaysia,DUTCH LADY MILK INDUSTRIES BER,FRIESLANDCAMPINA NEDERLAND BV,A,FrieslandCampina,FrieslandCampina,111651,SMP Reg UHT FLC 25kgMBG RM,Skimmilk Powder,New Zealand,SMP,54,163944.0594,155984.42734276707,7959.632057232928,0,0,0,0,0,7959.632057232928,0,5097.150457757252,5053.070323972603,3368.713549315068,1684.356774657534,2155.9766715616433,1212.7368777534246,7959.632057232928,2862.4815994756755
Plant - NZ,NZ Direct Export,1003570,Thailand,FRIESLANDCAMPINA (THAILAND) PC,FRIESLANDCAMPINA NEDERLAND BV,A,FrieslandCampina,FrieslandCampina,110645,AMF PREM K/HAL/MUI 210KG DRM,Anhydrous Milkfat,New Zealand,AMF,268.8,1431719.681,1381389.0304604808,50330.65023951908,0,0,0,0,0,50330.65023951908,0,25372.48227861388,42918.37038842466,29418.897548630135,14709.448774315068,18053.709833030138,10155.211781079452,50330.65023951908,24958.167960905197
Plant - NZ,NZ Direct Export,1003570,Thailand,FRIESLANDCAMPINA (THAILAND) PC,FRIESLANDCAMPINA NEDERLAND BV,A,FrieslandCampina,FrieslandCampina,110739,gDT AMF Prem 210kg DR,Anhydrous Milkfat,New Zealand,AMF,201.60000000000002,1098623.077,1174913.3426500084,-76290.26519,0,0,0,0,0,-76290.26519,0,19029.36170896041,35808.13909136986,22574.446797123288,11287.223398561644,15693.386043397259,8827.529649410959,-76290.26519,-95319.6269
Plant - NZ,NZ Direct Export,1003570,Thailand,FRIESLANDCAMPINA (THAILAND) PC,FRIESLANDCAMPINA NEDERLAND BV,A,FrieslandCampina,FrieslandCampina,111522,BMP REM/UHT 25kgMBG RM,Buttermilk Powder,New Zealand,BMP,888.45,2788386.495,2663164.0199262872,125222.47542371275,0,0,0,0,0,125222.47542371275,0,83862.28378137834,80486.18032834932,57295.612918150684,28647.806459075342,33176.55927633534,18661.81459293863,125222.47542371275,41360.19164233441
Plant - NZ,NZ Direct Export,1003570,Thailand,FRIESLANDCAMPINA (THAILAND) PC,FRIESLANDCAMPINA NEDERLAND BV,A,FrieslandCampina,FrieslandCampina,111819,FIA SMP Reg MH 25kgMBG,Skimmilk Powder,Australia,SMP,1079.85,3306909.854,3616590.245441874,-309680.3912,0,0,0,0,0,-309680.3912,0,101928.8504038735,98970.84626874315,67950.20248458904,33975.10124229452,41597.27681692713,23398.468209521507,-309680.3912,-411609.2416
Plant - NZ,NZ Direct Export,1003570,Thailand,FRIESLANDCAMPINA (THAILAND) PC,FRIESLANDCAMPINA NEDERLAND BV,A,FrieslandCampina,FrieslandCampina,115297,FIA PSMP MH UHT TH 25KG MBG,Partly Skimmed Milk Powder,Australia,SMP,251.975,1126936.2184499998,1109071.4161325968,17864.802317403024,0,0,0,0,0,17864.802317403024,0,23784.342344321918,39095.35921466096,23156.22366678082,11578.11183339041,17611.03832401315,9906.209057257396,17864.802317403024,-5919.540027
Plant - NZ,NZ Direct Export,1003570,Thailand,FRIESLANDCAMPINA (THAILAND) PC,FRIESLANDCAMPINA NEDERLAND BV,A,FrieslandCampina,FrieslandCampina,115309,FIA PSMP MH TH 25KG MGB,Partly Skimmed Milk Powder,Australia,SMP,1372.2250000000001,4219582.971820001,4163398.235754553,56184.73606544733,0,0,0,0,0,56184.73606544733,0,129526.61642399899,125626.25398721233,86703.75969,43351.87984746575,52655.59944943781,29618.774690308765,56184.73606544733,-73341.88036
Plant - NZ,NZ Direct Export,1003576,Vietnam,FRIESLANDCAMPINA VIETNAM COMPA,FRIESLANDCAMPINA NEDERLAND BV,A,FrieslandCampina,FrieslandCampina,110645,AMF PREM K/HAL/MUI 210KG DRM,Anhydrous Milkfat,New Zealand,AMF,100.80000000000001,523791.7356,518020.88642268034,5770.849177319673,0,0,0,0,0,5770.849177319673,0,9514.680854480204,17318.20510767123,10762.84388219178,5381.421941,7639.5412266082185,4297.241939967123,5770.849177319673,-3743.831677
Plant - NZ,NZ Direct Export,1003576,Vietnam,FRIESLANDCAMPINA VIETNAM COMPA,FRIESLANDCAMPINA NEDERLAND BV,A,FrieslandCampina,FrieslandCampina,110739,gDT AMF Prem 210kg DR,Anhydrous Milkfat,New Zealand,AMF,117.60000000000001,699891.5717,685366.1165458383,14525.455154161667,0,0,0,0,0,14525.455154161667,0,11100.460996893573,21091.222441732876,14381.33366506849,7190.666832534245,8896.355589887124,5004.200019311506,14525.455154161667,3424.9941572680946
Plant - NZ,NZ Direct Export,1003576,Vietnam,FRIESLANDCAMPINA VIETNAM COMPA,FRIESLANDCAMPINA NEDERLAND BV,A,FrieslandCampina,FrieslandCampina,111522,BMP REM/UHT 25kgMBG RM,Buttermilk Powder,New Zealand,BMP,128,430130.3475,383685.0634,46445.284150575986,0,0,0,0,0,46445.284150575986,0,12082.13441838756,13666.854908493151,8838.294812054795,4419.147406027398,5918.532801578082,3329.174700887671,46445.284150575986,34363.14973218842
Plant - NZ,NZ Direct Export,1003576,Vietnam,FRIESLANDCAMPINA VIETNAM COMPA,FRIESLANDCAMPINA NEDERLAND BV,A,FrieslandCampina,FrieslandCampina,111651,SMP Reg UHT FLC 25kgMBG RM,Skimmilk Powder,New Zealand,SMP,1295.975,3924839.5657200003,3743554.041213751,181285.52450624947,0,0,0,0,0,181285.52450624947,0,122329.25119429546,121056.48854124658,80647.38833671233,40323.69416835617,51668.98839864987,29063.80597424055,181285.52450624947,58956.273311954006
Plant - NZ,NZ Direct Export,1003576,Vietnam,FRIESLANDCAMPINA VIETNAM COMPA,FRIESLANDCAMPINA NEDERLAND BV,A,FrieslandCampina,FrieslandCampina,111819,FIA SMP Reg MH 25kgMBG,Skimmilk Powder,Australia,SMP,50.375,207838.9253,168713.92657696386,39124.99870303614,0,0,0,0,0,39124.99870303614,0,4754.980635361511,6192.461129917808,4270.662848219178,2135.331424109589,2596.5630117172605,1460.566694090959,39124.99870303614,34370.018067674624
Plant - NZ,NZ Direct Export,1003576,Vietnam,FRIESLANDCAMPINA VIETNAM COMPA,FRIESLANDCAMPINA NEDERLAND BV,A,FrieslandCampina,FrieslandCampina,112086,WMP INST A&D FRC 25KG MBG,Wholemilk Powder,New Zealand,WMP,50.4,179788.2568,187229.22680538584,-7440.969965,0,0,0,0,0,-7440.969965,0,4757.340427240102,5883.311729739726,3694.279250136986,1847.139625068493,2583.1501469895893,1453.021957681644,-7440.969965,-12198.31039
Plant - NZ,NZ Direct Export,1003579,Indonesia,PT. FRISIAN FLAG INDONESIA,FRIESLANDCAMPINA NEDERLAND BV,A,FrieslandCampina,FrieslandCampina,110739,gDT AMF Prem 210kg DR,Anhydrous Milkfat,New Zealand,AMF,705.6,4239563.014,4112196.6992750294,127366.3149949708,0,0,0,0,0,127366.3149949708,0,66602.76598136143,129999.05987533218,87114.30851239726,43557.15425619863,55322.81959624548,31119.08602288808,127366.3149949708,60763.54901360937
Plant - NZ,NZ Direct Export,1003579,Indonesia,PT. FRISIAN FLAG INDONESIA,FRIESLANDCAMPINA NEDERLAND BV,A,FrieslandCampina,FrieslandCampina,111267,SMP Inst 25kgMBG RM,Skimmilk Powder,New Zealand,SMP,596.2,1958194.037,2017742.7900326392,-59548.75318,0,0,0,0,0,-59548.75318,0,56276.31672064581,60999.701908886986,40236.86377089041,20118.431885445207,26164.01281500274,14717.257208439041,-59548.75318,-115825.0699
Plant - NZ,NZ Direct Export,1003579,Indonesia,PT. FRISIAN FLAG INDONESIA,FRIESLANDCAMPINA NEDERLAND BV,A,FrieslandCampina,FrieslandCampina,111522,BMP REM/UHT 25kgMBG RM,Buttermilk Powder,New Zealand,BMP,302.825,978941.5952,907729.9165,71211.67872,0,0,0,0,0,71211.67872,0,28584.159025376666,30287.49694854795,20115.238258356163,10057.619129178081,12947.121804396713,7282.756014973151,71211.67872,42627.51969239034
Plant - NZ,NZ Direct Export,1003579,Indonesia,PT. FRISIAN FLAG INDONESIA,FRIESLANDCAMPINA NEDERLAND BV,A,FrieslandCampina,FrieslandCampina,111650,SMP Reg MH FLC 25kgMBG RM,Skimmilk Powder,New Zealand,SMP,435.55,1346556.655,1206850.2308757822,139706.42418421782,0,0,0,0,0,139706.42418421782,0,41112.29410881799,39899.68349836302,27668.972364246576,13834.486182123288,16681.726282393425,9383.471033846301,139706.42418421782,98594.13007539982
Plant - NZ,NZ Direct Export,1003579,Indonesia,PT. FRISIAN FLAG INDONESIA,FRIESLANDCAMPINA NEDERLAND BV,A,FrieslandCampina,FrieslandCampina,111789,gDT SMP Reg MH FLC 25kgMBG RM,Skimmilk Powder,New Zealand,SMP,216,599466.7008,584556.3507139882,14910.350086011807,0,0,0,0,0,14910.350086011807,0,20388.60183102901,15397.261150684932,12317.808920547945,6158.904460273972,5912.5482818630135,3325.808408547945,14910.350086011807,-5478.251745
Plant - NZ,NZ Direct Export,1003579,Indonesia,PT. FRISIAN FLAG INDONESIA,FRIESLANDCAMPINA NEDERLAND BV,A,FrieslandCampina,FrieslandCampina,111819,FIA SMP Reg MH 25kgMBG,Skimmilk Powder,Australia,SMP,250.825,1008755.099,840053.0150603862,168702.0836196139,0,0,0,0,0,168702.0836196139,0,23675.791917906718,32128.158964808223,20727.844493424658,10363.922246712329,13929.111499581371,7835.125218514521,168702.0836196139,145026.29170170717
Plant - NZ,NZ Direct Export,1003579,Indonesia,PT. FRISIAN FLAG INDONESIA,FRIESLANDCAMPINA NEDERLAND BV,A,FrieslandCampina,FrieslandCampina,112086,WMP INST A&D FRC 25KG MBG,Wholemilk Powder,New Zealand,WMP,1032.0249999999999,3585142.7574899998,3833834.182417229,-248691.4249,0,0,0,0,0,-248691.4249,0,97414.56854,107058.42108032534,73667.31693472603,36833.65846736301,44943.84807229589,25280.914540666436,-248691.4249,-346105.9935
Plant - NZ,NZ Direct EU,1051526,Netherlands,HAVERO HOOGWEGT BV,HAVERO HOOGWEGT BV,B,Hoogwegt,Semi Managed,104603,ACas 7200 Lac 30# 12% 25kg MBG,Acid Casein,New Zealand,Casein,167.3,2344396,2032514.2008057553,311881.79919424467,0,0,0,0,0,311881.79919424467,0,15791.727251533117,36129.390410958906,36129.390410958906,24086.26027,7707.6032876712325,4335.526849315068,311881.79919424467,296090.07194271154
Plant - NZ,NZ Direct EU,1051825,Denmark,KELSEN GROUP A/S,KELSEN GROUP A/S,B,Kelsen Group,Smart Serve,113628,AMF PREM 1000kgSKT 230V,Anhydrous Milkfat,New Zealand,AMF,936,5021797.032,4767080.382494483,254716.6495055165,0,0,0,0,0,254716.6495055165,0,88350.60793445904,103187.61024657534,103187.61024657534,51593.80512328767,33020.035278904106,18573.769844383558,254716.6495055165,166366.04157105746
Plant - NZ,NZ Direct EU,1051847,Germany,LACTOLAND GMBH,LACTOLAND,A,Lactoland,Managed,104613,ACas 7417 Min 30# all-in 10% 25kg MBG,Acid Casein,New Zealand,Casein,166.95,2105932.5,1944969.451273233,160963.04872676707,0,0,0,0,0,160963.04872676707,0,15758.690165232838,32454.439212328765,32454.439212328765,21636.292808219176,6923.613698630137,3894.5327054794516,160963.04872676707,145204.35856153423
Plant - NZ,NZ Direct Export,1057441,Indonesia,PT KIEVIT INDONESIA,FRIESLANDCAMPINA NEDERLAND BV,A,FrieslandCampina,FrieslandCampina,111266,gDT BMP REM/UHT 25kgMBG RM,Buttermilk Powder,New Zealand,BMP,16,39363.4992,37078.23097519014,2285.268224809857,0,0,0,0,0,2285.268224809857,0,1510.266802298445,1280.6617890410957,808.8390246575342,404.4195123287671,560.7950570958903,315.4472196164383,2285.268224809857,775.0014225114121
Plant - NZ,NZ Direct Export,1057441,Indonesia,PT KIEVIT INDONESIA,FRIESLANDCAMPINA NEDERLAND BV,A,FrieslandCampina,FrieslandCampina,111522,BMP REM/UHT 25kgMBG RM,Buttermilk Powder,New Zealand,BMP,301.875,939813.2487,904882.2539,34930.99472746195,0,0,0,0,0,34930.99472746195,0,28494.486933990196,28078.77656742466,19311.231137054794,9655.615568527397,11790.823039294248,6632.337959603014,34930.99472746195,6436.507793471752
Plant - NZ,NZ Direct Export,2001589,Morocco,FROMAGERIES BEL MAROC,FROMAGERIES BEL MAROC,A,BEL Group,Managed,109191,CHED GT MCR FZN A7 20KG CTN,Cheddar Cheese,New Zealand,Cheese,277,1572034.68,1476649.5934819481,95385.08652,0,0,0,0,0,95385.08652,0,26146.49401479183,48453.12369863014,32302.08246575342,16151.04123287671,20673.33277808219,11628.749687671232,95385.08652,69238.59250325998
Plant - NZ,NZ Direct Export,2001589,Morocco,FROMAGERIES BEL MAROC,FROMAGERIES BEL MAROC,A,BEL Group,Managed,115041,MPC70 4703 LH BEL 20KG MBG,Milk Protein Concentrate 70,New Zealand,MPC,51.2,419824.64,386616.00525668904,33208.63474331098,0,0,0,0,0,33208.63474331098,0,4832.8537673550245,12939.800547945206,8626.533698630137,4313.266849315069,5520.981567123288,3105.5521315068495,33208.63474331098,28375.780975955953
Plant - NZ,NZ Direct EU,2002715,Netherlands,KONINKLIJKE VIV BUISMAN B.V.,KONINKLIJKE VIV BUISMAN W/H,A,Royal Vivbusiman,Smart Serve,110645,AMF PREM K/HAL/MUI 210KG DRM,Anhydrous Milkfat,New Zealand,AMF,1184.4,7440300,7180429.701732728,259870.2982672723,0,0,0,0,0,259870.2982672723,0,111797.5000401424,76441.43835616438,76441.43835616438,76441.43835616438,0,0,259870.2982672723,148072.7982271299
Plant - NZ,NZ Direct EU,2002951,United Kingdom,UNIVAR B.V.,UNIVAR SOLUTIONS B.V.,B,Univar Solutions,Managed,104613,ACas 7417 Min 30# all-in 10% 25kg MBG,Acid Casein,New Zealand,Casein,23.875,322312.5,316424.7982357564,5887.701764243597,0,0,0,0,0,5887.701764243597,0,2253.601244054711,6622.859589041095,6622.859589041095,3311.4297945205476,2119.3150684931506,1192.1147260273972,5887.701764243597,3634.1005201888856
Plant - NZ,NZ Direct Export,2003005,Vietnam,FRIESLANDCAMPINA HANAM COMPANY,FRIESLANDCAMPINA NEDERLAND BV,A,FrieslandCampina,FrieslandCampina,110645,AMF PREM K/HAL/MUI 210KG DRM,Anhydrous Milkfat,New Zealand,AMF,16.8,88785.38405000001,86336.81440378005,2448.5696462199558,0,0,0,0,0,2448.5696462199558,0,1585.7801424133675,3040.595344178082,1824.3572065068495,912.1786032534247,1362.1867141917808,766.2300267328767,2448.5696462199558,862.7895038065883
Plant - NZ,NZ Direct Export,2003005,Vietnam,FRIESLANDCAMPINA HANAM COMPANY,FRIESLANDCAMPINA NEDERLAND BV,A,FrieslandCampina,FrieslandCampina,110739,gDT AMF Prem 210kg DR,Anhydrous Milkfat,New Zealand,AMF,33.6,202557.183,195818.89044166807,6738.292598331929,0,0,0,0,0,6738.292598331929,0,3171.560284826735,6482.456908931507,4162.133898082191,2081.0669490410955,2816.889574329863,1584.5003855605478,6738.292598331929,3566.7323135051943
Plant - NZ,NZ Direct Export,2003005,Vietnam,FRIESLANDCAMPINA HANAM COMPANY,FRIESLANDCAMPINA NEDERLAND BV,A,FrieslandCampina,FrieslandCampina,111475,WMP Reg UHT 25kgMBG RM,Wholemilk Powder,New Zealand,WMP,42.2,147074.5703,146583.34239720355,491.22794279645314,0,0,0,0,0,491.22794279645314,0,3983.328691062149,4561.132331349316,3022.0802124657534,1511.0401062328767,1952.0590240745205,1098.033201041918,491.22794279645314,-3492.100748
Plant - NZ,NZ Direct Export,2003005,Vietnam,FRIESLANDCAMPINA HANAM COMPANY,FRIESLANDCAMPINA NEDERLAND BV,A,FrieslandCampina,FrieslandCampina,111651,SMP Reg UHT FLC 25kgMBG RM,Skimmilk Powder,New Zealand,SMP,288,863195.7218,831916.9458,31278.77601190901,0,0,0,0,0,31278.77601190901,0,27184.802441372012,29481.811105561643,17736.898393972602,8868.449196986301,13192.55162148822,7420.8102870871235,31278.77601190901,4093.9735705369967
Plant - NZ,NZ Direct Export,2003005,Vietnam,FRIESLANDCAMPINA HANAM COMPANY,FRIESLANDCAMPINA NEDERLAND BV,A,FrieslandCampina,FrieslandCampina,112086,WMP INST A&D FRC 25KG MBG,Wholemilk Powder,New Zealand,WMP,175.325,635223.7602,651308.8132867911,-16085.05305,0,0,0,0,0,-16085.05305,0,16549.22044456093,18217.340803780822,13052.543018630136,6526.271509315068,7482.284348458083,4208.784946007671,-16085.05305,-32634.27349
Plant - NZ,NZ Direct EU,2005805,Switzerland,HOCHDORF SWISS NUTRITION AG,HOCHDORF SWISS NUTRITION AG,B,Hochdorf Nutrition,Semi Managed,120941,DC WHEY HYD 7051 HA HAL/K 500KG BBG,Whey Hydrolysates,Unknown Origin,Whey,11,275000,157712.48001792294,117287.51998207706,0,0,0,0,0,117287.51998207706,0,1038.308426580181,2825.3424657534247,2825.3424657534247,2825.3424657534247,0,0,117287.51998207706,116249.21155549688
Plant - NZ,NZ Direct EU,2006395,Denmark,FUNKY FIELDS,FUNKY FIELDS,A,Burt Lewis,Smart Serve,108046,Btr Lac Amx 25kgCTN,Butter-Lactic,New Zealand,Butter,141.85,808313.7433199999,770718.4231,37595.320220088935,0,0,0,0,0,37595.320220088935,0,13389.459119127152,20761.483133219175,16609.18650657534,8304.593253,7972.409523156164,4484.4803567753415,37595.320220088935,24205.86110096178
Plant - NZ,NZ Direct EU,2006395,Denmark,FUNKY FIELDS,FUNKY FIELDS,A,Burt Lewis,Smart Serve,110645,AMF PREM K/HAL/MUI 210KG DRM,Anhydrous Milkfat,New Zealand,AMF,806.4000000000001,5002666.199999999,4849640.500105713,153025.6998942867,0,0,0,0,0,153025.6998942867,0,76117.44683584163,128493.13869863012,102794.5109589041,51397.25547945205,49341.36526027397,27754.517958904107,153025.6998942867,76908.25305844506
Plant - NZ,NZ Direct EU,2006395,Denmark,FUNKY FIELDS,FUNKY FIELDS,A,Burt Lewis,Smart Serve,112484,AMF Prem K RUS 1000kgSKT 230V,Anhydrous Milkfat,New Zealand,AMF,18,114307.2,96853.81016960429,17453.38983039571,0,0,0,0,0,17453.38983039571,0,1699.0501525857508,2935.972602739726,2348.7780821917804,1174.3890410958902,1127.4134794520548,634.1700821917808,17453.38983039571,15754.33967780996
Plant - NZ,NZ Direct EU,2006395,Denmark,FUNKY FIELDS,FUNKY FIELDS,A,Burt Lewis,Smart Serve,115053,AMF K RU 25KG CTN FFMR,Anhydrous Milkfat,New Zealand,AMF,91.2,569584.128,552483.3763481166,17100.751651883475,0,0,0,0,0,17100.751651883475,0,8608.520773101138,14629.729315068493,11703.783452054795,5851.8917260273975,5617.816056986301,3160.021532054794,17100.751651883475,8492.230878782337
Plant - NZ,NZ Direct EU,2006802,United Kingdom,GREENFIELDS IRELAND,GREENFIELDS IRELAND LIMITED,B,Greenfields,Managed,101392,NZMP BTR SLTD 25 KG CTN,Butter-Salted,New Zealand,Butter,704.55,4415726.003,4336438.4295920525,79287.57309794798,0,0,0,0,0,79287.57309794798,0,66503.65472246059,90734.09594568492,90734.09594568492,45367.04797284246,29034.910702619178,16332.137270223286,79287.57309794798,12783.918375487396
Plant - NZ,NZ Direct Export,2009571,Morocco,FROMAGERIES BEL MAROC,FROMAGERIES BEL MAROC,A,BEL Group,Managed,105249,Btr US MAR 25kgCTN,Butter-Unsalted,New Zealand,Butter,201.5,1001982.0900000001,946681.1448931439,55300.945106856176,0,0,0,0,0,55300.945106856176,0,19019.922541446045,30883.00962328767,20588.67308219178,10294.33654109589,13176.75077260274,7411.922309589041,55300.945106856176,36281.02256541013
Plant - NZ,NZ Direct Export,2009571,Morocco,FROMAGERIES BEL MAROC,FROMAGERIES BEL MAROC,A,BEL Group,Managed,109191,CHED GT MCR FZN A7 20KG CTN,Cheddar Cheese,New Zealand,Cheese,50.4,286995.24,268675.5939042967,18319.646095703298,0,0,0,0,0,18319.646095703298,0,4757.340427240102,8845.743698630136,5897.162465753425,2948.5812328767124,3774.1839780821915,2122.978487671233,18319.646095703298,13562.305668463196
Plant - NZ,NZ Direct Export,2009575,Morocco,S.I.E.P.F,S.I.E.P.F.,A,BEL Group,Managed,111597,GDT CHED 545D MFR YNG WSH A6 20KG CTN,Cheddar Cheese,New Zealand,Cheese,25.16,131341.07609999998,133313.25471905697,-1972.178619,0,0,0,0,0,-1972.178619,0,2374.894546614305,4048.183852397259,2698.789234931506,1349.394617465753,1727.225110356164,971.5641245753421,-1972.178619,-4347.073166
Plant - NZ,NZ Direct Export,2009575,Morocco,S.I.E.P.F,S.I.E.P.F.,A,BEL Group,Managed,111600,GDT CHED FZN MCR 545D A6 20KG CTN,Cheddar Cheese,New Zealand,Cheese,25.2,123607.86464000001,123056.58186676563,551.2827732343867,0,0,0,0,0,551.2827732343867,0,2378.670213620051,3809.831444383562,2539.8876295890414,1269.9438147945207,1625.5280829369865,914.3595466520549,551.2827732343867,-1827.38744
Plant - NZ,NZ Direct Export,2009575,Morocco,S.I.E.P.F,S.I.E.P.F.,A,BEL Group,Managed,115041,MPC70 4703 LH BEL 20KG MBG,Milk Protein Concentrate 70,New Zealand,MPC,25.6,142483.2,135335.6267,7147.573318544019,0,0,0,0,0,7147.573318544019,0,2416.4268836775123,4391.605479452055,2927.736986,1463.868493150685,1873.7516712328768,1053.9853150684933,7147.573318544019,4731.146434866507
Plant - NZ,NZ Direct EU,2010419,Germany,"HANS J, HEINEMANN IMPORT-EXPOR",HANS J. HEINEMANN IMPORT.-EXPORT,C,Hans J. Heinemann,Smart Serve,104603,ACas 7200 Lac 30# 12% 25kg MBG,Acid Casein,New Zealand,Casein,93.7,1189990,1103971.0766898862,86018.92331011384,0,0,0,0,0,86018.92331011384,0,8844.499961,18338.886986301368,18338.886986301368,12225.924657534246,3912.2958904109587,2200.6664383561642,86018.92331011384,77174.42334915357
Plant - NZ,NZ Direct EU,2010648,Germany,MGL MOLKEREIGESELLSCHAFT LAUINGEN,MGL MOLKEREIGESELLSCHAFT LAUINGEN,A,MGL,Semi Managed,104603,ACas 7200 Lac 30# 12% 25kg MBG,Acid Casein,New Zealand,Casein,499.9,5303352.17,5425474.096226419,-122121.9262,0,0,0,0,0,-122121.9262,0,47186.39840431204,163459.48469178082,108972.98979452054,54486.49489726027,69742.71346849315,39230.27632602739,-122121.9262,-169308.3246
Plant - NZ,NZ Direct EU,2010648,Germany,MGL MOLKEREIGESELLSCHAFT LAUINGEN,MGL MOLKEREIGESELLSCHAFT LAUINGEN,A,MGL,Semi Managed,104613,ACas 7417 Min 30# all-in 10% 25kg MBG,Acid Casein,New Zealand,Casein,190.575,1935385.784,2042229.9991090659,-106844.2151,0,0,0,0,0,-106844.2151,0,17988.693490501635,59652.301561643835,39768.20104109589,19884.100520547945,25451.64866630137,14316.552374794519,-106844.2151,-124832.9086
Plant - NZ,NZ Direct EU,2012178,Netherlands,INTERFOOD BV,INTERFOOD BV,A,Interfood,Semi Managed,101392,NZMP BTR SLTD 25 KG CTN,Butter-Salted,New Zealand,Butter,1508.05,8631097.211369999,8394301.467596347,236795.74377365224,0,0,0,0,0,236795.74377365224,0,142347.36570038565,329208.2802949315,177351.31256239724,88675.65628119862,153940.87936878903,86591.74464494383,236795.74377365224,94448.37807326659
Plant - NZ,NZ Direct EU,2012178,Netherlands,INTERFOOD BV,INTERFOOD BV,A,Interfood,Semi Managed,107692,AMF SMF27 729D 210kgDR,Anhydrous Milkfat,New Zealand,AMF,1553.1599999999999,8273684.731,8095212.921948203,178471.8092517974,0,0,0,0,0,178471.8092517974,0,146605.37416611583,251631.83921917807,170007.22050410957,85003.61025205479,106642.0665389589,59986.162428164374,178471.8092517974,31866.435085681558
Plant - NZ,NZ Direct EU,2012178,Netherlands,INTERFOOD BV,INTERFOOD BV,A,Interfood,Semi Managed,108046,Btr Lac Amx 25kgCTN,Butter-Lactic,New Zealand,Butter,1962.675,10925012.709619999,10686442.80044842,238569.9091715794,0,0,0,0,0,238569.9091715794,0,185260.1810125688,387915.79595013696,224486.56252643833,112243.28126321916,176430.4093996274,99242.10529,238569.9091715794,53309.728159010614
Plant - NZ,NZ Direct EU,2012178,Netherlands,INTERFOOD BV,INTERFOOD BV,A,Interfood,Semi Managed,109489,Btr US Ftz EUR QUOTA 25kgCTN,Butter-Unsalted,New Zealand,Butter,1660.3,9304822.039,9055336.154249396,249485.88449060358,0,0,0,0,0,249485.88449060358,0,156718.49824100678,310597.7168113356,191194.97339876712,95597.48669938356,137600.1472716493,77400.08284030273,249485.88449060358,92767.38625
Plant - NZ,NZ Direct EU,2012178,Netherlands,INTERFOOD BV,INTERFOOD BV,A,Interfood,Semi Managed,110927,BtrUS Amx K 25kgCTN,Butter-Unsalted,New Zealand,Butter,276.725,1715152.8072000002,1678994.937037908,36157.87016209215,0,0,0,0,0,36157.87016209215,0,26120.536304127327,44053.58237671233,35242.86590136986,17621.43295068493,16916.575632657536,9515.573793369862,36157.87016209215,10037.333857964823
Plant - NZ,NZ Direct EU,2012178,Netherlands,INTERFOOD BV,INTERFOOD BV,A,Interfood,Semi Managed,115053,AMF K RU 25KG CTN FFMR,Anhydrous Milkfat,New Zealand,AMF,91.175,353066.07,344058.23057429946,9007.839425700542,0,0,0,0,0,9007.839425700542,0,8606.160981222547,9068.477825342467,7254.7822602739725,3627.3911301369862,3482.2954849315065,1958.7912102739724,9007.839425700542,401.6784444779951
Plant - NZ,NZ Direct EU,2012178,Netherlands,INTERFOOD BV,INTERFOOD BV,A,Interfood,Semi Managed,118404,AMF SMF27 1000KG SKT 230V,Anhydrous Milkfat,New Zealand,AMF,264,1346101.2000000002,1369126.385478927,-23025.18548,0,0,0,0,0,-23025.18548,0,24919.402237924343,34574.517123287675,27659.613698630135,13829.806849315068,13276.614575342466,7468.095698630137,-23025.18548,-47944.58772
Plant - NZ,NZ Direct EU,2012255,France,FLECHARD SA,FLECHARD SA,B,Flechard,Smart Serve,110645,AMF PREM K/HAL/MUI 210KG DRM,Anhydrous Milkfat,New Zealand,AMF,604.8000000000001,2978640,2914687.0467867586,63952.95321324142,0,0,0,0,0,63952.95321324142,0,57088.085126881226,61204.931506849316,61204.931506849316,30602.465753424658,19585.57808219178,11016.887671232875,63952.95321324142,6864.868086360191
Plant - NZ,NZ Direct EU,2012259,France,FLECHARD SA,FLECHARD SA,B,Flechard,Smart Serve,110645,AMF PREM K/HAL/MUI 210KG DRM,Anhydrous Milkfat,New Zealand,AMF,100.80000000000001,453600,485781.17446445976,-32181.17446,0,0,0,0,0,-32181.17446,0,9514.680854480204,9320.547945205479,9320.547945205479,4660.273972602739,2982.5753424657537,1677.6986301369861,-32181.17446,-41695.85532
Plant - NZ,NZ Direct EU,2012259,France,FLECHARD SA,FLECHARD SA,B,Flechard,Smart Serve,113085,gDT AMF Prem CHN 210kg DR,Anhydrous Milkfat,New Zealand,AMF,117.60000000000001,721291.0196,721536.8080074334,-245.7884074,0,0,0,0,0,-245.7884074,0,11100.460996893573,14821.048347945203,14821.048347945203,7410.524173972602,4742.735471342465,2667.7887026301364,-245.7884074,-11346.2494
Plant - NZ,NZ Direct EU,2013281,Belgium,AGRAL SA,AGRAL S.A.,B,AGRAL S.A.,Smart Serve,108046,Btr Lac Amx 25kgCTN,Butter-Lactic,New Zealand,Butter,277.2,1621620,1574010.7933652287,47609.20663477131,0,0,0,0,0,47609.20663477131,0,26165.37234982056,24990.71917808219,24990.71917808219,16660.47945205479,5331.353424657534,2998.886301369863,47609.20663477131,21443.83428495075
Plant - NZ,NZ Direct EU,2014294,United Kingdom,GREENFIELDS IRELAND,GREENFIELDS IRELAND LIMITED,B,Greenfields,Managed,105577,BTR US 25KG CTN,Butter-Unsalted,New Zealand,Butter,9.8,46548.04,44760.95847614592,1787.0815238540818,0,0,0,0,0,1787.0815238540818,0,925.0384164077977,956.4665753424657,956.4665753424657,478.23328767123286,306.06930410958904,172.16398356164382,1787.0815238540818,862.0431074
Plant - NZ,NZ Direct EU,2014294,United Kingdom,GREENFIELDS IRELAND,GREENFIELDS IRELAND LIMITED,B,Greenfields,Managed,108046,Btr Lac Amx 25kgCTN,Butter-Lactic,New Zealand,Butter,1.4,6688.990000000001,6401.862513564077,287.12748643592386,0,0,0,0,0,287.12748643592386,0,132.14834520111393,137.445,137.445,68.7225,43.9824,24.740099999999998,287.12748643592386,154.97914123480993
Plant - NZ,NZ Direct EU,2014294,United Kingdom,GREENFIELDS IRELAND,GREENFIELDS IRELAND LIMITED,B,Greenfields,Managed,108054,Btr Lac Ftz 25kgCTN,Butter-Lactic,New Zealand,Butter,1.4,6695.535000000001,6408.446362956033,287.08863704396754,0,0,0,0,0,287.08863704396754,0,132.14834520111393,137.57948630136988,137.57948630136988,68.78974315068494,44.025435616438365,24.764307534246576,287.08863704396754,154.9402918428536
Plant - NZ,NZ Direct EU,2014294,United Kingdom,GREENFIELDS IRELAND,GREENFIELDS IRELAND LIMITED,B,Greenfields,Managed,110927,BtrUS Amx K 25kgCTN,Butter-Unsalted,New Zealand,Butter,1.2,5705.37,5486.579831618334,218.79016838166626,0,0,0,0,0,218.79016838166626,0,113.27001017238338,117.23363013698629,117.23363013698629,58.616815068493146,37.51476164383561,21.10205342465753,218.79016838166626,105.52015820928288
Plant - NZ,NZ Direct EU,2014294,United Kingdom,GREENFIELDS IRELAND,GREENFIELDS IRELAND LIMITED,B,Greenfields,Managed,112476,AMF FFMR K FINZ 25KG CTN,Anhydrous Milkfat,New Zealand,AMF,1.4,7651.1050000000005,7529.2089541627665,121.89604583723394,0,0,0,0,0,121.89604583723394,0,132.14834520111393,157.21448630136987,157.21448630136987,78.60724315068494,50.30863561643836,28.298607534246575,121.89604583723394,-10.25229936
Plant - NZ,NZ Direct EU,2014294,United Kingdom,GREENFIELDS IRELAND,GREENFIELDS IRELAND LIMITED,B,Greenfields,Managed,112563,gDT Btr S 25kgCTN,Butter-Salted,New Zealand,Butter,126,792691.5788,793613.2859374991,-921.7071375,0,0,0,0,0,-921.7071375,0,11893.351068100255,16288.183126027396,16288.183126027396,8144.091563013698,5212.218600328767,2931.872962684931,-921.7071375,-12815.05821
Plant - NZ,NZ Direct Export,2016341,Oman,OMAN FOODSTUFF FACTORY LLC,FRIESLANDCAMPINA NEDERLAND BV,A,FrieslandCampina,FrieslandCampina,112081,GDT WMP INST A&D FLC 25KG MBG RM,Wholemilk Powder,New Zealand,WMP,1032.625,4387607.349,4177899.2699350324,209708.07916496787,0,0,0,0,0,209708.07916496787,0,97471.20354521449,136242.32014532192,90156.31539246575,45078.157696232876,58345.06396741699,32819.09848167205,209708.07916496787,112236.87561975338
Plant - NZ,NZ Direct Export,2016341,Oman,OMAN FOODSTUFF FACTORY LLC,FRIESLANDCAMPINA NEDERLAND BV,A,FrieslandCampina,FrieslandCampina,112882,WMP INST A&D FLC 25KG MBG RM,Wholemilk Powder,New Zealand,WMP,151.2,685276.9031,672438.0655081486,12838.837571851327,0,0,0,0,0,12838.837571851327,0,14272.021281720306,19244.077415260275,14081.03225506849,7040.516127534245,7810.279224144659,4393.282064,12838.837571851327,-1433.18371
Plant - NZ,NZ Direct Export,2016504,Vietnam,"BEL VIET NAM CO., LTD","BEL VIET NAM CO., LTD",A,BEL Group,Managed,105577,BTR US 25KG CTN,Butter-Unsalted,New Zealand,Butter,478.5,2615370.36,2476683.3533015144,138687.00669848546,0,0,0,0,0,138687.00669848546,0,45166.41655623788,67175.60856164384,53740.486849315064,26870.243424657532,25795.433687671233,14509.931449315067,138687.00669848546,93520.59014224759
Plant - NZ,NZ Direct Export,2016504,Vietnam,"BEL VIET NAM CO., LTD","BEL VIET NAM CO., LTD",A,BEL Group,Managed,109191,CHED GT MCR FZN A7 20KG CTN,Cheddar Cheese,New Zealand,Cheese,428.56,2377892.443,2160677.731,217214.71232043998,0,0,0,0,0,217214.71232043998,0,40452.49629956385,61076.004534246575,48860.80362739726,24430.40181369863,23453.185741150686,13192.41697939726,217214.71232043998,176762.21602087613
Plant - NZ,NZ Direct Export,2016504,Vietnam,"BEL VIET NAM CO., LTD","BEL VIET NAM CO., LTD",A,BEL Group,Managed,113298,Swiss Type Mcr Prc C10 2x10kgCTN Act,Swiss Cheese,New Zealand,Cheese,78.64,478893.75667000003,439559.4915977587,39334.26507224131,0,0,0,0,0,39334.26507224131,0,7422.961333296858,12300.353339126712,9840.282671,4920.141335650685,4723.335682224658,2656.8763212513695,39334.26507224131,31911.30373894445
Plant - NZ,NZ Direct Export,2016504,Vietnam,"BEL VIET NAM CO., LTD","BEL VIET NAM CO., LTD",A,BEL Group,Managed,115041,MPC70 4703 LH BEL 20KG MBG,Milk Protein Concentrate 70,New Zealand,MPC,101.46000000000001,690525.07,630621.4052702892,59903.664729710785,0,0,0,0,0,59903.664729710785,0,9576.979360075014,17736.089126712326,14188.871301369863,7094.435650684932,6810.6582246575335,3830.9952513698627,59903.664729710785,50326.68536963577
Plant - NZ,NZ Direct Export,2016504,Vietnam,"BEL VIET NAM CO., LTD","BEL VIET NAM CO., LTD",A,BEL Group,Managed,115679,BSGDA BAL MCR A8 2X10KG CTN ACT,Gouda Cheese-Brine Salt,New Zealand,Cheese,16.200000000000003,92047.37634,78949.79535948354,13097.58098051646,0,0,0,0,0,13097.58098051646,0,1529.1451373271757,2364.2305566780824,1891.3844453424658,945.6922226712329,907.8645337643835,510.67380024246575,13097.58098051646,11568.435843189285
Plant - NZ,NZ Direct Export,2016504,Vietnam,"BEL VIET NAM CO., LTD","BEL VIET NAM CO., LTD",A,BEL Group,Managed,120351,NZMP CRMCHS CURD 20KG CTN,Cream Cheese,New Zealand,Cheese,373.58,1586199.374,1340547.9888582937,245651.38514170633,0,0,0,0,0,245651.38514170633,0,35262.84200016582,40741.42227739726,32593.137821917808,16296.568910958904,15644.706154520547,8800.147211917807,245651.38514170633,210388.5431415405
Plant - NZ,NZ Direct EU,4000277,Netherlands,HAVERO HOOGWEGT BV,HAVERO HOOGWEGT BV,B,Hoogwegt,Semi Managed,104603,ACas 7200 Lac 30# 12% 25kg MBG,Acid Casein,New Zealand,Casein,286.6,3335249.196,3481880.274661862,-146631.0787,0,0,0,0,0,-146631.0787,0,27052.654096170896,51399.38829452054,51399.38829452054,34266.258863013696,10965.202836164382,6167.926595342466,-146631.0787,-173683.7328
Plant - NZ,NZ Direct Export,4000342,Vietnam,FRIESLANDCAMPINA HA NAM,FRIESLANDCAMPINA HANAM COMPANY LTD,A,FrieslandCampina,FrieslandCampina,121904,HN019 PROBIOTIC POWDER (625G),Freeze Dried DR10,New Zealand,Probiotic,0.03,33359.036400000005,7089.829306307109,26269.207093692894,0,0,0,0,0,26269.207093692894,0,2.8317502543095845,1066.8231271232878,685.4596520547946,342.7298260273973,463.4197127013699,260.6735883945206,26269.207093692894,26266.375343438584
Plant - NZ,NZ Direct Export,4001057,Philippines,ALASKA MILK CORPORATION,FRIESLANDCAMPINA NEDERLAND BV,A,FrieslandCampina,FrieslandCampina,110645,AMF PREM K/HAL/MUI 210KG DRM,Anhydrous Milkfat,New Zealand,AMF,520.8000000000001,2654935.131,2676441.2465171814,-21506.11533,0,0,0,0,0,-21506.11533,0,49159.184414814394,82394.81812898973,54553.461599794515,27276.730799897257,35275.57589061918,19842.511438473288,-21506.11533,-70665.29974
Plant - NZ,NZ Direct Export,4001057,Philippines,ALASKA MILK CORPORATION,FRIESLANDCAMPINA NEDERLAND BV,A,FrieslandCampina,FrieslandCampina,110739,gDT AMF Prem 210kg DR,Anhydrous Milkfat,New Zealand,AMF,453.6,2558331.9621200003,2643555.020962519,-85223.05884,0,0,0,0,0,-85223.05884,0,42816.06384516092,78446.98459,52568.46497506849,26284.232487534246,33384.161344271786,18778.590756152877,-85223.05884,-128039.1227
Plant - NZ,NZ Direct Export,4001057,Philippines,ALASKA MILK CORPORATION,FRIESLANDCAMPINA NEDERLAND BV,A,FrieslandCampina,FrieslandCampina,111475,WMP Reg UHT 25kgMBG RM,Wholemilk Powder,New Zealand,WMP,12.8,49816.28925,44461.29816787217,5354.991082127832,0,0,0,0,0,5354.991082127832,0,1208.2134418387561,1654.856183989726,1023.622381849315,511.8111909246575,731.5487955616438,411.49619750342464,5354.991082127832,4146.777640289076
Plant - NZ,NZ Direct Export,4001057,Philippines,ALASKA MILK CORPORATION,FRIESLANDCAMPINA NEDERLAND BV,A,FrieslandCampina,FrieslandCampina,111522,BMP REM/UHT 25kgMBG RM,Buttermilk Powder,New Zealand,BMP,2342.1,7769539.128,7020537.397793188,749001.7301968122,0,0,0,0,0,749001.7301968122,0,221074.74235394926,242809.94849426713,159648.06427376712,79824.03213688356,104310.98646872549,58674.92988865808,749001.7301968122,527926.9878
Plant - NZ,NZ Direct Export,4001057,Philippines,ALASKA MILK CORPORATION,FRIESLANDCAMPINA NEDERLAND BV,A,FrieslandCampina,FrieslandCampina,111789,gDT SMP Reg MH FLC 25kgMBG RM,Skimmilk Powder,New Zealand,SMP,90,253064.95200000002,243565.1461308284,9499.805869171629,0,0,0,0,0,9499.805869171629,0,8495.250762928754,7123.951730958905,5199.964767123288,2599.982383561644,2895.340382334247,1628.6289650630138,9499.805869171629,1004.5551062428749
Plant - NZ,NZ Direct Export,4001057,Philippines,ALASKA MILK CORPORATION,FRIESLANDCAMPINA NEDERLAND BV,A,FrieslandCampina,FrieslandCampina,111819,FIA SMP Reg MH 25kgMBG,Skimmilk Powder,Australia,SMP,201.225,843247.2077,673934.6873538372,169312.5203561628,0,0,0,0,0,169312.5203561628,0,18993.964830781537,25412.678400667806,17326.99741869863,8663.498709349315,10719.475002443834,6029.704688874657,169312.5203561628,150318.55552538126
Plant - NZ,NZ Direct Export,4001167,Côte d'Ivoire,FRIESLANDCAMPINA IVORY COAST S,FRIESLANDCAMPINA NEDERLAND BV,A,FrieslandCampina,FrieslandCampina,110739,gDT AMF Prem 210kg DR,Anhydrous Milkfat,New Zealand,AMF,487.20000000000005,2944127.307,2839373.911404187,104753.39515581308,0,0,0,0,0,104753.39515581308,0,45987.62412998766,88188.79859364383,60495.766573150686,30247.883286575343,37082.18579652384,20858.729510544657,104753.39515581308,58765.77102582542
Plant - NZ,NZ Direct Export,4001167,Côte d'Ivoire,FRIESLANDCAMPINA IVORY COAST S,FRIESLANDCAMPINA NEDERLAND BV,A,FrieslandCampina,FrieslandCampina,112086,WMP INST A&D FRC 25KG MBG,Wholemilk Powder,New Zealand,WMP,3147.4249999999997,12473604.33,11692260.89638773,781343.4316222705,0,0,0,0,0,781343.4316222705,0,297090.7181390115,382132.3126208938,256306.9382467808,128153.4691233904,162546.4598384022,91432.38365910124,781343.4316222705,484252.7135
Plant - NZ,NZ Direct EU,4002537,France,MILLENIS SAS,MILLENIS SAS,C,Millenis,Semi Managed,104608,ACas 7300 Lac Tech 30# 12% 25kg MBG,Acid Casein,New Zealand,Casein,50.1,553091.6,537277.4507507756,15814.149249224341,0,0,0,0,0,15814.149249224341,0,4729.022924697007,8523.671917808218,8523.671917808218,5682.447945205479,1818.3833424657532,1022.8406301369862,15814.149249224341,11085.126324527335
Plant - NZ,NZ Direct EU,4002753,Greece,ALINDA VELCO S A,ALINDA RO SRL,B,Alinda-Velco,Semi Managed,103791,MPC85 4855 K EU 20kg MBG,Milk Protein Concentrate >=80%,New Zealand,MPC,130.32,825720,834031.0648457049,-8311.064846,0,0,0,0,0,-8311.064846,0,12301.123104720835,25450.27397260274,16966.84931506849,8483.424657534246,10858.783561643835,6108.0657534246575,-8311.064846,-20612.18795
Plant - NZ,NZ Direct EU,4002753,Greece,ALINDA VELCO S A,ALINDA RO SRL,B,Alinda-Velco,Semi Managed,111254,MPC>=80% 4862 CWS 15kgMBG,Milk Protein Concentrate >=80%,New Zealand,MPC,2.88,30240,30067.97829756941,172.02170243058936,0,0,0,0,0,172.02170243058936,0,271.8480244137201,932.0547945,621.3698630136986,310.6849315068493,397.6767123287671,223.69315068493148,172.02170243058936,-99.82632198
Plant - NZ,NZ Direct EU,4002753,Greece,ALINDA VELCO S A,ALINDA RO SRL,B,Alinda-Velco,Semi Managed,112611,MPC85 4882 CWS K 20kgMBG,Milk Protein Concentrate >=80%,New Zealand,MPC,87,861300,852250.9958998036,9049.004100196413,0,0,0,0,0,9049.004100196413,0,8212.075737497795,26546.91780821918,17697.945205479453,8848.972602739726,11326.68493150685,6371.260273972603,9049.004100196413,836.9283627
Plant - NZ,NZ Direct EU,4002753,Greece,ALINDA VELCO S A,ALINDA RO SRL,B,Alinda-Velco,Semi Managed,121171,TR MPC85 4869 FLW AGG 15KG MBG,Milk Protein Concentrate >=80%,New Zealand,MPC,15.06,143070,125229.78721650549,17840.212783494513,0,0,0,0,0,17840.212783494513,0,1421.5386276634115,4409.691780821918,2939.794520547945,1469.8972602739725,1881.468493150685,1058.326027,17840.212783494513,16418.67416
Plant - NZ,NZ Direct EU,4002773,Italy,UNIVAR SPA,UNIVAR SOLUTIONS B.V.,B,Univar Solutions,Managed,104608,ACas 7300 Lac Tech 30# 12% 25kg MBG,Acid Casein,New Zealand,Casein,48,646800,601977.6735451282,44822.32645,0,0,0,0,0,44822.32645,0,4530.800406895335,13290.410958904109,13290.410958904109,6645.2054794520545,4252.931506849314,2392.2739726027394,44822.32645,40291.52604797646
Plant - NZ,NZ Direct Export,4005108,Egypt,BEL EGYPT EXPANSION FOR CHEESE,BEL EGYPT EXPANSION FOR CHEESE PROD,A,BEL Group,Managed,110194,CHED 545D FZN MCR A6 20KG CTN,Cheddar Cheese,New Zealand,Cheese,25.2,118495.44,112515.8420804131,5979.59792,0,0,0,0,0,5979.59792,0,2378.670213620051,3652.256712328767,2434.837808219178,1217.418904109589,1558.2961972602739,876.541611,5979.59792,3600.9277059668493
Plant - NZ,NZ Direct Export,4005108,Egypt,BEL EGYPT EXPANSION FOR CHEESE,BEL EGYPT EXPANSION FOR CHEESE PROD,A,BEL Group,Managed,111600,GDT CHED FZN MCR 545D A6 20KG CTN,Cheddar Cheese,New Zealand,Cheese,226.79999999999998,1223416.353,1221036.125766958,2380.2270030418877,0,0,0,0,0,2380.2270030418877,0,21408.03192258046,37708.03827030822,25138.69218020548,12569.34609010274,16088.762995331506,9049.929184873972,2380.2270030418877,-19027.80492
Plant - NZ,NZ Direct Export,4005108,Egypt,BEL EGYPT EXPANSION FOR CHEESE,BEL EGYPT EXPANSION FOR CHEESE PROD,A,BEL Group,Managed,115041,MPC70 4703 LH BEL 20KG MBG,Milk Protein Concentrate 70,New Zealand,MPC,51.2,290004.48,267685.4057852053,22319.074214794673,0,0,0,0,0,22319.074214794673,0,4832.8537673550245,8938.494246575343,5958.996164383561,2979.4980821917807,3813.757545,2145.2386191780824,22319.074214794673,17486.22044743965
Plant - NZ,NZ Direct Export,4005132,Nigeria,FRIESLANDCAMPINA WAMCO NIGERIA,FRIESLANDCAMPINA NEDERLAND BV,A,FrieslandCampina,FrieslandCampina,110645,AMF PREM K/HAL/MUI 210KG DRM,Anhydrous Milkfat,New Zealand,AMF,319.2,2077768.656,1640399.473671821,437369.1823,0,0,0,0,0,437369.1823,0,30129.82270585398,58588.064197068496,42693.87649315068,21346.93824657534,23834.320608315615,13406.805342177533,437369.1823,407239.35962232505
Plant - NZ,NZ Direct Export,4005132,Nigeria,FRIESLANDCAMPINA WAMCO NIGERIA,FRIESLANDCAMPINA NEDERLAND BV,A,FrieslandCampina,FrieslandCampina,110739,gDT AMF Prem 210kg DR,Anhydrous Milkfat,New Zealand,AMF,252,1497887.752,1468641.6783125105,29246.073377489578,0,0,0,0,0,29246.073377489578,0,23786.70213620051,44399.91519171576,30778.51544568493,15389.257722842465,18566.820780078906,10443.836688794385,29246.073377489578,5459.371241289067
Plant - NZ,NZ Direct Export,4005132,Nigeria,FRIESLANDCAMPINA WAMCO NIGERIA,FRIESLANDCAMPINA NEDERLAND BV,A,FrieslandCampina,FrieslandCampina,112086,WMP INST A&D FRC 25KG MBG,Wholemilk Powder,New Zealand,WMP,12949.225,50024757.56,48104630.64442406,1920126.918635942,0,0,0,0,0,1920126.918635942,0,1222299.0395620677,1538697.1435524144,1027905.9773231506,513952.9886615753,655836.2591,368907.8958,1920126.918635942,697827.8790738743
Plant - NZ,NZ Direct Export,4005132,Nigeria,FRIESLANDCAMPINA WAMCO NIGERIA,FRIESLANDCAMPINA NEDERLAND BV,A,FrieslandCampina,FrieslandCampina,112882,WMP INST A&D FLC 25KG MBG RM,Wholemilk Powder,New Zealand,WMP,24.4,103074.23141999998,108515.1375555478,-5440.906136,0,0,0,0,0,-5440.906136,0,2303.1568735051287,3388.7418549041085,2117.963659315068,1058.981829657534,1491.046416157808,838.7136090887669,-5440.906136,-7744.063009
Plant - NZ,NZ Direct EU,4005229,Denmark,FUNKY FIELDS,FUNKY FIELDS,A,Burt Lewis,Smart Serve,111115,gDT AMF PREM 1000kgSKT 230V,Anhydrous Milkfat,New Zealand,AMF,40,294676.9888,288229.91678169614,6447.072018,0,0,0,0,0,6447.072018,0,3775.667005746113,12110.013238356163,6055.006619178082,3027.503309589041,5812.806354410958,3269.7035743561637,6447.072018,2671.4050125577373
Plant - NZ,NZ Direct EU,4005229,Denmark,FUNKY FIELDS,FUNKY FIELDS,A,Burt Lewis,Smart Serve,112284,WPC80 CHS 550 25KG MBG (FUNCTIONAL),WPC 80% (Cheese),New Zealand,WPC,216,3118680,2298713.1450325446,819966.8549674554,0,0,0,0,0,819966.8549674554,0,20388.60183102901,80103.08219178082,64082.46575342466,32041.23287671233,30759.583561643834,17302.265753424657,819966.8549674554,799578.2531364263
Plant - NZ,NZ Direct EU,4005229,Denmark,FUNKY FIELDS,FUNKY FIELDS,A,Burt Lewis,Smart Serve,114351,WPC 80 Chs 4501 Inst K 20kgMBG,WPC 80% (Cheese),New Zealand,WPC,96,1154400,1153937.9922258505,462.00777414953336,0,0,0,0,0,462.00777414953336,0,9061.600814,29650.684931506847,23720.54794520548,11860.27397260274,11385.863013698628,6404.547945205479,462.00777414953336,-8599.59304
Plant - NZ,NZ Direct EU,4005229,Denmark,FUNKY FIELDS,FUNKY FIELDS,A,Burt Lewis,Smart Serve,120874,WPC80 CHS 450 INST 20KG MBG,WPC 80% (Cheese),New Zealand,WPC,38.08,542183.04,477219.23597776477,64963.80402223527,0,0,0,0,0,64963.80402223527,0,3594.434989470299,13925.934246575343,11140.747397260275,5570.373698630137,5347.558750684932,3008.001797260274,64963.80402223527,61369.369032764975
Plant - NZ,NZ Direct EU,4006508,Bulgaria,MILKY GROUP BIO EAD,MILKY GROUP BIO EAD,C,Milky Group,Smart Serve,103791,MPC85 4855 K EU 20kg MBG,Milk Protein Concentrate >=80%,New Zealand,MPC,44.8,336000,294988.08218390803,41011.91781609197,0,0,0,0,0,41011.91781609197,0,4228.747046435646,3452.0547945205476,3452.0547945205476,3452.0547945205476,0,0,41011.91781609197,36783.170769656324
Plant - NZ,NZ Direct EU,4010110,Denmark,FAYREFIELD FOODS A/S,FAYREFIELD FOODS A/S,A,Fayrefield,Semi Managed,103791,MPC85 4855 K EU 20kg MBG,Milk Protein Concentrate >=80%,New Zealand,MPC,241.78,1858172,1723951.2617636307,134220.73823636933,0,0,0,0,0,134220.73823636933,0,22822.019216232376,28636.21232876712,28636.21232876712,19090.80821917808,6109.058630136986,3436.3454794520544,134220.73823636933,111398.71902013695
Plant - NZ,NZ Direct Export,4010863,Brazil,SOLABIA BIOTECNOLOGICA LTDA,SOLABIA BIOTECNOLOGICA LTDA,C,Solabia Group,Smart Serve,114691,ACAS N7417 MIN 30M 25KG MBG,Acid Casein,New Zealand,Casein,101.025,1095835.49,993425.8255671071,102409.66443289293,0,0,0,0,0,102409.66443289293,0,9535.918981387525,16887.875702054793,16887.875702054793,11258.583801369863,3602.7468164383563,2026.5450842465752,102409.66443289293,92873.74545
Plant - NZ,NZ Direct EU,4011764,Poland,AGROCOMPLEX SP. Z.O.O,AGROCOMPLEX SP. Z O.O,A,Agrocomplex,Managed,104603,ACas 7200 Lac 30# 12% 25kg MBG,Acid Casein,New Zealand,Casein,224.05,2492133,2452104.764105865,40028.23589,0,0,0,0,0,40028.23589,0,21148.454815935413,38406.15924657534,38406.15924657534,25604.10616438356,8193.313973,4608.739109589041,40028.23589,18879.781078199787
Plant - NZ,NZ Direct EU,4011764,Poland,AGROCOMPLEX SP. Z.O.O,AGROCOMPLEX SP. Z O.O,A,Agrocomplex,Managed,104614,ACas 7417 Min 30# all-in 10% 25kg PPK,Acid Casein,New Zealand,Casein,2988.175,38398380.59,35916111.886778176,2482268.7032218277,0,0,0,0,0,2482268.7032218277,0,282058.84387238475,591755.8652568493,591755.8652568493,394503.9101712328,126241.25125479451,71010.70383,2482268.7032218277,2200209.859349443
Plant - NZ,NZ Direct EU,4012454,Denmark,BARRY CALLEBAUT,BARRY CALLEBAUT SOURCING AG,B,Barry Callebaut,Semi Managed,110645,AMF PREM K/HAL/MUI 210KG DRM,Anhydrous Milkfat,New Zealand,AMF,604.8000000000001,3373370.2800000003,2973714.356350757,399655.9236492431,0,0,0,0,0,399655.9236492431,0,57088.085126881226,69315.82767123288,69315.82767123288,34657.91383561644,22181.06485479452,12476.848980821916,399655.9236492431,342567.8385223618
Plant - NZ,NZ Direct EU,4012454,Denmark,BARRY CALLEBAUT,BARRY CALLEBAUT SOURCING AG,B,Barry Callebaut,Semi Managed,113085,gDT AMF Prem CHN 210kg DR,Anhydrous Milkfat,New Zealand,AMF,268.8,1256394.9153800001,1195550.422242777,60844.49313722318,0,0,0,0,0,60844.49313722318,0,25372.48227861388,25816.333877671233,25816.333877671233,12908.166938835617,8261.226840854795,4646.940097980822,60844.49313722318,35472.01086
Plant - NZ,NZ Direct Export,4013594,Philippines,ALASKA MILK CORPORATION,ALASKA MILK CORPORATION,A,FrieslandCampina,FrieslandCampina,114691,ACAS N7417 MIN 30M 25KG MBG,Acid Casein,New Zealand,Casein,251.575,2393057.142,2136610.508665449,256446.63302455097,0,0,0,0,0,256446.63302455097,0,23746.585674264457,61465.508776284245,49172.40702,24586.20351,23602.755370093153,13276.549895677397,256446.63302455097,232700.0473502865
Plant - NZ,NZ Direct Export,4013595,Indonesia,PT KIEVIT INDONESIA,PT. KIEVIT INDONESIA,A,FrieslandCampina,FrieslandCampina,104613,ACas 7417 Min 30# all-in 10% 25kg MBG,Acid Casein,New Zealand,Casein,709.6750000000001,7208686.935,6490179.449637438,718507.4854,0,0,0,0,0,718507.4854,0,66987.41205757181,185154.63018005138,148123.70414404108,74061.85207202054,71099.37798913973,39993.40011889109,718507.4854,651520.0733149901
Plant - NZ,NZ Direct Export,4015325,United Arab Emirates,MAJAN FOOD INDUSTRIES L.L.C,FRIESLANDCAMPINA NEDERLAND BV,A,FrieslandCampina,FrieslandCampina,112081,GDT WMP INST A&D FLC 25KG MBG RM,Wholemilk Powder,New Zealand,WMP,824.475,3180930.305,3335744.8256430808,-154814.5208,0,0,0,0,0,-154814.5208,0,77823.57636406316,95927.62503267809,65361.58160630136,32680.79080315068,40477.97390689753,22768.860322629862,-154814.5208,-232638.0972
Portena - NL,EU to EU Direct,1051207,Germany,MILCHWERKE MITTELELBE GMBH,LACTOLAND,A,Lactoland,Managed,115074,FNL LAC 100M MHYD 1000KG BBG,Edible Lactose,Netherlands,Lactose,702,599100,513031.2908909065,86068.70910909353,9032.517340867422,5632.521373798525,0,8955.505809027643,25678.252499999995,45725.417894427585,40343.291214665944,66262.95595084428,9232.705479452055,9232.705479452055,6155.136986,1969.6438356164385,1107.9246575342465,36769.91208539994,-29493.04387
Portena - NL,EU to EU Direct,1051207,Germany,MILCHWERKE MITTELELBE GMBH,LACTOLAND,A,Lactoland,Managed,115536,FNL LAC MHYD 100M NZMP 25KG MBG,Edible Lactose,Netherlands,Lactose,272,231520,167199.13413035468,64320.86586964532,3110.914488,2182.4014439789157,0,5713.5564225979415,9946.2175,49081.332437896934,15239.533431748387,25674.53563907357,3567.945205479452,3567.945205479452,2378.6301369863013,761.1616438356165,428.15342465753423,43367.776015298994,17693.240376225425
Portena - NL,EU to EU Direct,1051207,Germany,MILCHWERKE MITTELELBE GMBH,LACTOLAND,A,Lactoland,Managed,119540,FNL WPC80 CHS 550 NUTING 20KG BAG,WPC 80% (Cheese),Netherlands,WPC,17.6,162800,122575.10537627843,40224.89462372157,283.0703440157881,141.2142110809887,0,7853.026330434572,813.3999999999997,38987.210068624794,1237.6845550967764,1661.2934825282898,2508.904109589041,2508.904109589041,1672.6027397260273,535.2328767123288,301.0684931506849,31134.183738190222,29472.890255661932
Portena - NL,EU to EU Direct,1051250,Greece,ALINDA-VELCO S.A.,ALINDA-VELCO S.A.,B,Alinda-Velco,Semi Managed,114104,FNL WPC 356 20KG MBG,High Fat B/T WPC,Netherlands,WPC,28,210400,222287.01272164035,-11887.01272,450.3391836614811,224.65897217430017,0,6168.701970126822,0,-12562.01088,674.9981558357813,2642.966904022279,3242.465753424657,3242.465753424657,2161.643835616438,691.7260273972602,389.0958904109589,-18730.71285,-21373.67975
Portena - NL,EU to EU Direct,1051250,Greece,ALINDA-VELCO S.A.,ALINDA-VELCO S.A.,B,Alinda-Velco,Semi Managed,114132,FNL WPC80 CHS 450 INST 20KG MBG,WPC 80% (Cheese),Netherlands,WPC,17.6,83600,91308.81546846182,-7708.815468,283.0703440157881,141.2142110809887,0,2430.7073840515172,0,-8133.100024,424.2845550967768,1661.2934825282898,1288.3561643835615,1288.3561643835615,858.9041096,274.8493150684931,154.60273972602738,-10563.80741,-12225.10089
Portena - NL,EU to EU Direct,1051250,Greece,ALINDA-VELCO S.A.,ALINDA-VELCO S.A.,B,Alinda-Velco,Semi Managed,114272,FNL WPC80 CHS 515 20KG MBG,WPC 80% (Cheese),Netherlands,WPC,48,437440,301265.6255556252,136174.37444437481,772.0100291339676,385.12966658451455,0,10158.543627004587,0,135017.23474865634,1157.139695718482,4530.800406895336,6741.369863013699,6741.369863013699,4494.246575342466,1438.158904109589,808.9643835616438,124858.69112165175,120327.89071475642
Portena - NL,EU to EU Direct,1051250,Greece,ALINDA-VELCO S.A.,ALINDA-VELCO S.A.,B,Alinda-Velco,Semi Managed,116420,STNMD MPC85 4854 LOSRC NES 550KG BBG,Milk Protein Concentrate >=80%,Germany,MPC,1.65,15345,15259.14080801105,85.85919198894953,38.600501456698375,13.238832288842687,59.25694480170966,55.39208868995401,0,-25.23708656,111.09627854725072,155.74626398702713,236.48116438356163,236.48116438356163,157.6541095890411,50.44931506849315,28.377739726027396,-80.62917525,-236.3754392
Portena - NL,EU to EU Direct,1051269,France,USINE NUTRIBIO DOULLENS,NUTRIBIO,C,NUTRIBIO,Smart Serve,114272,FNL WPC80 CHS 515 20KG MBG,WPC 80% (Cheese),Netherlands,WPC,32,464000,246901.2380188195,217098.7619811805,514.6733527559784,256.7531111,0,6772.362418003057,2338.5,213988.83551736816,3109.9264638123213,3020.533605,4767.123287671233,4767.123287671233,4767.123287671233,0,0,207216.4730993651,204195.93949476822
Portena - NL,EU to EU Direct,1051360,France,NUTRISUN (SITUÉ APRES SOJASUN),OLGA,B,Laiterie Triballat,Smart Serve,114266,FNL WPI 894-INST MF 20KG MBG,Whey Protein Isolate,Netherlands,WPC,17.6,325600,159853.98351148097,165746.01648851903,283.0703440157881,141.2142110809887,0,5380.995431360731,1757.7,163564.03193342226,2181.9845550967766,1661.2934825282898,3345.2054794520545,3345.2054794520545,3345.2054794520545,0,0,158183.03650206153,156521.74301953323
Portena - NL,EU to EU Direct,1051929,Greece,ALINDA-VELCO S.A.,ALINDA-VELCO S.A.,B,Alinda-Velco,Semi Managed,116420,STNMD MPC85 4854 LOSRC NES 550KG BBG,Milk Protein Concentrate >=80%,Germany,MPC,1.65,15345,15259.14080801105,85.85919198894953,38.600501456698375,13.238832288842687,59.25694480170966,55.39208868995401,0,-25.23708656,111.09627854725072,155.74626398702713,236.48116438356163,236.48116438356163,157.6541095890411,50.44931506849315,28.377739726027396,-80.62917525,-236.3754392
Portena - NL,EU to EU Direct,2000332,Germany,STERNMAID GMBH & CO. KG,STERNMAID GMBH & CO. KG,C,Sternmaid,Smart Serve,114132,FNL WPC80 CHS 450 INST 20KG MBG,WPC 80% (Cheese),Netherlands,WPC,17.6,214720,136938.59786247544,77781.40213752456,283.0703440157881,141.2142110809887,0,2430.7073840515172,898.59,76458.52758242779,1322.874555096777,1661.2934825282898,2206.027397260274,2206.027397260274,2206.027397260274,0,0,74027.82019837627,72366.52671584798
Portena - NL,EU to EU Direct,2002047,France,COOPERATIVE ISIGNY SAINTE-MERE,COOPERATIVE ISIGNY SAINTE-MERE,A,Coop. Isigny Sainte-Mere,Managed,115984,FNL WPC80 CHS 392 NUTING WTBLD 20KG MBG,WPC 80% (Cheese),Netherlands,WPC,720.5,8859340,5763433.258,3095906.742,11588.192208146325,5780.956766127973,0,190889.7510378588,59287.090000000004,3019250.503250326,76656.23897427431,68009.20194100187,91020.61643835616,91020.61643835616,91020.61643835616,0,0,2828360.752212467,2760351.5502714654
Portena - NL,EU to EU Direct,2002047,France,COOPERATIVE ISIGNY SAINTE-MERE,COOPERATIVE ISIGNY SAINTE-MERE,A,Coop. Isigny Sainte-Mere,Managed,119496,FNL WPC 356 NUTING LPD70 20KG MBG,High Fat B/T WPC,Netherlands,WPC,32.8,398080,265970.72291298234,132109.27708701766,527.5401865748779,263.1719388327516,0,10477.90780626353,5785.92,125532.64496161003,6576.632125407629,3096.046944711812,4089.863014,4089.863014,4089.863014,0,0,115054.73715534649,111958.69021063468
Portena - NL,EU to EU Direct,2002317,Netherlands,FONTERRA (EUROPE) COOPERATIE U,FONTERRA (EUROPE) COOPERATIE UA,C,Fonterra,Fonterra,114132,FNL WPC80 CHS 450 INST 20KG MBG,WPC 80% (Cheese),Netherlands,WPC,0.02,0,134.59051007613013,-134.5905101,0.3216708454724865,0.16047069441021442,0,2.762167481876724,0,-135.0726516,0.4821415398827009,1.8878335028730564,0,0,0,0,0,-137.8348191,-139.7226526
Portena - NL,EU to EU Direct,2002317,Netherlands,FONTERRA (EUROPE) COOPERATIE U,FONTERRA (EUROPE) COOPERATIE UA,C,Fonterra,Fonterra,114917,FNL WPC80 CHS 392 JP 20KG MBG,WPC 80% (Cheese),Netherlands,WPC,0.06,0,511.16102474473377,-511.1610247,0.9650125364174594,0.48141208323064316,0,32.77301375841238,0,-512.6074494,1.4464246196481025,5.663500508619169,0,0,0,0,0,-545.3804631,-551.0439636
Portena - NL,EU to EU Direct,2002317,Netherlands,FONTERRA (EUROPE) COOPERATIE U,FONTERRA (EUROPE) COOPERATIE UA,C,Fonterra,Fonterra,119496,FNL WPC 356 NUTING LPD70 20KG MBG,High Fat B/T WPC,Netherlands,WPC,0.02,0,160.6407842073454,-160.6407842,0.3216708454724865,0.16047069441021442,0,6.388968174550934,0,-161.1229257,0.4821415398827009,1.8878335028730564,0,0,0,0,0,-167.5118939,-169.3997274
Portena - NL,EU to EU Direct,2002317,Netherlands,FONTERRA (EUROPE) COOPERATIE U,FONTERRA (EUROPE) COOPERATIE UA,C,Fonterra,Fonterra,119540,FNL WPC80 CHS 550 NUTING 20KG BAG,WPC 80% (Cheese),Netherlands,WPC,0.02,0,142.96467975627635,-142.9646798,0.3216708454724865,0.16047069441021442,0,8.923893557312013,0,-143.4468213,0.4821415398827009,1.8878335028730564,0,0,0,0,0,-152.3707149,-154.2585484
Portena - NL,EU to EU Direct,2003944,Germany,LACTOLAND,LACTOLAND,A,Lactoland,Managed,114132,FNL WPC80 CHS 450 INST 20KG MBG,WPC 80% (Cheese),Netherlands,WPC,140.8,1524160,1040967.2788857067,483192.7211142933,2264.562752126305,1129.7136886479095,0,19445.659072412138,0,479798.4446735191,3394.2764407742143,13290.347860226319,23488.76712328767,23488.76712328767,15659.178082191778,5010.936986301369,2818.6520547945197,460352.7856,447062.4377408807
Portena - NL,EU to EU Direct,2003944,Germany,LACTOLAND,LACTOLAND,A,Lactoland,Managed,114266,FNL WPI 894-INST MF 20KG MBG,Whey Protein Isolate,Netherlands,WPC,70.4,1239040,628322.3402496524,610717.6597503476,1132.2813760631525,564.8568443239548,0,21523.981725442925,0,609020.5215299604,1697.1382203871071,6645.173930113159,19094.794520547945,19094.794520547945,12729.86301369863,4073.5561643835617,2291.3753424657534,587496.5398045175,580851.3658744043
Portena - NL,EU to EU Direct,2003944,Germany,LACTOLAND,LACTOLAND,A,Lactoland,Managed,115074,FNL LAC 100M MHYD 1000KG BBG,Edible Lactose,Netherlands,Lactose,188,242704,137392.99528132536,105311.00471867464,2418.9647579530983,1508.4245274560153,0,2398.3405870330444,2328.9600000000005,99054.65543326552,6256.349285409115,17745.63492700673,3740.3013698630134,3740.3013698630134,2493.5342465753424,797.9309589041095,448.8361643835616,96656.31484623248,78910.67991922575
Portena - NL,EU to EU Direct,2004007,Germany,LACTOPROT DEUTSCHLAND GMBH,LACTOPROT DEUTSCHLAND GMBH,C,Lactoprot Deutschland,Smart Serve,114266,FNL WPI 894-INST MF 20KG MBG,Whey Protein Isolate,Netherlands,WPC,17.6,123200,131380.0014360739,-8180.001436,283.0703440157881,141.2142110809887,0,5380.995431360731,0,-8604.285991,424.2845550967768,1661.2934825282898,2531.5068493150684,2531.5068493150684,1265.7534246575342,810.0821917808219,455.6712328767123,-13985.28142,-15646.57491
Portena - NL,EU to EU Direct,2004062,Germany,PRIVATMOLKEREI NAARMANN GMBH,PRIVATMOLKEREI NAARMANN GMBH,C,PRIVATMOLKEREI NAARMANN GMBH,Smart Serve,114272,FNL WPC80 CHS 515 20KG MBG,WPC 80% (Cheese),Netherlands,WPC,1.6,21600,13708.973080443406,7891.026919556594,25.73366763779892,12.837655552817154,0,338.6181209001529,269.88,7582.5755963659785,308.45132319061605,151.02668022984452,73.97260273972603,73.97260273972603,73.97260273972603,0,0,7243.957475465826,7092.930795235981
Portena - NL,EU to EU Direct,2004080,Germany,FRESENIUS,FRESENIUS,A,Fresenius,Managed,119540,FNL WPC80 CHS 550 NUTING 20KG BAG,WPC 80% (Cheese),Netherlands,WPC,28.8,394200,225229.36174291177,168970.63825708823,463.2060174803806,231.07779995070877,0,12850.406722529298,1987.3599999999997,166288.99443965714,2681.643817431089,2718.480244137201,4049.9999999999995,4049.9999999999995,4049.9999999999995,0,0,153438.58771712784,150720.10747299064
Portena - NL,EU to EU Direct,2004154,Germany,ALMIL AG – WEIDING PLANT,HOCHWALD FOODS GMBH,C,Hochwald,Semi Managed,115074,FNL LAC 100M MHYD 1000KG BBG,Edible Lactose,Netherlands,Lactose,360,477960,262835.68347303325,215124.31652696675,4632.060174803805,2888.472499383859,0,4592.567081552637,18890.24,188713.54385277908,26410.772674187665,33981.003051715015,4910.547945,4910.547945,4910.547945,0,0,184120.97677122644,150139.9737195114
Portena - NL,EU to EU Direct,2004201,Netherlands,INTERFOOD BV,INTERFOOD BV,A,Interfood,Semi Managed,115074,FNL LAC 100M MHYD 1000KG BBG,Edible Lactose,Netherlands,Lactose,3142,3171316,2457039.6757185436,714276.3242814564,40427.59186,25209.946091844682,0,40082.90491732885,0,648638.7863306296,65637.53795082678,296578.64330135717,76629.78082,65164.027397260266,32582.013698630133,28190.570958904107,15857.19616438356,608555.8814133008,311977.2381119436
Portena - NL,EU to EU Direct,2004201,Netherlands,INTERFOOD BV,INTERFOOD BV,A,Interfood,Semi Managed,115536,FNL LAC MHYD 100M NZMP 25KG MBG,Edible Lactose,Netherlands,Lactose,34,24800,28348.609767982114,-3548.609768,388.86431097118367,272.80018049736447,0,714.1945528247427,0,-4210.274259,661.6644914685481,3209.3169548841956,636.9863014,509.58904109589037,254.79452054794518,244.60273972602738,137.5890410958904,-4924.468812,-8133.785767
Portena - NL,EU to EU Direct,2005770,Netherlands,UNIVAR SOLUTIONS B.V.,UNIVAR SOLUTIONS B.V.,B,Univar Solutions,Managed,114068,FNL WPC80 CHS 392 20KG MBG,WPC 80% (Cheese),Netherlands,WPC,19.2,167360,188313.45904256488,-20953.45904,308.80401165358705,154.05186663380584,0,6597.114070913447,0,-21416.31492,462.8558782873929,1812.320162758134,3438.904109589041,3438.904109589041,1719.4520547945206,1100.4493150684932,619.0027397260274,-28013.42899,-29825.74915
Portena - NL,EU to EU Direct,2005770,Netherlands,UNIVAR SOLUTIONS B.V.,UNIVAR SOLUTIONS B.V.,B,Univar Solutions,Managed,114104,FNL WPC 356 20KG MBG,High Fat B/T WPC,Netherlands,WPC,32.68,192320,250327.1545,-58007.15448,525.6101615020428,262.20911466629036,0,7199.756442276592,0,-58794.97375,787.8192761683332,3084.7199436945743,3951.7808219178078,3951.7808219178078,1975.8904109589039,1264.5698630136985,711.3205479452054,-65994.73019,-69079.45014
Portena - NL,EU to EU Direct,2005770,Netherlands,UNIVAR SOLUTIONS B.V.,UNIVAR SOLUTIONS B.V.,B,Univar Solutions,Managed,114132,FNL WPC80 CHS 450 INST 20KG MBG,WPC 80% (Cheese),Netherlands,WPC,17.6,79200,105162.15136676442,-25962.15137,283.0703440157881,141.2142110809887,0,2430.707384051517,0,-26386.43592,424.2845550967768,1661.2934825282896,1627.3972602739725,1627.3972602739725,813.6986301369863,520.7671232876712,292.93150684931504,-28817.14331,-30478.43679
Portena - NL,EU to EU Direct,2005770,Netherlands,UNIVAR SOLUTIONS B.V.,UNIVAR SOLUTIONS B.V.,B,Univar Solutions,Managed,114266,FNL WPI 894-INST MF 20KG MBG,Whey Protein Isolate,Netherlands,WPC,10.4,72800,86009.31813595924,-13209.31814,167.2688396,83.44476109331148,0,3179.679118531341,0,-13460.03174,250.71360073900448,981.6734214939894,1495.890410958904,1495.890410958904,747.9452055,478.68493150684935,269.2602739726027,-16639.71086,-17621.38428
Portena - NL,EU to EU Direct,2005770,Netherlands,UNIVAR SOLUTIONS B.V.,UNIVAR SOLUTIONS B.V.,B,Univar Solutions,Managed,115536,FNL LAC MHYD 100M NZMP 25KG MBG,Edible Lactose,Netherlands,Lactose,22.5,36000,20790.655552756223,15209.344447243777,257.3366763779892,180.5295312114912,0,472.62874819284445,0,14771.478239654296,437.8662075894804,2123.8126907321885,739.7260273972603,739.7260273972603,369.86301369863014,236.7123287671233,133.15068493150685,14298.849491461451,12175.036800729264
Portena - NL,EU to EU Direct,2005770,Netherlands,UNIVAR SOLUTIONS B.V.,UNIVAR SOLUTIONS B.V.,B,Univar Solutions,Managed,115984,FNL WPC80 CHS 392 NUTING WTBLD 20KG MBG,WPC 80% (Cheese),Netherlands,WPC,1.6,7680,9390.241270352315,-1710.24127,25.73366763779892,12.837655552817154,0,423.90506823119233,0,-1748.812594,38.57132319061607,151.02668022984452,157.8082191780822,157.8082191780822,78.90410959,50.49863013698631,28.405479452054795,-2172.717662,-2323.744342
Portena - NL,EU to EU Direct,2006294,Netherlands,BUISMAN WAREHOUSING B.V.,HAVERO HOOGWEGT BV,B,Hoogwegt,Semi Managed,114132,FNL WPC80 CHS 450 INST 20KG MBG,WPC 80% (Cheese),Netherlands,WPC,127.20000000000002,584640,756730.0330590792,-172090.0331,2045.8265772050142,1020.5936164489636,0,17567.385184735966,0,-175156.4533,3066.420193653978,12006.62107827264,8845.479452054795,8845.479452054795,6006.575342465753,1816.8986301369864,1022.0054794520548,-192723.8384,-204730.4595
Portena - NL,EU to EU Direct,2006294,Netherlands,BUISMAN WAREHOUSING B.V.,HAVERO HOOGWEGT BV,B,Hoogwegt,Semi Managed,114273,FNL WPC80 CHS 515 20KG MBG FLSH,WPC 80% (Cheese),Netherlands,WPC,17.6,149600,153272.52016306485,-3672.520163,283.0703440157881,141.2142110809887,0,4559.212807889717,0,-4096.804718,424.2845550967768,1661.2934825282898,2305.4794520547944,2305.4794520547944,1536.986301369863,491.83561643835617,276.6575342465753,-8656.017526,-10317.31101
Portena - NL,EU to EU Direct,2007980,Netherlands,HAVERO HOOGWEGT BV,HAVERO HOOGWEGT BV,B,Hoogwegt,Semi Managed,114132,FNL WPC80 CHS 450 INST 20KG MBG,WPC 80% (Cheese),Netherlands,WPC,17.6,95040,104704.78444842606,-9664.784448,283.0703440157881,141.2142110809887,0,2430.7073840515172,0,-10089.069,424.2845550967768,1661.2934825282898,1464.6575342465753,1464.6575342465753,976.4383561643835,312.46027397260275,175.75890410958903,-12519.77639,-14181.06987
Portena - NL,EU to EU Direct,2008011,Netherlands,FRIESLANDCAMPINA DOMO,FRIESLANDCAMPINA NEDERLAND BV.,A,FrieslandCampina,FrieslandCampina,121155,MILEI WHEYFRAC LF 95% 10KG CTN,Whey Fractions,Germany,Whey,7.44,4528200,1715319.5153111808,2812880.4846888194,531.8291311811777,59.695098320599755,0,34105.98471939056,1118.54,2811170.4204593175,1710.0642295017774,702.2740631,133118.75,93045.20547945205,46522.602739726026,55421.53424657534,31174.61301369863,2777064.435739927,2776362.161676858
Portena - NL,EU to EU Direct,2008455,Netherlands,FONTERRA (EUROPE) COOPERATIE U,FONTERRA INGREDIENTS LTD,C,Fonterra,Fonterra,114068,FNL WPC80 CHS 392 20KG MBG,WPC 80% (Cheese),Netherlands,WPC,0.08,0,753.6679084575403,-753.6679085,1.286683381889946,0.6418827776408577,0,27.487975295472697,0,-755.5964746,1.9285661595308037,7.551334011492226,0,0,0,0,0,-783.0844499,-790.6357839
Portena - NL,EU to EU Direct,2008455,Netherlands,FONTERRA (EUROPE) COOPERATIE U,FONTERRA INGREDIENTS LTD,C,Fonterra,Fonterra,114132,FNL WPC80 CHS 450 INST 20KG MBG,WPC 80% (Cheese),Netherlands,WPC,0.08,0,589.0176448484578,-589.0176448,1.286683381889946,0.6418827776408577,0,11.048669927506896,0,-590.946211,1.9285661595308037,7.551334011492226,0,0,0,0,0,-601.9948809,-609.5462149
Portena - NL,EU to EU Direct,2008455,Netherlands,FONTERRA (EUROPE) COOPERATIE U,FONTERRA INGREDIENTS LTD,C,Fonterra,Fonterra,114272,FNL WPC80 CHS 515 20KG MBG,WPC 80% (Cheese),Netherlands,WPC,0.08,0,532.4747998697046,-532.4747999,1.286683381889946,0.6418827776408577,0,16.930906045007642,0,-534.403366,1.9285661595308037,7.551334011492226,0,0,0,0,0,-551.3342721,-558.8856061
Portena - NL,EU to EU Direct,2008455,Netherlands,FONTERRA (EUROPE) COOPERATIE U,FONTERRA INGREDIENTS LTD,C,Fonterra,Fonterra,119540,FNL WPC80 CHS 550 NUTING 20KG BAG,WPC 80% (Cheese),Netherlands,WPC,0.06,0,428.8940392688291,-428.8940393,0.9650125364174594,0.48141208323064316,0,26.771680671936036,0,-430.3404639,1.4464246196481025,5.663500508619169,0,0,0,0,0,-457.1121446,-462.7756451
Portena - NL,EU to EU Direct,2009710,Germany,LACTOLAND,LACTOLAND,A,Lactoland,Managed,114132,FNL WPC80 CHS 450 INST 20KG MBG,WPC 80% (Cheese),Netherlands,WPC,17.6,204160,130120.90986071333,74039.09013928667,283.0703440157881,141.2142110809887,0,2430.7073840515172,0,73614.80558418989,424.2845550967768,1661.2934825282898,3146.3013698630134,3146.3013698630134,2097.5342465753424,671.2109589041096,377.5561643835616,71184.09820013837,69522.80471761008
Portena - NL,EU to EU Direct,2010899,Germany,MGL MOLKEREIGESELLSCHAFT LAUIN,MGL MOLKEREIGESELLSCHAFT LAUINGEN,A,MGL,Semi Managed,114104,FNL WPC 356 20KG MBG,High Fat B/T WPC,Netherlands,WPC,8,61600,62653.70672015249,-1053.70672,128.6683381889946,64.18827776408575,0,1762.486277179092,600.28,-1846.843336,793.1366159530803,755.13340114922255,1898.6301369863013,1265.7534246575342,632.8767123287671,810.0821917808219,455.6712328767123,-3609.329613,-4364.463014
Portena - NL,EU to EU Direct,2010899,Germany,MGL MOLKEREIGESELLSCHAFT LAUIN,MGL MOLKEREIGESELLSCHAFT LAUINGEN,A,MGL,Semi Managed,114273,FNL WPC80 CHS 515 20KG MBG FLSH,WPC 80% (Cheese),Netherlands,WPC,26.04,153978,186043.90932064562,-32065.90932,418.8154408051774,208.93284412209914,0,6745.562586218648,2811.31,-35504.96761,3439.0582849272764,2457.9592207407195,4745.897260273972,3163.931506849315,1581.9657534246576,2024.9161643835616,1139.0153424657533,-42250.53019,-44708.48941
Portena - NL,EU to EU Direct,2011535,Romania,ALINDA ROMANIA SRL,ALINDA RO SRL,B,Alinda-Velco,Semi Managed,114266,FNL WPI 894-INST MF 20KG MBG,Whey Protein Isolate,Netherlands,WPC,3,21900,22400.405530604854,-500.4055306,48.250626820872974,24.07060416153216,0,917.2151303455792,0,-572.7267616,72.32123098240513,283.17502543095844,337.5,337.5,225,72,40.5,-1489.941892,-1773.116917
Portena - NL,EU to EU Direct,2012213,France,CHEMLOG,AZELIS FRANCE SAS,C,Azelis,Semi Managed,114068,FNL WPC80 CHS 392 20KG MBG,WPC 80% (Cheese),Netherlands,WPC,0.14,1400,1272.1911272217023,127.80887277829765,2.251695918307406,1.123294860871501,0,48.10395676707722,115.73545454545453,8.698427453664223,119.11044532463343,13.214834520111395,28.767123287671232,28.767123287671232,14.383561643835616,9.205479452054794,5.178082191780821,-39.40552931,-52.62036383
Portena - NL,EU to EU Direct,2012213,France,CHEMLOG,AZELIS FRANCE SAS,C,Azelis,Semi Managed,114266,FNL WPI 894-INST MF 20KG MBG,Whey Protein Isolate,Netherlands,WPC,1.6,20120,12980.890803462593,7139.109196537407,25.73366763779892,12.837655552817154,0,489.18140285097553,314.155,6786.382873346791,352.72632319061603,151.02668022984452,413.42465753424653,413.42465753424653,206.71232876712327,132.29589041095892,74.41643835616438,6297.201470495816,6146.174790265971
Portena - NL,EU to EU Direct,2012213,France,CHEMLOG,AZELIS FRANCE SAS,C,Azelis,Semi Managed,115984,FNL WPC80 CHS 392 NUTING WTBLD 20KG MBG,WPC 80% (Cheese),Netherlands,WPC,0.9400000000000001,8360,5523.936343558433,2836.063656441567,15.118529737206867,7.542122637280077,0,249.0442275858255,246.30293103448275,2567.1000730325977,268.9635834089697,88.72817463503365,171.78082191780823,171.78082191780823,85.89041095890411,54.969863013698635,30.920547945205477,2318.0558454467723,2229.3276708117387
Portena - NL,EU to EU Direct,2014383,Germany,INDUSTRIEBERATUNG J.KNOBEL GMB,INDUSTRIEBERATUNG J.KNOBEL GMBH,C,Industrieberatung J.Knobel,Smart Serve,114272,FNL WPC80 CHS 515 20KG MBG,WPC 80% (Cheese),Netherlands,WPC,0.2,0,1499.8134935852095,-1499.813494,3.216708454724865,1.6047069441021442,0,42.327265112519115,168.56,-1673.194909,173.38141539882702,18.878335028730564,0,0,0,0,0,-1715.522174,-1734.400509
Portena - NL,EU to EU Direct,2014718,Germany,HANS-PETER IRTZ GMBH,HERZA SCHOKOLADE GMBH & CO. KG,C,Herza Schokolade,Smart Serve,114272,FNL WPC80 CHS 515 20KG MBG,WPC 80% (Cheese),Netherlands,WPC,4,54600,26852.690904583716,27747.309095416284,64.33416909,32.09413888204288,0,846.5453022503822,345.46,27305.420787439743,441.88830797654015,377.5667005746113,560.9589041,560.9589041,560.9589041,0,0,26458.87548518936,26081.30878461475
Portena - NL,EU to EU Direct,2015001,Germany,YES MULTI LOGISTICS CENTER-FRA,UNIVAR SOLUTIONS B.V.,B,Univar Solutions,Managed,114068,FNL WPC80 CHS 392 20KG MBG,WPC 80% (Cheese),Netherlands,WPC,1.62,13280,15888.948106716412,-2608.948107,26.055338483271406,12.998126247227367,0,556.6314997333221,236,-2884.001571,275.0534647304988,152.91451373271758,272.8767123287671,272.8767123287671,136.43835616438355,87.32054794520548,49.11780821917808,-3440.633071,-3593.547585
Portena - NL,EU to EU Direct,2015001,Germany,YES MULTI LOGISTICS CENTER-FRA,UNIVAR SOLUTIONS B.V.,B,Univar Solutions,Managed,114104,FNL WPC 356 20KG MBG,High Fat B/T WPC,Netherlands,WPC,45.6,344640,349293.7039197377,-4653.70392,733.4095276772692,365.87318325528884,0,10046.171779920825,0,-5752.986631,1099.282710932558,4304.260386550569,7081.643835616438,7081.643835616438,3540.821917808219,2266.1260273972603,1274.6958904109588,-15799.15841,-20103.4188
Portena - NL,EU to EU Direct,2015001,Germany,YES MULTI LOGISTICS CENTER-FRA,UNIVAR SOLUTIONS B.V.,B,Univar Solutions,Managed,114132,FNL WPC80 CHS 450 INST 20KG MBG,WPC 80% (Cheese),Netherlands,WPC,38.4,224160,229444.69389112238,-5284.693891,617.6080233071741,308.1037332676117,0,5303.361565,0,-6210.405648,925.7117565747858,3624.640325516268,4606.027397260274,4606.027397260274,2303.013698630137,1473.9287671232876,829.0849315068492,-11513.76721,-15138.40754
Portena - NL,EU to EU Direct,2015001,Germany,YES MULTI LOGISTICS CENTER-FRA,UNIVAR SOLUTIONS B.V.,B,Univar Solutions,Managed,114133,FNL PL WPC80 CHS INST 20KG MBG,WPC 80% (Cheese),Netherlands,WPC,11.2,120960,87284.70360497238,33675.29639502762,180.13567346459243,89.86358886972006,0,2406.088885595846,0,33405.297132693304,269.9992623343125,1057.1867616089114,2485.4794520547944,2485.4794520547944,1242.7397260273972,795.3534246575342,447.38630136986296,30999.208247097456,29942.021485488545
Portena - NL,EU to EU Direct,2015001,Germany,YES MULTI LOGISTICS CENTER-FRA,UNIVAR SOLUTIONS B.V.,B,Univar Solutions,Managed,114266,FNL WPI 894-INST MF 20KG MBG,Whey Protein Isolate,Netherlands,WPC,38.4,428640,317572.86696354183,111067.13303645817,617.6080233071741,308.1037332676117,0,11740.353668423413,0,110141.42127988338,925.7117565747858,3624.6403255162686,8807.671232876712,8807.671232876712,4403.835616438356,2818.454794520548,1585.3808219178081,98401.06761145996,94776.42728594369
Portena - NL,EU to EU Direct,2015001,Germany,YES MULTI LOGISTICS CENTER-FRA,UNIVAR SOLUTIONS B.V.,B,Univar Solutions,Managed,114272,FNL WPC80 CHS 515 20KG MBG,WPC 80% (Cheese),Netherlands,WPC,36,437760,275323.21020803694,162436.78979196306,579.0075218504757,288.8472499383859,0,7618.90772,0,161568.9350201742,867.8547717888616,3398.1003051715015,8995.068493150684,8995.068493150684,4497.534246575342,2878.4219178082194,1619.1123287671232,153950.02729992074,150551.92699474923
Portena - NL,EU to EU Direct,2015001,Germany,YES MULTI LOGISTICS CENTER-FRA,UNIVAR SOLUTIONS B.V.,B,Univar Solutions,Managed,119540,FNL WPC80 CHS 550 NUTING 20KG BAG,WPC 80% (Cheese),Netherlands,WPC,0.54,5796,4175.234815015384,1620.765184984616,8.685112827757134,4.332708749075789,0,240.9451260474243,0,1607.7473634077833,13.017821576832922,50.97150457757252,119.0958904109589,119.0958904109589,59.54794520547945,38.11068493150685,21.43726027,1366.802237360359,1315.8307327827865
Portena - NL,EU to EU Direct,2016252,Netherlands,VREUGDENHIL DAIRY FOODS,VREUGDENHIL DAIRY FOODS,A,Vreugdenhil,Semi Managed,114068,FNL WPC80 CHS 392 20KG MBG,WPC 80% (Cheese),Netherlands,WPC,5.6,54320,53688.12365422398,631.8763457760215,90.06783673229621,44.93179443486003,0,1924.1582706830886,0,496.8767146088652,134.99963116715625,528.5933808044557,558.0821917808219,558.0821917808219,558.0821917808219,0,0,-1427.281556,-1955.874937
Portena - NL,EU to EU Direct,2016252,Netherlands,VREUGDENHIL DAIRY FOODS,VREUGDENHIL DAIRY FOODS,A,Vreugdenhil,Semi Managed,115964,FNL LAC 100M MHYD VGDH 25KG MBG,Edible Lactose,Netherlands,Lactose,630,792225,479212.87598154554,313012.12401845446,8106.105306,5054.826873921754,0,11509.194799516265,0,299851.19183862605,13160.932179828415,59466.75534050127,8139.297945205479,8139.297945205479,8139.297945205479,0,0,288341.99703910976,228875.2416986085
Portena - NL,EU to EU Direct,2016252,Netherlands,VREUGDENHIL DAIRY FOODS,VREUGDENHIL DAIRY FOODS,A,Vreugdenhil,Semi Managed,116048,FNL LAC MHYD 100M 1000KG BBG,Edible Lactose,Netherlands,Lactose,7056,8207040,5063887.745669465,3143152.2543305354,90788.37942615458,56614.060987923636,0,93274.10217102758,0,2995749.8139164574,147402.4404140782,666027.6598136142,84318.90410958904,84318.90410958904,84318.90410958904,0,0,2902475.712,2236448.0519318157
Portena - NL,EU to EU Direct,2016317,Poland,AGROCOMPLEX SP. Z O.O,AGROCOMPLEX SP. Z O.O,A,Agrocomplex,Managed,114132,FNL WPC80 CHS 450 INST 20KG MBG,WPC 80% (Cheese),Netherlands,WPC,17.6,99440,111431.82421455938,-11991.82421,283.0703440157881,141.2142110809887,0,2430.7073840515172,0,-12416.10877,424.2845550967768,1661.2934825282898,1532.4657534246574,1532.4657534246574,1021.6438356164383,326.92602739726027,183.89589041095888,-14846.81615,-16508.10964
Portena - NL,EU to EU Direct,4000203,Belgium,AMINOLABS,AMINOLABS,A,Aminolabs,Managed,114132,FNL WPC80 CHS 450 INST 20KG MBG,WPC 80% (Cheese),Netherlands,WPC,246.40000000000003,1637504,1707812.1534394305,-70308.15344,3962.9848162210337,1976.998955133842,0,34029.90337672124,7115.779999999999,-83363.91721,13055.763771354876,23258.108755396057,25235.50684931507,25235.50684931507,16823.67123287671,5383.574794520548,3028.260821917808,-117393.8206,-140651.9293
Portena - NL,EU to EU Direct,4000203,Belgium,AMINOLABS,AMINOLABS,A,Aminolabs,Managed,114266,FNL WPI 894-INST MF 20KG MBG,Whey Protein Isolate,Netherlands,WPC,17.6,123200,145778.03005656533,-22578.03006,283.0703440157881,141.2142110809887,0,5380.995431360731,508.2699999999999,-23510.58461,932.5545550967768,1661.2934825282898,1898.6301369863013,1898.6301369863013,1265.7534246575342,405.04109589041093,227.83561643835614,-28891.58004,-30552.87353
Portena - NL,EU to EU Direct,4000489,Netherlands,NUMIDIA BV,NUMIDIA BV,B,Numidia,Smart Serve,114850,FNL LAC MHYD 100M NMDI NMLC 25KG MBG,Edible Lactose,Netherlands,Lactose,254.875,334496.25,216615.37069147505,117880.87930852495,2915.052684081778,2044.998412,0,3477.5136328694534,0,112920.8282,4960.051095971948,24058.078202238514,3436.605308219178,3436.605308219178,3436.605308219178,0,0,109443.31457968355,85385.23637744504
Portena - NL,EU to EU Direct,4000489,Netherlands,NUMIDIA BV,NUMIDIA BV,B,Numidia,Smart Serve,115536,FNL LAC MHYD 100M NZMP 25KG MBG,Edible Lactose,Netherlands,Lactose,697.65,667007.25,503570.7590221406,163436.49097785942,7979.152545560185,5597.6189977643035,0,14654.642052299463,0,149859.71943453493,13576.771543324488,65852.35216,6852.814212328767,6852.814212328767,6852.814212328767,0,0,135205.07738223547,69352.72521826607
Portena - NL,EU to EU Direct,4000489,Netherlands,NUMIDIA BV,NUMIDIA BV,B,Numidia,Smart Serve,116048,FNL LAC MHYD 100M 1000KG BBG,Edible Lactose,Netherlands,Lactose,390,428820,285057.45822066383,143762.54177933617,5018.065189370789,3129.1785409991808,0,5155.456327480266,0,135615.29804896621,8147.24373,36812.75331,4405.684931506849,4405.684931506849,4405.684931506849,0,0,130459.84172148595,93647.08841546136
Portena - NL,EU to EU Direct,4001148,Germany,HOCHWALD FOODS GMBH,HOCHWALD FOODS GMBH,C,Hochwald,Semi Managed,115074,FNL LAC 100M MHYD 1000KG BBG,Edible Lactose,Netherlands,Lactose,552,627480,403014.7147,224465.28534134902,7102.492268032502,4428.991165721918,0,7041.936191714044,15047.76,197886.0419075946,26579.24343375442,52104.20467929635,6446.712328767123,6446.712328767123,6446.712328767123,0,0,190844.10571588055,138739.9010365842
Portena - NL,EU to EU Direct,4001149,Germany,HOCHWALD FOODS GMBH,HOCHWALD FOODS GMBH,C,Hochwald,Semi Managed,115074,FNL LAC 100M MHYD 1000KG BBG,Edible Lactose,Netherlands,Lactose,24,21960,17522.378898202216,4437.621101797784,308.80401165358705,192.56483329225728,0,306.17113877017584,771.39,3164.8622568519395,1272.7588449458444,2265.4002034476675,225.61643835616437,225.61643835616437,225.61643835616437,0,0,2858.6911180817638,593.2909146340962
Portena - NL,EU to EU Direct,4001431,France,SAI NUTRITION,AZELIS FRANCE SAS,C,Azelis,Semi Managed,114266,FNL WPI 894-INST MF 20KG MBG,Whey Protein Isolate,Netherlands,WPC,0.8,6960,6490.445401731296,469.55459826870356,12.86683381889946,6.418827776408577,0,244.59070142548777,417.27,32.99893667339552,436.55566159530804,75.51334011492226,143.0136986,143.0136986,71.50684932,45.76438356164384,25.742465753424657,-211.5917648,-287.1051049
Portena - NL,EU to EU Switch,4001647,United Kingdom,SAPUTO DAIRY UK,SAPUTO DAIRY UK,B,Saputo Dairy,Semi Managed,113998,FNL LAC MHYD UNMILLED 1000KG,Edible Lactose,Netherlands,Lactose,44,46477.64,60496.42064240045,-14018.78064,566.1406880315762,353.0355277024717,0,939.7369223047897,5086.2,-20024.15686,6005.376215734048,4153.233706320724,955.02,955.02,477.51,305.6064,171.90359999999998,-20963.89378,-25117.12749
Portena - NL,EU to EU Direct,4001709,Netherlands,"LACONA , C/O DOCOMAR BV",LACONA NAHRUNGSMITTEL HANDELSGES.MB,C,Lacona Nahrungsmittel,Smart Serve,114068,FNL WPC80 CHS 392 20KG MBG,WPC 80% (Cheese),Netherlands,WPC,1.6,7520,10715.963373293986,-3195.963373,25.73366763779892,12.837655552817154,0,549.7595059,0,-3234.534696,38.57132319061607,151.02668022984452,115.8904109589041,115.8904109589041,77.26027397260273,24.723287671232875,13.906849315068492,-3784.294202,-3935.320883
Portena - NL,EU to EU Direct,4002119,Spain,"ALTER FARMACIA, S.A.","ALTER FARMACIA, S.A.",B,Alter Farmacia,Semi Managed,119209,FNL WPC80 CHS 392 NUTING WTBLD 680KG BBG,WPC 80% (Cheese),Netherlands,WPC,31.28,362848,241614.04346819734,121233.95653180266,591.8743556693752,250.9761660575753,0,15428.826806233032,4272.2,116118.9060100757,5115.050522,2952.5715984934604,3727.890410958904,3727.890410958904,3727.890410958904,0,0,100690.07920384267,97737.50760534921
Portena - NL,EU to EU Direct,4002119,Spain,"ALTER FARMACIA, S.A.","ALTER FARMACIA, S.A.",B,Alter Farmacia,Semi Managed,119461,FNL LAC NUTING UNMILLED NZMP 1000KG BBG,Edible Lactose,Netherlands,Lactose,257,318160,150800.86148054778,167359.13851945222,3306.7762914571613,2062.048423171255,0,4267.559137895923,22140.170833333334,139850.14297149045,27508.99554796175,24258.660511918773,3268.7671232876714,3268.7671232876714,3268.7671232876714,0,0,135582.58383359452,111323.92332167574
Portena - NL,EU to EU Direct,4002119,Spain,"ALTER FARMACIA, S.A.","ALTER FARMACIA, S.A.",B,Alter Farmacia,Semi Managed,119565,FNL LAC NUTING UNMILLED 1000KG BBG,Edible Lactose,Netherlands,Lactose,677,935800,503153.7120095267,432646.2879904733,8710.846495394935,5431.933005785758,0,11237.318389936585,60433.82916666666,358069.6793,74576.60866784735,63903.164072252956,9614.383561643835,9614.383561643835,9614.383561643835,0,0,346832.3609326894,282929.19686043647
Portena - NL,EU to EU Direct,4002119,Spain,"ALTER FARMACIA, S.A.","ALTER FARMACIA, S.A.",B,Alter Farmacia,Semi Managed,120840,FNL WPC80 CHS 392 NUTING 680KG BBG,WPC 80% (Cheese),Netherlands,WPC,14.96,173536,83230.52420660474,90305.47579339526,283.0703440157881,120.03207941884038,0,2051.3445229457275,2136.1,87766.27336996063,2539.2024234346286,1412.0994601490463,1782.904109589041,1782.904109589041,1782.904109589041,0,0,85714.92885,84302.82938686585
Portena - NL,EU to EU Direct,4002270,Germany,VAN HEES GMBH,VAN HEES GMBH,C,Van Hees,Smart Serve,115536,FNL LAC MHYD 100M NZMP 25KG MBG,Edible Lactose,Netherlands,Lactose,73.125,108506.25,54171.76520662886,54334.48479337114,836.3441982284648,586.7209764373464,0,1536.0434316267445,2550,50361.41961870533,3973.0651746658114,6902.391244879613,1114.7902397260273,1114.7902397260273,1114.7902397260273,0,0,48825.37618707859,41922.98494219898
Portena - NL,EU to EU Direct,4002361,Poland,BAKOMA SP. Z O. O.,BAKOMA SP. Z O. O.,B,Bakoma,Managed,114272,FNL WPC80 CHS 515 20KG MBG,WPC 80% (Cheese),Netherlands,WPC,132,1539900,963156.0658732268,576743.9341267732,2123.0275801184107,1059.1065831074152,0,27935.994974262612,12471.96,561089.8399635473,15654.094163225825,12459.701118962172,15820.890410958904,15820.890410958904,15820.890410958904,0,0,533153.8449892846,520694.14387032244
Portena - NL,EU to EU Direct,4002518,Germany,NUTRICHEM DIAT PHARMA GMBH,NUTRICHEM DIAT PHARMA GMBH,C,Nutrichem Diat Pharma,Smart Serve,114068,FNL WPC80 CHS 392 20KG MBG,WPC 80% (Cheese),Netherlands,WPC,19.200000000000003,154560,180048.10209241032,-25488.10209,308.80401165358705,154.05186663380584,0,6597.114070913448,2885.3399999999997,-28836.29797,3348.1958782873926,1812.3201627581343,1587.945205479452,1587.945205479452,1587.945205479452,0,0,-35433.41204,-37245.7322
Portena - NL,EU to EU Direct,4002518,Germany,NUTRICHEM DIAT PHARMA GMBH,NUTRICHEM DIAT PHARMA GMBH,C,Nutrichem Diat Pharma,Smart Serve,114266,FNL WPI 894-INST MF 20KG MBG,Whey Protein Isolate,Netherlands,WPC,6.4,76800,53352.260523966856,23447.739476033144,102.93467055119568,51.350622211268615,0,1956.7256114039021,1100.056,22193.39818327068,1254.3412927624643,604.1067209193781,789.0410958904109,789.0410958904109,789.0410958904109,0,0,20236.67257186678,19632.56585
Portena - NL,EU to EU Direct,4002518,Germany,NUTRICHEM DIAT PHARMA GMBH,NUTRICHEM DIAT PHARMA GMBH,C,Nutrichem Diat Pharma,Smart Serve,115984,FNL WPC80 CHS 392 NUTING WTBLD 20KG MBG,WPC 80% (Cheese),Netherlands,WPC,6.4,41280,35754.20583548506,5525.794165,102.93467055119568,51.350622211268615,0,1695.6202729247693,606.304,4765.204871752476,760.5892927624643,604.1067209193781,424.1095890410959,424.1095890410959,424.1095890410959,0,0,3069.5845988277065,2465.4778779083285
Portena - NL,EU to EU Direct,4002538,Finland,VALIO OY,VALIO LTD,C,Valio,Smart Serve,115059,FNL LAC 100M NUTAPP WETBLD 1000KG BBG,Edible Lactose,Netherlands,Lactose,120,188640,87100.96893146212,101539.03106853788,1544.0200582679352,962.8241664612865,0,4303.906132000743,16143.68,82888.50684380866,18650.524224729223,11327.001017238337,2907.1232876712324,2907.1232876712324,1938.0821917808216,620.1863014,348.8547945205479,78584.60071180791,67257.59969456958
Portena - NL,EU to EU Direct,4003193,France,DS FRANCE MOREUIL,AZELIS FRANCE SAS,C,Azelis,Semi Managed,116048,FNL LAC MHYD 100M 1000KG BBG,Edible Lactose,Netherlands,Lactose,48,55440,33097.71841146363,22342.281588536367,617.6080233071741,385.12966658451455,0,634.5177018,1962.3600000000001,19377.18389864468,2965.097689891689,4530.800406895335,1139.1780821917807,1139.1780821917807,569.5890410958904,364.5369863013699,205.05205479452053,18742.666196800954,14211.86578990562
Portena - NL,EU to EU Direct,4003434,France,JLB PROCESS DROME,JLB PROCESS DROME,B,JLB Process Drome,Smart Serve,114132,FNL WPC80 CHS 450 INST 20KG MBG,WPC 80% (Cheese),Netherlands,WPC,88,931920,634000.7524,297919.2476,1415.3517200789406,706.0710554049434,0,12153.536920257586,11454.9,284342.92478286213,13576.322775483884,8306.467412641448,9574.520547945205,9574.520547945205,9574.520547945205,0,0,272189.3878626045,263882.9204499631
Portena - NL,EU to EU Direct,4004728,Italy,FRESENIUS KABI IPSUM S.R.L.,FRESENIUS KABI IPSUM S.R.L.,A,Fresenius,Managed,116048,FNL LAC MHYD 100M 1000KG BBG,Edible Lactose,Netherlands,Lactose,840,849600,655202.4420771113,194397.55792288866,10808.140407875546,6739.769165229005,0,11104.059782265189,58418.149999999994,118431.49834978412,75966.05957310455,79289.00712066836,8728.767123287671,8728.767123287671,8728.767123287671,0,0,107327.43856751893,28038.43144685056
Portena - NL,EU to EU Direct,4004788,Netherlands,VAN DIJK TRANSPORT,AUSNUTRIA KAMPEN B.V,B,Ausnutria Dairy,Managed,119461,FNL LAC NUTING UNMILLED NZMP 1000KG BBG,Edible Lactose,Netherlands,Lactose,120,120000,58621.501605722835,61378.498394277165,1544.0200582679352,962.8241664612865,0,1992.6346169163844,1575.1,57296.55416954794,4081.9442247292213,11327.001017238337,1232.876712328767,1232.876712328767,1232.876712328767,0,0,55303.91955263156,43976.918535393226
Portena - NL,EU to EU Direct,4004788,Netherlands,VAN DIJK TRANSPORT,AUSNUTRIA KAMPEN B.V,B,Ausnutria Dairy,Managed,119496,FNL WPC 356 NUTING LPD70 20KG MBG,High Fat B/T WPC,Netherlands,WPC,37.12,461984,254196.62062793615,207787.37937206385,597.0210891969349,297.8336088253579,0,11857.924931966532,693.5500000000001,206198.97467404156,1588.404698022293,3503.8189813323925,4746.410958904109,4746.410958904109,4746.410958904109,0,0,194341.04974207503,190837.23076074265
Portena - NL,EU to EU Direct,4004788,Netherlands,VAN DIJK TRANSPORT,AUSNUTRIA KAMPEN B.V,B,Ausnutria Dairy,Managed,119565,FNL LAC NUTING UNMILLED 1000KG BBG,Edible Lactose,Netherlands,Lactose,2352,3137280,1763664.7683715543,1373615.2316284457,30262.79314205153,18871.353662641213,0,39040.13715381218,30448.73,1294032.354823753,79582.87680469274,222009.2199378714,32232.328767123287,32232.328767123287,32232.328767123287,0,0,1254992.2176699408,1032982.9977320693
Portena - NL,EU to EU Direct,4004788,Netherlands,VAN DIJK TRANSPORT,AUSNUTRIA KAMPEN B.V,B,Ausnutria Dairy,Managed,122373,FNL WPC 356 NUTING LPD70 20KG MBG,High Fat B/T WPC,Netherlands,WPC,125.52000000000001,1397904,917748.0410511632,480155.9589488368,2691.741634913767,1007.1140781185057,0,23453.261087312785,2496.84,473960.2632358045,6195.6957130322735,11848.043064031302,14362.027397260274,14362.027397260274,14362.027397260274,0,0,450507.00214849174,438658.95908446045
Portena - NL,EU to EU Direct,4005043,Slovakia,RAJO S.R.O.,RAJO S.R.O.,C,Rajo,Smart Serve,114272,FNL WPC80 CHS 515 20KG MBG,WPC 80% (Cheese),Netherlands,WPC,4.800000000000001,66080,40130.32975310537,25949.67024689463,77.20100291339676,38.51296665845146,0,1015.8543627004588,720.7920000000001,25113.164277322783,836.5059695718484,453.0800406895336,678.9041095890411,678.9041095890411,678.9041095890411,0,0,24097.309914622325,23644.229873932793
Portena - NL,EU to EU Direct,4005101,Ireland,KERRY INGREDIENTS IRELAND LTD,KERRY INGREDIENTS IRELAND LTD,C,Kerry Ingredients,Smart Serve,115984,FNL WPC80 CHS 392 NUTING WTBLD 20KG MBG,WPC 80% (Cheese),Netherlands,WPC,13.8,135020,89975.75496657865,45044.24503342135,221.95288337601568,110.72477914304795,0,3656.1812134940337,3604.54,41107.02737090229,3937.2176625190637,1302.605116982409,2774.3835616438355,2774.3835616438355,1387.1917808219177,887.8027397260273,499.3890410958904,37450.846157408254,36148.24104042585
Portena - NL,EU to EU Direct,4005212,Netherlands,ALPHA C/O BAKKER LOGISTIEK,ALPHA MILKPOWDERS HOLLAND B.V.,C,Alpha Milkpowders,Semi Managed,114133,FNL PL WPC80 CHS INST 20KG MBG,WPC 80% (Cheese),Netherlands,WPC,35.2,174240,134872.54470252572,39367.455297474284,566.1406880315762,282.4284221619774,0,7561.993640444089,0,38518.88618728073,848.5691101935536,3322.5869650565796,1193.4246575342465,1193.4246575342465,1193.4246575342465,0,0,30956.892546836643,27634.305581780063
Portena - NL,EU to EU Direct,4005212,Netherlands,ALPHA C/O BAKKER LOGISTIEK,ALPHA MILKPOWDERS HOLLAND B.V.,C,Alpha Milkpowders,Semi Managed,114273,FNL WPC80 CHS 515 20KG MBG FLSH,WPC 80% (Cheese),Netherlands,WPC,140.8,936320,1092495.397876504,-156175.3979,2264.562752126305,1129.7136886479095,0,36473.702463117734,0,-159569.6743,3394.2764407742143,13290.347860226319,6413.1506849315065,6413.1506849315065,6413.1506849315065,0,0,-196043.3768,-209333.7246
Portena - NL,EU to EU Direct,4005564,Germany,ALPHACAPS GMBH,FONTERRA (EUROPE) COOPERATIE UA,C,Fonterra,Fonterra,114272,FNL WPC80 CHS 515 20KG MBG,WPC 80% (Cheese),Netherlands,WPC,0.02,0,177.5422014851435,-177.5422015,0.3216708454724865,0.16047069441021442,0,4.232726511251911,0,-178.024343,0.4821415398827009,1.8878335028730564,0,0,0,0,0,-182.2570695,-184.144903
Portena - NL,EU to EU Direct,4005565,Germany,ALPHACAPS GMBH,ALPHACAPS GMBH,B,Alphacaps,Semi Managed,114272,FNL WPC80 CHS 515 20KG MBG,WPC 80% (Cheese),Netherlands,WPC,0.42,5610,2922.8029775459354,2687.1970224540646,6.755087754922215,3.369884582614502,0,88.88725673629013,460.56000000000006,2216.512050116528,470.68497233753675,39.644503560334186,57.63698630136986,57.63698630136986,57.63698630136986,0,0,2127.624793380238,2087.9802898199036
Portena - NL,EU to EU Direct,4005872,Germany,ELSDORFER MOLKEREI UND FEINKOS,ELSDORFER MOLKEREI UND FEINKOST,A,Elsdorfer Molkerei,Managed,114272,FNL WPC80 CHS 515 20KG MBG,WPC 80% (Cheese),Netherlands,WPC,174.68,2248170,1388579.0898559422,859590.9101440578,2809.473164356697,1401.5510449788126,0,36968.63334927419,6998.78,848381.1059347223,11209.80420933551,16488.337814093273,23097.636986301368,23097.636986301368,23097.636986301368,0,0,811412.4725854482,794924.1348
Portena - NL,EU to EU Direct,4005872,Germany,ELSDORFER MOLKEREI UND FEINKOS,ELSDORFER MOLKEREI UND FEINKOST,A,Elsdorfer Molkerei,Managed,119540,FNL WPC80 CHS 550 NUTING 20KG BAG,WPC 80% (Cheese),Netherlands,WPC,27.2,204000,198562.20739406013,5437.792605939874,437.47234984258165,218.24014439789156,0,12136.495237944337,1046,3736.0801116994007,1701.7124942404732,2567.4535639073565,2095.890410958904,2095.890410958904,2095.890410958904,0,0,-8400.415126,-10967.86869
Portena - NL,EU to EU Direct,4006145,Sweden,SEMPER AB,SEMPER AB,B,Semper,Semi Managed,115984,FNL WPC80 CHS 392 NUTING WTBLD 20KG MBG,WPC 80% (Cheese),Netherlands,WPC,0.2,1598,1190.4203339159233,407.57966608407673,3.216708454724865,1.6047069441021442,0,52.98813352889904,180.34,222.41825068524972,185.16141539882702,18.878335028730564,49.25342465753425,32.83561643835616,16.41780821917808,21.014794520547945,11.820821917808217,169.43011715635066,150.5517821276201
Portena - NL,EU to EU Direct,4006145,Sweden,SEMPER AB,SEMPER AB,B,Semper,Semi Managed,119209,FNL WPC80 CHS 392 NUTING WTBLD 680KG BBG,WPC 80% (Cheese),Netherlands,WPC,59.84,747144.29,563888.1820660887,183256.10793391138,1132.2813760631525,480.12831767536153,0,29516.01649888058,7069.28,174574.41824017288,8681.689693738514,5648.397840596185,23028.41989726027,15352.279931506848,7676.139965753424,9825.459156164383,5526.820775342466,145058.4017412923,139410.00390069612
Portena - NL,EU to EU Direct,4006145,Sweden,SEMPER AB,SEMPER AB,B,Semper,Semi Managed,120840,FNL WPC80 CHS 392 NUTING 680KG BBG,WPC 80% (Cheese),Netherlands,WPC,179.52,2088522.21,1176429.3320969911,912092.8779030088,3396.8441281894575,1440.3849530260845,0,24616.13427534873,21329.32,885926.3288217933,26166.54908121554,16945.193521788555,64372.25989726027,42914.839931506845,21457.419965753423,27465.49755616438,15449.342375342465,861310.1945464446,844365.001
Portena - NL,EU to EU Direct,4006145,Sweden,SEMPER AB,SEMPER AB,B,Semper,Semi Managed,122609,FNL WPC80 CHS 392 NUTING RB 680KG BBG,WPC 80% (Cheese),Netherlands,WPC,14.96,169796,75146.13839911472,94649.86160088528,283.0703440157881,120.03207941884038,0,4839.888341762045,1767.32,92479.43917745065,2170.4224234346284,1412.0994601490463,5233.438356164384,3488.9589041095887,1744.4794520547944,2232.933698630137,1256.0252054794519,87639.55083568861,86227.45137553956
Portena - NL,EU to EU Direct,4006358,Germany,AMINOLABS DEUTSCHLAND GMBH,AMINOLABS,A,Aminolabs,Managed,114132,FNL WPC80 CHS 450 INST 20KG MBG,WPC 80% (Cheese),Netherlands,WPC,354.34000000000003,2801431,2455950.3183836355,345480.6816163645,5699.042369236044,2843.059292865769,0,48937.32127640992,14885.920000000002,322052.6599542627,23428.021662101815,33446.746170401944,43172.738013698625,43172.738013698625,28781.825342465752,9210.18411,5180.728561643835,273115.3386778528,239668.59250745087
Portena - NL,EU to EU Direct,4006358,Germany,AMINOLABS DEUTSCHLAND GMBH,AMINOLABS,A,Aminolabs,Managed,114266,FNL WPI 894-INST MF 20KG MBG,Whey Protein Isolate,Netherlands,WPC,48.400000000000006,620320,400889.58265555464,219430.41734444536,778.4434460434173,388.3390804727189,0,14797.73743624201,2783.67,215479.96481792923,3950.4525265161365,4568.557076952797,9559.726027397259,9559.726027397259,6373.1506849315065,2039.4082191780822,1147.167123287671,200682.2273816872,196113.6703047344
Portena - NL,EU to EU Direct,4006358,Germany,AMINOLABS DEUTSCHLAND GMBH,AMINOLABS,A,Aminolabs,Managed,121155,MILEI WHEYFRAC LF 95% 10KG CTN,Whey Fractions,Germany,Whey,0.06,39500,15517.073720232424,23982.926279767576,4.288944606299821,0.48141208323064316,0,275.04826386605293,431.7,23546.455923078047,436.47035668953043,5.663500508619169,608.7328767123288,608.7328767123288,405.82191780821915,129.8630136986301,73.04794520547944,23271.407659211993,23265.74415870337
Portena - NL,EU to EU Direct,4006397,Germany,HUEGLI NAHRUNGSMITTEL GMBH,HUEGLI NAHRUNGSMITTEL GMBH,C,Huegli,Semi Managed,114266,FNL WPI 894-INST MF 20KG MBG,Whey Protein Isolate,Netherlands,WPC,1.6,18160,13207.538236151333,4952.461763848667,25.73366763779892,12.837655552817154,0,489.18140285097553,452.42,4461.470440658051,490.9913231906161,151.02668022984452,186.5753424657534,186.5753424657534,186.5753424657534,0,0,3972.2890378070756,3821.262357577231
Portena - NL,EU to EU Direct,4006405,Germany,CONDIO GMBH WERDER,CONDIO GMBH,A,Condio,Managed,114272,FNL WPC80 CHS 515 20KG MBG,WPC 80% (Cheese),Netherlands,WPC,350.36,4059785,2531263.298053231,1528521.701946769,5635.0298709870185,2811.125624678136,0,74148.90302411099,16831.58,1503243.9664511038,25277.735495665154,33071.0673,62565.17979452055,62565.17979452055,41710.11986301369,13347.238356164382,7507.821575342465,1429095.0634269929,1396023.9961236627
Portena - NL,EU to EU Direct,4006405,Germany,CONDIO GMBH WERDER,CONDIO GMBH,A,Condio,Managed,119540,FNL WPC80 CHS 550 NUTING 20KG BAG,WPC 80% (Cheese),Netherlands,WPC,10.4,145600,99632.03869475138,45967.961305248624,167.2688396,83.44476109331148,0,4640.424649802247,0,45717.24770450962,250.71360073900448,981.6734214939894,2243.835616438356,2243.835616438356,1495.890410958904,478.68493150684935,269.2602739726027,41076.82305470737,40095.14963321338
Portena - NL,EU to EU Direct,4006508,Bulgaria,MILKY GROUP BIO EAD,MILKY GROUP BIO EAD,C,Milky Group,Smart Serve,114132,FNL WPC80 CHS 450 INST 20KG MBG,WPC 80% (Cheese),Netherlands,WPC,0.8,4720,5130.553100093544,-410.5531001,12.86683381889946,6.418827776408577,0,110.48669927506897,0,-429.8387617,19.285661595308035,75.51334011492226,48.49315068493151,48.49315068493151,48.49315068493151,0,0,-540.325461,-615.8388011
Portena - NL,EU to EU Direct,4006508,Bulgaria,MILKY GROUP BIO EAD,MILKY GROUP BIO EAD,C,Milky Group,Smart Serve,114266,FNL WPI 894-INST MF 20KG MBG,Whey Protein Isolate,Netherlands,WPC,18.400000000000002,139600,142040.1663536011,-2440.166354,295.9371778346876,147.63303885739725,0,5625.586132786219,0,-2883.73657,443.57021669208484,1736.8068226432122,1434.2465753424656,1434.2465753424656,1434.2465753424656,0,0,-8509.322703,-10246.12953
Portena - NL,EU to EU Direct,4007050,Belgium,KLINGELE CHOCOLADE NV,KLINGELE CHOCOLADE NV,C,Klingele Chocolade,Smart Serve,114272,FNL WPC80 CHS 515 20KG MBG,WPC 80% (Cheese),Netherlands,WPC,2.4000000000000004,27360,16022.44870681936,11337.55129318064,38.60050145669838,19.25648332922573,0,507.9271813502294,404.34000000000003,10875.354308394717,462.19698478592414,226.5400203447668,281.0958904109589,281.0958904109589,281.0958904109589,0,0,10367.427127044488,10140.887106699722
Portena - NL,EU to EU Direct,4007759,Netherlands,HEARTHSIDE EUROPE,HEARTHSIDE EUROPE,C,Hearthside,Semi Managed,114272,FNL WPC80 CHS 515 20KG MBG,WPC 80% (Cheese),Netherlands,WPC,0.8,11600,6836.936477900553,4763.063522099447,12.86683381889946,6.418827776408577,0,169.30906045007646,68.52,4675.257860504139,87.80566159530804,75.51334011492226,119.17808219178082,119.17808219178082,119.17808219178082,0,0,4505.948800054062,4430.43546
Portena - NL,EU to EU Direct,4007987,Netherlands,VAN LINDENBERG INGREDIENTS B.V,VAN LINDENBERG INGREDIENTS B.V.,B,Van Lindenberg Trading,Semi Managed,114132,FNL WPC80 CHS 450 INST 20KG MBG,WPC 80% (Cheese),Netherlands,WPC,158.4,739200,904596.6275917122,-165396.6276,2547.633096142093,1270.927899728898,0,21876.366456463657,0,-169215.1886,3818.560995870991,14951.641342754609,7594.520547945205,7594.520547945205,7594.520547945205,0,0,-191091.555,-206043.1964
Portena - NL,EU to EU Direct,4007987,Netherlands,VAN LINDENBERG INGREDIENTS B.V,VAN LINDENBERG INGREDIENTS B.V.,B,Van Lindenberg Trading,Semi Managed,114133,FNL PL WPC80 CHS INST 20KG MBG,WPC 80% (Cheese),Netherlands,WPC,35.2,165440,134872.4982965388,30567.501703461196,566.1406880315762,282.4284221619774,0,7561.993640444089,0,29718.932593267644,848.5691101935536,3322.5869650565796,1699.7260273972602,1699.7260273972602,1699.7260273972602,0,0,22156.938952823555,18834.351987766975
Portena - NL,EU to EU Direct,4007987,Netherlands,VAN LINDENBERG INGREDIENTS B.V,VAN LINDENBERG INGREDIENTS B.V.,B,Van Lindenberg Trading,Semi Managed,115536,FNL LAC MHYD 100M NZMP 25KG MBG,Edible Lactose,Netherlands,Lactose,49.5,43503.75,41707.393468009774,1796.3565319902264,566.1406880315762,397.16496866528064,0,1039.7832460242578,0,833.0508752933695,963.3056566968569,4672.387919610814,446.9563356164383,446.9563356164383,446.9563356164383,0,0,-206.7323707,-4879.12029
Portena - NL,EU to EU Direct,4007987,Netherlands,VAN LINDENBERG INGREDIENTS B.V,VAN LINDENBERG INGREDIENTS B.V.,B,Van Lindenberg Trading,Semi Managed,120208,FNL WPC80 680KG BBG,WPC 80% (Cheese),Netherlands,WPC,70.72,427584,512185.2008,-84601.2008,1338.150717165544,567.4243754345181,0,13085.266715976331,0,-86506.77589,1905.575092600062,6675.379266159128,4392.986301369863,4392.986301369863,4392.986301369863,0,0,-99592.04261,-106267.4219
Portena - NL,EU to EU Direct,4007987,Netherlands,VAN LINDENBERG INGREDIENTS B.V,VAN LINDENBERG INGREDIENTS B.V.,B,Van Lindenberg Trading,Semi Managed,121810,TR FNL WPC80 CHS 450 INST SOYA 20KG MBG,WPC 80% (Cheese),Netherlands,WPC,34.68,162996,351024.2754,-188028.2754,557.7772460492915,278.25618410731175,0,23600.87682283177,0,-188864.3088,836.0334301566033,3273.503294,1674.6164383561643,1674.6164383561643,1674.6164383561643,0,0,-212465.1856,-215738.6889
Portena - NL,EU to EU Direct,4007987,Netherlands,VAN LINDENBERG INGREDIENTS B.V,VAN LINDENBERG INGREDIENTS B.V.,B,Van Lindenberg Trading,Semi Managed,122037,TR FNL WPC80 CHS 450 INST SOY FLUSH 20KG,WPC 80% (Cheese),Netherlands,WPC,3.68,17296,30110.712062663184,-12814.71206,59.18743556693751,29.526607771479455,0,2025.4737556561086,0,-12903.42611,88.71404333841696,347.3613645286424,177.69863013698628,177.69863013698628,177.69863013698628,0,0,-14928.89986,-15276.26123
Portena - NL,EU to EU Direct,4008212,Germany,GEORG PARLASCA KEKSFABRIK GMBH,GEORG PARLASCA KEKSFABRIK GMBH,C,Georg Parlasca Keksfabrik,Smart Serve,114272,FNL WPC80 CHS 515 20KG MBG,WPC 80% (Cheese),Netherlands,WPC,13.200000000000001,187680,100434.2893,87245.71074,212.3027580118411,105.91065831074152,0,2793.599497426261,1947.01,84980.48732071742,2265.2234163225826,1245.9701118962173,1928.2191780821918,1928.2191780821918,1928.2191780821918,0,0,82186.88782329117,80940.91771139496
Portena - NL,EU to EU Direct,4009188,Finland,VALIO OY,VALIO LTD,C,Valio,Smart Serve,115059,FNL LAC 100M NUTAPP WETBLD 1000KG BBG,Edible Lactose,Netherlands,Lactose,120,180360,87100.96893146212,93259.03106853788,1544.0200582679352,962.8241664612865,0,4303.906132000743,12195.880000000001,78556.30684380865,14702.724224729223,11327.001017238337,2779.520547945205,2779.520547945205,1853.0136986301368,592.9643835616438,333.5424657534246,74252.40071,62925.39969456957
Portena - NL,EU to EU Direct,4009408,France,DOSSIN LOGISTIQUE,AZELIS FRANCE SAS,C,Azelis,Semi Managed,115536,FNL LAC MHYD 100M NZMP 25KG MBG,Edible Lactose,Netherlands,Lactose,118.125,129228.75,89127.14354696023,40101.60645303977,1351.0175509844432,947.7800388603289,0,2481.3009280124334,4257.500000000001,33545.308863194994,6556.297589844773,11150.016626343988,2655.3852739726026,2655.3852739726026,1327.6926369863013,849.7232876712328,477.9693493150684,31064.007935182563,19913.991308838573
Portena - NL,EU to EU Direct,4009756,Spain,SPORTS NUTRITION HOUSE S.L.,SPORTS NUTRITION HOUSE S.L.,C,Sports Nutrition House,Smart Serve,114068,FNL WPC80 CHS 392 20KG MBG,WPC 80% (Cheese),Netherlands,WPC,10.4,104000,99752.96587819254,4247.034121807461,167.2688396,83.44476109331148,0,3573.436788411451,1569.49,2426.8305210684566,1820.2036007390045,981.6734214939894,854.7945205479451,854.7945205479451,854.7945205479451,0,0,-1146.606267,-2128.279689
Portena - NL,EU to EU Direct,4009756,Spain,SPORTS NUTRITION HOUSE S.L.,SPORTS NUTRITION HOUSE S.L.,C,Sports Nutrition House,Smart Serve,114132,FNL WPC80 CHS 450 INST 20KG MBG,WPC 80% (Cheese),Netherlands,WPC,28,236520,206050.50572857767,30469.49427142233,450.3391836614811,224.65897217430017,0,3867.0344746274136,3989.5645454545456,25804.93157,4664.562701290327,2642.966904022279,1944,1944,1944,0,0,21937.897095504588,19294.930191482308
Portena - NL,EU to EU Direct,4009756,Spain,SPORTS NUTRITION HOUSE S.L.,SPORTS NUTRITION HOUSE S.L.,C,Sports Nutrition House,Smart Serve,114266,FNL WPI 894-INST MF 20KG MBG,Whey Protein Isolate,Netherlands,WPC,32,365200,261482.72839224245,103717.27160775755,514.6733527559784,256.7531111,0,9783.628057019512,5702.605454545455,97243.23968939976,6474.031918357777,3020.5336045968907,3001.643835616438,3001.643835616438,3001.643835616438,0,0,87459.61163238026,84439.07802778337
Portena - NL,EU to EU Direct,4009785,Germany,PRIVATMOLKEREI BAUER GMBH & CO,PRIVATMOLKEREI BAUER GMBH & CO. KG,C,Privatmolkerei Bauer,Smart Serve,114272,FNL WPC80 CHS 515 20KG MBG,WPC 80% (Cheese),Netherlands,WPC,13.6,155200,89671.42684188897,65528.57315811103,218.73617492129083,109.12007219894578,0,2878.2540276512996,2572.5,62628.21691099079,2900.3562471202367,1283.7267819536783,1594.5205479452054,1594.5205479452054,1594.5205479452054,0,0,59749.96288333949,58466.23610138581
Portena - NL,EU to EU Direct,4009899,France,EPILOG C/O GEONOSIS,SO SHAPE SAS,C,So Shape,Smart Serve,115984,FNL WPC80 CHS 392 NUTING WTBLD 20KG MBG,WPC 80% (Cheese),Netherlands,WPC,7.2,72648,69136.08784501122,3511.9121549887786,115.80150437009515,57.76944998767719,0,1907.5728070403654,494.51142857142855,2843.829772059578,668.0823829292009,679.6200610343003,0,0,0,0,0,936.2569650192124,256.6369039849121
Portena - NL,EU to EU Direct,4010262,Italy,ALBORS SRL,ALBORS SRL,C,Albors,Smart Serve,115536,FNL LAC MHYD 100M NZMP 25KG MBG,Edible Lactose,Netherlands,Lactose,2.25,2137.5,1643.354098444015,494.1459015559849,25.73366763779892,18.05295312114912,0,47.26287481928444,0,450.35928079703683,43.78662075894804,212.38126907321885,0,0,0,0,0,403.0964059777524,190.71513690453355
Portena - NL,EU to EU Direct,4010538,France,STG LOG,OLGA,B,Laiterie Triballat,Smart Serve,114132,FNL WPC80 CHS 450 INST 20KG MBG,WPC 80% (Cheese),Netherlands,WPC,334.40000000000003,3246707.2,2475290.356297511,771416.8437,5378.336536299974,2683.070010538785,0,46183.44029697883,29223.519999999993,734131.9171556503,37284.92654683875,31564.576168037507,33356.58082191781,33356.58082191781,33356.58082191781,0,0,687948.4768586715,656383.9007
Portena - NL,EU to EU Direct,4010538,France,STG LOG,OLGA,B,Laiterie Triballat,Smart Serve,114266,FNL WPI 894-INST MF 20KG MBG,Whey Protein Isolate,Netherlands,WPC,123.18,1898670,1118796.2323263765,779873.7676736235,1981.1707372650442,988.3390068725105,0,37660.85325198948,10766.559999999998,766137.6979294859,13736.069744137552,11627.166544195155,19506.883561643834,19506.883561643834,19506.883561643834,0,0,728476.8446774965,716849.6781333013
Portena - NL,EU to EU Direct,4010728,Austria,FRESENIUS KABI AUSTRIA GMBH,FRESENIUS KABI AUSTRIA GMBH,A,Fresenius,Managed,116048,FNL LAC MHYD 100M 1000KG BBG,Edible Lactose,Netherlands,Lactose,5984,6591200,4225256.494723312,2365943.5052766884,76995.13357229436,48012.831767536154,0,79103.20682985106,395923.19999999995,1845012.339936858,520931.16533983045,564839.7840596185,79004.10959,79004.10959,67717.80821917808,7223.232876712328,4063.0684931506844,1765909.133107007,1201069.3490473884
Portena - NL,EU to EU Direct,4011283,Italy,BICT  SRL,BICT  SRL,C,BICT,Semi Managed,121155,MILEI WHEYFRAC LF 95% 10KG CTN,Whey Fractions,Germany,Whey,0.56,260700,130774.72385009895,129925.27614990105,40.03014965879832,4.493179443486004,0,2567.1171294164938,1664.3700000000001,128216.38282079877,1708.8933291022845,52.85933808044558,5356.849315068493,5356.849315068493,2678.4246575342463,1714.1917808219177,964.2328767123287,125649.26569138227,125596.40635330182
Portena - NL,EU to EU Direct,4011283,Italy,BICT  SRL,BICT  SRL,C,BICT,Semi Managed,122348,MILEI WHEYFRAC LF 95% 9X1KG CTN,Whey Fractions,Germany,Whey,0.144,52425,33567.437649501044,18857.562350498956,10.293467055119569,1.1553889997535436,0,181.55465074850324,739.72,18106.393494444084,751.1688560548731,13.592401220686005,1077.2260273972602,1077.2260273972602,538.6130136986301,344.7123287671233,193.90068493150685,17924.838843695583,17911.246442474898
Portena - NL,EU to EU Direct,4011582,Germany,RUDOLF ROSE SPEDITION,INDUSTRIEBERATUNG J.KNOBEL GMBH,C,Industrieberatung J.Knobel,Smart Serve,114068,FNL WPC80 CHS 392 20KG MBG,WPC 80% (Cheese),Netherlands,WPC,86.04,579860,733702.8102048949,-153842.8102,1383.827977222637,690.3449273527424,0,29563.317430280887,2788.040240963855,-158705.0234,4862.213145539234,8121.459729359889,8936.198630136985,8936.198630136985,5957.465753424657,1906.3890410958904,1072.3438356164384,-188268.3408,-196389.8005
Portena - NL,EU to EU Direct,4011582,Germany,RUDOLF ROSE SPEDITION,INDUSTRIEBERATUNG J.KNOBEL GMBH,C,Industrieberatung J.Knobel,Smart Serve,114130,FNL PL WPC80 CHS 20KG MBG,WPC 80% (Cheese),Netherlands,WPC,3.68,29440,28146.41013932676,1293.5898606732408,59.18743556693751,29.526607771479455,0,834.7008528873855,100.83975903614451,1104.0360582986793,189.55380237456149,347.3613645286424,453.69863013698625,453.69863013698625,302.4657534246575,96.78904109589041,54.44383561643835,269.3352054112938,-78.02615912
Portena - NL,EU to EU Direct,4011585,Netherlands,LABORATORIUM MEDISAN B.V,LABORATORIUM MEDISAN B.V,C,Laboratorium Medisan,Smart Serve,121155,MILEI WHEYFRAC LF 95% 10KG CTN,Whey Fractions,Germany,Whey,0.02,14200,5664.347879562149,8535.652120437851,1.4296482020999401,0.16047069441021442,0,91.68275462201764,460,8074.0620015413415,461.59011889651015,1.8878335028730564,34.04109589041096,34.04109589041096,34.04109589041096,0,0,7982.379246919324,7980.491413416451
Portena - NL,EU to EU Direct,4011699,Switzerland,SPONSER SPORT FOOD AG,SPONSER SPORT FOOD AG,C,Sponser Sport Food,Smart Serve,114068,FNL WPC80 CHS 392 20KG MBG,WPC 80% (Cheese),Netherlands,WPC,52.800000000000004,430320,451318.4996616322,-20998.49966,849.2110320473644,423.6426332429661,0,18142.06369501198,5850,-28121.35333,7122.853665,4983.880447584869,4421.095890410958,4421.095890410958,4421.095890410958,0,0,-46263.41702,-51247.29747
Portena - NL,EU to EU Direct,4012175,Poland,BEMPRESA SP. Z O.O.,ZAKLAD PRODUKCYJNY BEMPRESA,C,Bempresa,Smart Serve,114068,FNL WPC80 CHS 392 20KG MBG,WPC 80% (Cheese),Netherlands,WPC,35.2,320320,357100.70080883504,-36780.70081,566.1406880315762,282.4284221619774,0,12094.709130007988,0,-37629.26992,848.5691101935536,3322.5869650565796,3290.9589041095887,3290.9589041095887,3290.9589041095887,0,0,-49723.97905,-53046.56601
Portena - NL,EU to EU Direct,4012175,Poland,BEMPRESA SP. Z O.O.,ZAKLAD PRODUKCYJNY BEMPRESA,C,Bempresa,Smart Serve,114104,FNL WPC 356 20KG MBG,High Fat B/T WPC,Netherlands,WPC,52.82000000000001,396000,417641.24180119665,-21641.2418,849.5327028928369,423.8031039373763,0,11636.815645074956,287.24,-23201.81761,1560.5758068302132,4985.768281087742,4068.493150684931,4068.493150684931,4068.493150684931,0,0,-34838.63325,-39824.40153
Portena - NL,EU to EU Direct,4012175,Poland,BEMPRESA SP. Z O.O.,ZAKLAD PRODUKCYJNY BEMPRESA,C,Bempresa,Smart Serve,114130,FNL PL WPC80 CHS 20KG MBG,WPC 80% (Cheese),Netherlands,WPC,17.6,144936,134620.0888691142,10315.911130885797,283.0703440157881,141.2142110809887,0,3992.0475572874957,0,9891.626575789021,424.2845550967768,1661.2934825282896,1489.0684931506848,1489.0684931506848,1489.0684931506848,0,0,5899.579018501526,4238.285535973237
Portena - NL,EU to EU Direct,4012217,Sweden,UNIVAR SOLUTIONS AB,UNIVAR SOLUTIONS B.V.,B,Univar Solutions,Managed,114132,FNL WPC80 CHS 450 INST 20KG MBG,WPC 80% (Cheese),Netherlands,WPC,99.2,461680,592732.1258853995,-131052.1259,1595.487393543533,795.9346442746634,0,13700.35071010855,0,-133443.5479,2391.4220378181963,9363.654174,9486.575342465752,9486.575342465752,4743.287671232876,3035.704109589041,1707.5835616438355,-147143.8986,-156507.5528
Portena - NL,EU to EU Direct,4012217,Sweden,UNIVAR SOLUTIONS AB,UNIVAR SOLUTIONS B.V.,B,Univar Solutions,Managed,114266,FNL WPI 894-INST MF 20KG MBG,Whey Protein Isolate,Netherlands,WPC,10.4,73840,86009.31813595924,-12169.31814,167.2688396,83.44476109331148,0,3179.679118531341,0,-12420.03174,250.71360073900448,981.6734214939894,1517.2602739726026,1517.2602739726026,758.6301369863013,485.5232876712328,273.1068493150685,-15599.71086,-16581.38428
Portena - NL,EU to EU Switch,4012219,United Kingdom,GREGORYS DISTRIBUTION LTD,SAPUTO DAIRY UK,B,Saputo Dairy,Semi Managed,113998,FNL LAC MHYD UNMILLED 1000KG,Edible Lactose,Netherlands,Lactose,2287,3008950.44,3144438.955,-135488.5148,29426.448943823067,18349.823905808018,0,48844.962302523956,264629.23000000004,-447894.0176,312405.5028496311,215873.7611,47632.81294520548,47632.81294520548,30913.874383561644,10700.120679452055,6018.817882191781,-496738.9799,-712612.741
Portena - NL,EU to EU Direct,4012229,Sweden,INPAC I LUND AB,INPAC I LUND AB,C,Fonterra,Fonterra,114266,FNL WPI 894-INST MF 20KG MBG,Whey Protein Isolate,Netherlands,WPC,8,88880,69784.41997950431,19095.58002049569,128.6683381889946,64.18827776408575,0,2445.9070142548776,907.6500000000001,17995.07340454261,1100.5066159530804,755.13340114922255,913.1506849315068,913.1506849315068,913.1506849315068,0,0,15549.166390287734,14794.032989138512
Portena - NL,EU to EU Direct,4012348,Finland,VALIO OY,VALIO LTD,C,Valio,Smart Serve,115059,FNL LAC 100M NUTAPP WETBLD 1000KG BBG,Edible Lactose,Netherlands,Lactose,48,82080,34840.38757258485,47239.61242741515,617.6080233071741,385.12966658451455,0,1721.5624528002973,7106.86,39130.01473752347,8109.597689891689,4530.800406895335,1264.931506849315,1264.931506849315,843.2876712328766,269.85205479452054,151.7917808219178,37408.45228472317,32877.65187782783
Portena - NL,EU to EU Direct,4012630,Germany,KIPPING LAGER-HANDEL-LOGISTIK,ANONA GMBH,A,Anona,Managed,114068,FNL WPC80 CHS 392 20KG MBG,WPC 80% (Cheese),Netherlands,WPC,35.2,383680,326506.5150338433,57173.48496615671,566.1406880315762,282.4284221619774,0,12094.709130007988,1685.6,54639.31585596316,2534.1691101935535,3322.5869650565796,7883.835616438356,7883.835616438356,3941.917808219178,2522.8273972602738,1419.090410958904,42544.60672595518,39222.01976
Portena - NL,EU to EU Direct,4012630,Germany,KIPPING LAGER-HANDEL-LOGISTIK,ANONA GMBH,A,Anona,Managed,114132,FNL WPC80 CHS 450 INST 20KG MBG,WPC 80% (Cheese),Netherlands,WPC,228.8,1846064,1675488.4519836186,170575.54801638145,3679.9144722052456,1835.7847440528528,0,31599.195992669724,10948.14,154111.70880012336,16463.839216258097,21596.815272867767,37932.82191780822,37932.82191780822,18966.41095890411,12138.50301369863,6827.907945205479,122512.51280745363,100915.69753458587
Portena - NL,EU to EU Direct,4012630,Germany,KIPPING LAGER-HANDEL-LOGISTIK,ANONA GMBH,A,Anona,Managed,114266,FNL WPI 894-INST MF 20KG MBG,Whey Protein Isolate,Netherlands,WPC,79.2,1068320,681050.3466,387269.6534,1273.8165480710466,635.4639499,0,24214.47944112329,3975.8599999999997,381384.5128639955,5885.140497935496,7475.820671377304,21951.780821917808,21951.780821917808,10975.890410958904,7024.5698630136985,3951.320547945205,357170.0334228722,349694.2127514949
Portena - NL,EU to EU Direct,4012630,Germany,KIPPING LAGER-HANDEL-LOGISTIK,ANONA GMBH,A,Anona,Managed,114272,FNL WPC80 CHS 515 20KG MBG,WPC 80% (Cheese),Netherlands,WPC,28.8,386800,213951.35567666357,172848.64432333643,463.2060174803806,231.07779995070877,0,6095.126176202752,2549.6099999999997,169604.75050590534,3243.893817431089,2718.480244137201,7947.945205479451,7947.945205479451,3973.9726027397255,2543.342465753424,1430.630136986301,163509.62432970258,160791.14408556538
Portena - NL,EU to EU Direct,4012675,Belgium,MEDIX LABORATOIRES NV,MEDIX LABORATOIRES NV,C,Medix Laboratoires,Semi Managed,114068,FNL WPC80 CHS 392 20KG MBG,WPC 80% (Cheese),Netherlands,WPC,44.800000000000004,420320,440495.2070144078,-20175.20701,720.5426938583697,359.4543554788803,0,15393.266165464713,1676.6145454545454,-22931.81861,2756.611594791795,4228.747046435647,3869.589041,3869.589041,3869.589041,0,0,-38325.08477,-42553.83182
Portena - NL,EU to EU Direct,4012675,Belgium,MEDIX LABORATOIRES NV,MEDIX LABORATOIRES NV,C,Medix Laboratoires,Semi Managed,114104,FNL WPC 356 20KG MBG,High Fat B/T WPC,Netherlands,WPC,8,32000,59598.694190966795,-27598.69419,128.6683381889946,64.18827776408575,0,1762.486277179092,299.39545454545447,-28090.94626,492.2520704985348,755.13340114922255,0,0,0,0,0,-29853.43254,-30608.56594
Portena - NL,EU to EU Direct,4012675,Belgium,MEDIX LABORATOIRES NV,MEDIX LABORATOIRES NV,C,Medix Laboratoires,Semi Managed,114132,FNL WPC80 CHS 450 INST 20KG MBG,WPC 80% (Cheese),Netherlands,WPC,88,651200,596657.6630723749,54542.33692762512,1415.3517200789406,706.0710554049434,0,12153.536920257586,3293.35,49127.56415214123,5414.772775483883,8306.467412641448,4509.698630136986,4509.698630136986,4509.698630136986,0,0,36974.02723188365,28667.559819242204
Portena - NL,EU to EU Direct,4012760,Denmark,FAYREFIELD FOODS A/S,FAYREFIELD FOODS A/S,A,Fayrefield,Semi Managed,114272,FNL WPC80 CHS 515 20KG MBG,WPC 80% (Cheese),Netherlands,WPC,703.84,8646480,5361468.148247058,3285011.8517529424,11320.240393867743,5647.284677684265,0,148958.11138397726,54549.6,3213494.7266813903,71517.12507,66436.63663,133250.54794520547,133250.54794520547,88833.69863013698,28426.783561643835,15990.065753424657,3064536.615297413,2998099.978664304
Portena - NL,EU to EU Direct,4012906,Netherlands,FARMEL DAIRY PRODUCTS B.V.,FARMEL DAIRY PRODUCTS B.V.,C,Farmel Dairy Products,Semi Managed,115536,FNL LAC MHYD 100M NZMP 25KG MBG,Edible Lactose,Netherlands,Lactose,23.625,20790,18217.238632366694,2572.761367633306,270.20351019688866,189.55600777206575,0,496.2601856024867,0,2113.0018496643515,459.7595179689544,2230.0033252687977,213.5958904109589,213.5958904109589,213.5958904109589,0,0,1616.7416640618649,-613.2616612
Portena - NL,EU to EU Switch,4013184,United Kingdom,PRINOVA SOLUTIONS EUROPE LIMIT,PRINOVA SOLUTIONS EUROPE LIMITED,C,Prinova Group,Smart Serve,114266,FNL WPI 894-INST MF 20KG MBG,Whey Protein Isolate,Netherlands,WPC,1.6,29760,23965.905994165252,5794.094005834748,25.73366763779892,12.837655552817154,0,489.18140285097553,338.69,5416.832682644132,377.26132319061605,151.02668022984452,305.75342465753425,305.75342465753425,305.75342465753425,0,0,4927.651279793156,4776.624599563312
Portena - NL,EU to EU Direct,4013669,Netherlands,FEED & FOOD C/O JONKER & SCHUT,FEED & FOOD TRADING BV,C,Feed & Food,Semi Managed,114803,SAPDUK GOS 57% K/HAL/MUI 1200KG BBN,Edible Lactose,United Kingdom,Lactose,3.6,180,872.3067795051054,-692.3067795,38.60050145669838,28.884724993838596,0,78.95569321135048,0,-759.792006,67.48522645053697,339.81003051715015,1.8493150684931505,1.8493150684931505,1.8493150684931505,0,0,-838.7476992,-1178.55773
Portena - NL,EU to EU Direct,4013669,Netherlands,FEED & FOOD C/O JONKER & SCHUT,FEED & FOOD TRADING BV,C,Feed & Food,Semi Managed,116048,FNL LAC MHYD 100M 1000KG BBG,Edible Lactose,Netherlands,Lactose,7,2625,4050.2095081477246,-1425.209508,90.06783673229621,56.164743043575044,0,92.53383151887657,0,-1571.442088,146.23257977587127,660.7417260055697,26.969178082191778,26.969178082191778,26.969178082191778,0,0,-1663.975919,-2324.717645
Portena - NL,EU to EU Direct,4013679,Netherlands,VAN DALEN C/O JONKER & SCHUT B,VAN DALEN DAIRY TRADING BV.,C,Van Dalen Dairy Trading,Smart Serve,113998,FNL LAC MHYD UNMILLED 1000KG,Edible Lactose,Netherlands,Lactose,2,800,1556.7226035061542,-756.7226035,25.73366763779892,16.04706944102144,0,42.715314650217714,0,-798.5033406,41.78073707882036,188.78335028730564,4.109589041,4.109589041,4.109589041,0,0,-841.2186552,-1030.002006
Portena - NL,EU to EU Direct,4013679,Netherlands,VAN DALEN C/O JONKER & SCHUT B,VAN DALEN DAIRY TRADING BV.,C,Van Dalen Dairy Trading,Smart Serve,114068,FNL WPC80 CHS 392 20KG MBG,WPC 80% (Cheese),Netherlands,WPC,0.06,216,541.4170384185005,-325.4170384,0.9650125364174594,0.48141208323064316,0,20.615981471604524,0,-326.863463,1.4464246196481025,5.663500508619169,1.1095890410958904,1.1095890410958904,1.1095890410958904,0,0,-347.4794445,-353.142945
Portena - NL,EU to EU Direct,4013679,Netherlands,VAN DALEN C/O JONKER & SCHUT B,VAN DALEN DAIRY TRADING BV.,C,Van Dalen Dairy Trading,Smart Serve,114132,FNL WPC80 CHS 450 INST 20KG MBG,WPC 80% (Cheese),Netherlands,WPC,0.1,360,658.4996737279098,-298.4996737,1.6083542273624325,0.8023534720510721,0,13.810837409383621,0,-300.9103814,2.4107076994135044,9.439167514365282,1.8493150684931505,1.8493150684931505,1.8493150684931505,0,0,-314.7212188,-324.1603864
Portena - NL,EU to EU Direct,4013679,Netherlands,VAN DALEN C/O JONKER & SCHUT B,VAN DALEN DAIRY TRADING BV.,C,Van Dalen Dairy Trading,Smart Serve,114266,FNL WPI 894-INST MF 20KG MBG,Whey Protein Isolate,Netherlands,WPC,0.02,72,156.50313327722307,-84.50313328,0.3216708454724865,0.16047069441021442,0,6.114767535637194,0,-84.98527482,0.4821415398827009,1.8878335028730564,0.3698630136986301,0.3698630136986301,0.3698630136986301,0,0,-91.10004235,-92.98787586
Portena - NL,EU to EU Direct,4013679,Netherlands,VAN DALEN C/O JONKER & SCHUT B,VAN DALEN DAIRY TRADING BV.,C,Van Dalen Dairy Trading,Smart Serve,114272,FNL WPC80 CHS 515 20KG MBG,WPC 80% (Cheese),Netherlands,WPC,0.02,72,124.09177916812625,-52.09177917,0.3216708454724865,0.16047069441021442,0,4.232726511251911,0,-52.57392071,0.4821415398827009,1.8878335028730564,0.3698630136986301,0.3698630136986301,0.3698630136986301,0,0,-56.80664722,-58.69448072
Portena - NL,EU to EU Direct,4013679,Netherlands,VAN DALEN C/O JONKER & SCHUT B,VAN DALEN DAIRY TRADING BV.,C,Van Dalen Dairy Trading,Smart Serve,114273,FNL WPC80 CHS 515 20KG MBG FLSH,WPC 80% (Cheese),Netherlands,WPC,0.04,144,286.15767828985844,-142.1576783,0.643341691,0.32094138882042883,0,10.361847290658446,0,-143.1219614,0.9642830797654018,3.775667005746113,0.7397260273972602,0.7397260273972602,0.7397260273972602,0,0,-153.4838087,-157.2594757
Portena - NL,EU to EU Direct,4013679,Netherlands,VAN DALEN C/O JONKER & SCHUT B,VAN DALEN DAIRY TRADING BV.,C,Van Dalen Dairy Trading,Smart Serve,114917,FNL WPC80 CHS 392 JP 20KG MBG,WPC 80% (Cheese),Netherlands,WPC,0.16,576,1376.0565809359348,-800.0565809,2.573366763779892,1.2837655552817153,0,87.39470335576635,0,-803.9137133,3.8571323190616074,15.102668022984451,2.958904109589041,2.958904109589041,2.958904109589041,0,0,-891.3084166,-906.4110846
Portena - NL,EU to EU Direct,4013679,Netherlands,VAN DALEN C/O JONKER & SCHUT B,VAN DALEN DAIRY TRADING BV.,C,Van Dalen Dairy Trading,Smart Serve,115074,FNL LAC 100M MHYD 1000KG BBG,Edible Lactose,Netherlands,Lactose,2,800,1710.0434613950017,-910.0434614,25.73366763779892,16.04706944102144,0,25.51426156418132,0,-951.8241985,41.78073707882036,188.78335028730564,4.109589041,4.109589041,4.109589041,0,0,-977.33846,-1166.12181
Portena - NL,EU to EU Direct,4013679,Netherlands,VAN DALEN C/O JONKER & SCHUT B,VAN DALEN DAIRY TRADING BV.,C,Van Dalen Dairy Trading,Smart Serve,115536,FNL LAC MHYD 100M NZMP 25KG MBG,Edible Lactose,Netherlands,Lactose,0.1,40,78.18572564898068,-38.18572565,1.1437185616799521,0.8023534720510721,0,2.1005722141904197,0,-40.13179768,1.9460720337310242,9.439167514365282,0.2054794520547945,0.2054794520547945,0.2054794520547945,0,0,-42.2323699,-51.67153741
Portena - NL,EU to EU Direct,4013679,Netherlands,VAN DALEN C/O JONKER & SCHUT B,VAN DALEN DAIRY TRADING BV.,C,Van Dalen Dairy Trading,Smart Serve,115964,FNL LAC 100M MHYD VGDH 25KG MBG,Edible Lactose,Netherlands,Lactose,0.025,10,12.30734054457292,-2.307340545,0.32167084547248653,0.20058836801276803,0,0.4567140793458835,0,-2.829599758,0.5222592134852546,2.3597918785913206,0.051369863,0.051369863,0.051369863,0,0,-3.286313837,-5.646105716
Portena - NL,EU to EU Direct,4013679,Netherlands,VAN DALEN C/O JONKER & SCHUT B,VAN DALEN DAIRY TRADING BV.,C,Van Dalen Dairy Trading,Smart Serve,115984,FNL WPC80 CHS 392 NUTING WTBLD 20KG MBG,WPC 80% (Cheese),Netherlands,WPC,0.06,216,444.0177694889966,-228.0177695,0.9650125364174594,0.48141208323064316,0,15.896440058669711,0,-229.4641941,1.4464246196481025,5.663500508619169,1.1095890410958904,1.1095890410958904,1.1095890410958904,0,0,-245.3606342,-251.0241347
Portena - NL,EU to EU Direct,4013679,Netherlands,VAN DALEN C/O JONKER & SCHUT B,VAN DALEN DAIRY TRADING BV.,C,Van Dalen Dairy Trading,Smart Serve,116048,FNL LAC MHYD 100M 1000KG BBG,Edible Lactose,Netherlands,Lactose,1,400,821.1333216339484,-421.1333216,12.86683381889946,8.023534721,0,13.219118788410938,0,-442.0236902,20.89036853941018,94.39167514365282,2.054794520547945,2.054794520547945,2.054794520547945,0,0,-455.242809,-549.6344841
Portena - NL,EU to EU Direct,4013679,Netherlands,VAN DALEN C/O JONKER & SCHUT B,VAN DALEN DAIRY TRADING BV.,C,Van Dalen Dairy Trading,Smart Serve,119496,FNL WPC 356 NUTING LPD70 20KG MBG,High Fat B/T WPC,Netherlands,WPC,0.02,72,148.2353600098943,-76.23536001,0.3216708454724865,0.16047069441021442,0,6.388968174550934,0,-76.71750155,0.4821415398827009,1.8878335028730564,0.3698630136986301,0.3698630136986301,0.3698630136986301,0,0,-83.10646972,-84.99430323
Portena - NL,EU to EU Direct,4013679,Netherlands,VAN DALEN C/O JONKER & SCHUT B,VAN DALEN DAIRY TRADING BV.,C,Van Dalen Dairy Trading,Smart Serve,119565,FNL LAC NUTING UNMILLED 1000KG BBG,Edible Lactose,Netherlands,Lactose,1,400,819.4240283476314,-419.4240283,12.86683381889946,8.023534721,0,16.59869776947797,0,-440.3143969,20.89036853941018,94.39167514365282,2.054794520547945,2.054794520547945,2.054794520547945,0,0,-456.9130947,-551.3047698
Portena - NL,EU to EU Direct,4013679,Netherlands,VAN DALEN C/O JONKER & SCHUT B,VAN DALEN DAIRY TRADING BV.,C,Van Dalen Dairy Trading,Smart Serve,121194,FNL LAC 100M MHYD NZ 1000KG BBG,Edible Lactose,Netherlands,Lactose,44,17600,33445.51017672049,-15845.51018,566.1406880315762,353.0355277024717,0,1052.4247294904583,0,-16764.68639,919.1762157340479,4153.233706320724,90.41095890410958,90.41095890410958,90.41095890410958,0,0,-17817.11112,-21970.34483
Portena - NL,EU to EU Direct,4013754,Spain,HARRISON SPORT NUTRITION S.L.,HARRISON SPORT NUTRITION S.L.,A,Harrison Sport Nutrition,Semi Managed,114068,FNL WPC80 CHS 392 20KG MBG,WPC 80% (Cheese),Netherlands,WPC,140.70000000000002,1171200,1237377.4225427513,-66177.42254,2262.9543978989427,1128.9113351758585,0,48344.476550912615,0,-69569.28828,3391.865733074801,13280.908692711953,24065.753424657534,24065.753424657534,12032.876712328767,7701.041096,4331.835616438356,-117913.7648,-131194.6735
Portena - NL,EU to EU Direct,4013754,Spain,HARRISON SPORT NUTRITION S.L.,HARRISON SPORT NUTRITION S.L.,A,Harrison Sport Nutrition,Semi Managed,114132,FNL WPC80 CHS 450 INST 20KG MBG,WPC 80% (Cheese),Netherlands,WPC,563.1800000000001,4508016,3799408.6490933117,708607.3509066883,9057.929337659747,4518.694283897228,0,77779.87412216667,0,695030.7272851312,13576.623621556975,53159.50361,92630.46575342465,92630.46575342465,46315.232876712325,29641.74904109589,16673.483835616436,617250.8531629646,564091.3495555621
Portena - NL,EU to EU Direct,4013754,Spain,HARRISON SPORT NUTRITION S.L.,HARRISON SPORT NUTRITION S.L.,A,Harrison Sport Nutrition,Semi Managed,114266,FNL WPI 894-INST MF 20KG MBG,Whey Protein Isolate,Netherlands,WPC,158.4,1277760,1222466.1119394298,55293.88806057023,2547.633096142093,1270.927899728898,0,48428.95888224658,0,51475.32706469924,3818.560995870991,14951.641342754609,26255.342465753423,26255.342465753423,13127.671232876712,8401.709589041095,4725.961643835616,3046.3681824526575,-11905.27316
Portena - NL,EU to EU Direct,4013926,Germany,CONDIO GMBH,CONDIO GMBH,A,Condio,Managed,114272,FNL WPC80 CHS 515 20KG MBG,WPC 80% (Cheese),Netherlands,WPC,35.2,498080,254311.18875292194,243768.81124707806,566.1406880315762,282.4284221619774,0,7449.598659803364,1703.24,241217.00213688452,2551.8091101935534,3322.5869650565796,7675.890410958904,7675.890410958904,5117.260273972603,1637.5232876712328,921.1068493150684,233767.40347708116,230444.81651202458
Portena - NL,EU to EU Direct,4014592,France,LAITERIE NOUVELLE DE L-ARGUENO,LAITERIE NOUVELLE DE L'ARGUENON,C,Lactalis,Managed,115984,FNL WPC80 CHS 392 NUTING WTBLD 20KG MBG,WPC 80% (Cheese),Netherlands,WPC,17.6,176000,103346.54856039005,72653.45143960995,283.0703440157881,141.2142110809887,0,4662.955750543116,1717.94,70511.22688451318,2142.224555096777,1661.2934825282898,1808.2191780821918,1808.2191780821918,1808.2191780821918,0,0,65848.27113397006,64186.977651441775
Portena - NL,EU to EU Direct,4014641,Norway,NEN-PRODUKTER AS,NEN-PRODUKTER AS,C,NEN-Produkter,Smart Serve,114104,FNL WPC 356 20KG MBG,High Fat B/T WPC,Netherlands,WPC,12,103000,93029.69466467228,9970.305335327721,193.0025072834919,96.28241664612864,0,2643.729415768638,2485.6499999999996,7195.370411,2774.9349239296203,1132.7001017238338,1058.2191780821918,1058.2191780821918,1058.2191780821918,0,0,4551.640995629463,3418.9408939056293
Portena - NL,EU to EU Direct,4014649,Belgium,MEDIX LABORATOIRES NV,ALPHACAPS GMBH,B,Alphacaps,Semi Managed,114068,FNL WPC80 CHS 392 20KG MBG,WPC 80% (Cheese),Netherlands,WPC,43.2,365520,409846.4961713533,-44326.49617,694.8090262205708,346.6166999260631,0,14843.506659555258,1616.7354545454543,-46984.65735,2658.1611806920882,4077.7203662058023,3755.342465753424,3755.342465753424,3755.342465753424,0,0,-61828.16401,-65905.88438
Portena - NL,EU to EU Direct,4014649,Belgium,MEDIX LABORATOIRES NV,ALPHACAPS GMBH,B,Alphacaps,Semi Managed,114132,FNL WPC80 CHS 450 INST 20KG MBG,WPC 80% (Cheese),Netherlands,WPC,80,769504,621137.9084954363,148366.0915045637,1286.683381889946,641.8827776408576,0,11048.669927506897,2993.954545454545,143443.57079957833,4922.520704985349,7551.334011492227,7905.863013698629,7905.863013698629,7905.863013698629,0,0,132394.90087207145,124843.56686057922
Portena - NL,EU to EU Direct,4014801,Netherlands,MATTISSON HEALTHCARE BV,MATTISSON HEALTHCARE B.V.,C,Mattisson Healthcare,Smart Serve,121155,MILEI WHEYFRAC LF 95% 10KG CTN,Whey Fractions,Germany,Whey,0.1,60350,23206.25101685279,37143.748983147205,7.14824101,0.8023534720510721,0,458.4137731100882,274.08,36861.71838866465,282.0305944825508,9.439167514365282,620.0342465753424,620.0342465753424,620.0342465753424,0,0,36403.30461555457,36393.865448040204
Portena - NL,EU to EU Direct,4014854,Netherlands,EHF PRODUCTION BV,EHF PRODUCTION BV,C,EHF Production,Smart Serve,121155,MILEI WHEYFRAC LF 95% 10KG CTN,Whey Fractions,Germany,Whey,0.1,55750,21999.928806359567,33750.07119364043,7.14824101,0.8023534720510721,0,458.4137731100882,341,33401.12059915788,348.9505944825508,9.439167514365282,572.7739726027397,572.7739726027397,572.7739726027397,0,0,32942.70683,32933.267658533434
Portena - NL,EU to EU Direct,4014856,Germany,KRAFTVERKEHR NAGEL SE & CO.,CONDETTA GMBH & CO. KG,B,Condetta,Managed,114266,FNL WPI 894-INST MF 20KG MBG,Whey Protein Isolate,Netherlands,WPC,0.8,14760,8995.429454,5764.570545580111,12.86683381889946,6.418827776408577,0,244.59070142548777,214.46,5530.824883984803,233.74566159530804,75.51334011492226,151.64383561643834,151.64383561643834,151.64383561643834,0,0,5286.234182559315,5210.7208424443925
Portena - NL,EU to EU Direct,4014878,Belgium,SOLINA BELGIUM AG/NV EUPEN,SOLINA BELGIUM AG/NV,C,SOLINA BELGIUM AG/NV,Smart Serve,114132,FNL WPC80 CHS 450 INST 20KG MBG,WPC 80% (Cheese),Netherlands,WPC,6.4,57600,40578.986138273096,17021.013861726904,102.93467055119567,51.350622211268615,0,883.8935942005518,476.36,16390.36856896444,630.6452927624644,604.1067209193781,591.7808219178082,591.7808219178082,591.7808219178082,0,0,15506.474974763889,14902.36825384451
Portena - NL,EU to EU Direct,4014878,Belgium,SOLINA BELGIUM AG/NV EUPEN,SOLINA BELGIUM AG/NV,C,SOLINA BELGIUM AG/NV,Smart Serve,114272,FNL WPC80 CHS 515 20KG MBG,WPC 80% (Cheese),Netherlands,WPC,0.4,6000,2978.0983429207645,3021.9016570792355,6.433416909,3.2094138882042884,0,84.65453022503823,29.96,2982.2988262815816,39.60283079765402,37.75667005746113,61.64383561643835,61.64383561643835,61.64383561643835,0,0,2897.644296056543,2859.887625999082
Portena - NL,EU to EU Direct,4014879,Italy,PARMALAT SPA SAVIGLIANO (CUNEO,PARMALAT SPA,C,Lactalis,Managed,114272,FNL WPC80 CHS 515 20KG MBG,WPC 80% (Cheese),Netherlands,WPC,0.8,12400,7154.401693,5245.598307,12.86683381889946,6.418827776408577,0,169.30906045007646,296.94,4929.372645368312,316.22566159530805,75.51334011492226,127.39726027397259,127.39726027397259,127.39726027397259,0,0,4760.063584918235,4684.550244803313
Portena - NL,EU to EU Direct,4014946,Germany,RUDOLF ROSE SPEDITION,LACTOLAND,A,Lactoland,Managed,115074,FNL LAC 100M MHYD 1000KG BBG,Edible Lactose,Netherlands,Lactose,240,359040,175395.3131250962,183644.6868749038,3088.0401165358703,1925.648332922573,0,3061.711387701758,3638.999999999999,174991.99842544534,8652.688449458441,22654.002034476674,5533.1506849315065,5533.1506849315065,3688.767123287671,1180.4054794520548,663.9780821917807,171930.28703774358,149276.2850032669
Portena - NL,EU to EU Direct,4014951,Slovenia,LJUBLJANSKE MLEKARNE D.O.O.,LJUBLJANSKE MLEKARNE D.O.O.,C,LJUBLJANSKE MLEKARNE D.O.O.,Smart Serve,114272,FNL WPC80 CHS 515 20KG MBG,WPC 80% (Cheese),Netherlands,WPC,1.6,24800,12301.764804808276,12498.235195191724,25.73366763779892,12.837655552817154,0,338.6181209001529,656.98,11802.683872001107,695.5513231906161,151.02668022984452,254.79452054794518,254.79452054794518,254.79452054794518,0,0,11464.065751100954,11313.03907087111
Portena - NL,EU to EU Direct,4014992,Spain,SCHREIBER FOODS ESPANA SL,SCHREIBER FOODS ESPANA SL,C,Schreiber Foods,Smart Serve,114068,FNL WPC80 CHS 392 20KG MBG,WPC 80% (Cheese),Netherlands,WPC,1.8,19260,18309.122273331974,950.8777266680263,28.950376092523786,14.442362496919298,0,618.4794441481357,7562.58,-6655.095012,7605.972738589443,169.90501525857508,197.8767123287671,197.8767123287671,197.8767123287671,0,0,-7273.574456,-7443.479471
Portena - NL,EU to EU Direct,4014992,Spain,SCHREIBER FOODS ESPANA SL,SCHREIBER FOODS ESPANA SL,C,Schreiber Foods,Smart Serve,119540,FNL WPC80 CHS 550 NUTING 20KG BAG,WPC 80% (Cheese),Netherlands,WPC,0.02,0,185.6139302339553,-185.6139302,0.3216708454724865,0.16047069441021442,0,8.923893557312013,2520.86,-2706.956072,2521.342141539883,1.8878335028730564,0,0,0,0,0,-2715.879965,-2717.767799
Portena - NL,EU to EU Direct,4014996,France,TRANSPORTS ROUILLIER ENTREPOT,LAITERIE DU VAL D'ANCENIS,C,Lactalis,Managed,115984,FNL WPC80 CHS 392 NUTING WTBLD 20KG MBG,WPC 80% (Cheese),Netherlands,WPC,17.6,216480,147593.46769405314,68886.53230594686,283.0703440157881,141.2142110809887,0,4662.955750543116,1824.32,66637.92775085008,2248.6045550967765,1661.2934825282898,2224.1095890410957,2224.1095890410957,2224.1095890410957,0,0,61974.97200030697,60313.67851777868
Portena - NL,EU to EU Direct,4014999,Slovenia,LJUBLJANSKE MLEKARNE D.O.O.,LJUBLJANSKE MLEKARNE D.O.O.,C,LJUBLJANSKE MLEKARNE D.O.O.,Smart Serve,114272,FNL WPC80 CHS 515 20KG MBG,WPC 80% (Cheese),Netherlands,WPC,9.4,128780,72272.86822824861,56507.13177175139,151.18529737206865,75.42122637280077,0,1989.3814602883983,2526.69,53753.83524800652,2753.2965237448693,887.2817463503366,1323.0821917808219,1323.0821917808219,1323.0821917808219,0,0,51764.45378771812,50877.17204136778
Portena - NL,EU to EU Direct,4015041,Netherlands,BUISMAN,BIONATIN BV,C,Bionatin,Managed,114132,FNL WPC80 CHS 450 INST 20KG MBG,WPC 80% (Cheese),Netherlands,WPC,2,10800,12959.08210352749,-2159.082104,32.16708454724865,16.04706944102144,0,276.2167481876724,0,-2207.296258,48.214153988270084,188.78335028730564,0,0,0,0,0,-2483.513006,-2672.296356
Portena - NL,EU to EU Direct,4015041,Netherlands,BUISMAN,BIONATIN BV,C,Bionatin,Managed,114266,FNL WPI 894-INST MF 20KG MBG,Whey Protein Isolate,Netherlands,WPC,0.8,5600,6430.810757867777,-830.8107579,12.86683381889946,6.418827776408577,0,244.59070142548777,0,-850.0964195,19.285661595308035,75.51334011492226,0,0,0,0,0,-1094.687121,-1170.200461
Portena - NL,EU to EU Direct,4015048,Netherlands,BIONATIN BV,FONTERRA (EUROPE) COOPERATIE UA,C,Fonterra,Fonterra,119496,FNL WPC 356 NUTING LPD70 20KG MBG,High Fat B/T WPC,Netherlands,WPC,0.02,0,172.2485405042567,-172.2485405,0.3216708454724865,0.16047069441021442,0,6.388968174550934,168.56,-341.290682,169.0421415398827,1.8878335028730564,0,0,0,0,0,-347.6796502,-349.5674837
Portena - NL,EU to EU Direct,4015071,France,CYRANIE SADAC,AZELIS FRANCE SAS,C,Azelis,Semi Managed,114266,FNL WPI 894-INST MF 20KG MBG,Whey Protein Isolate,Netherlands,WPC,0.3,5400,2433.9170256492357,2966.0829743507643,4.825062682087297,2.4070604161532163,0,91.72151303,323.02,2635.8308512525236,330.2521230982405,28.317502543095845,110.95890410958903,110.95890410958903,55.479452054794514,35.50684931506849,19.972602739726025,2544.1093382179656,2515.7918356748696
Portena - NL,EU to EU Direct,4015152,France,JLB PROCESS DROME,JLB PROCESS DROME,B,JLB Process Drome,Smart Serve,114132,FNL WPC80 CHS 450 INST 20KG MBG,WPC 80% (Cheese),Netherlands,WPC,52.800000000000004,430320,380400.4514649924,49919.548535007576,849.2110320473644,423.6426332429661,0,7292.122152154552,6847.26,41799.434869717246,8120.113665290331,4983.880447584869,4421.095890410958,4421.095890410958,4421.095890410958,0,0,34507.312717562694,29523.432269977824
Portena - NL,EU to EU Direct,4015186,Italy,WAREHOUSE UNIONPLUS S.R.L.,UNIONPLUS S.R.L.,C,Unionplus,Smart Serve,114068,FNL WPC80 CHS 392 20KG MBG,WPC 80% (Cheese),Netherlands,WPC,0.02,0,169.83650291347382,-169.8365029,0.3216708454724865,0.16047069441021442,0,6.871993823868174,291.12,-461.4386445,291.6021415398827,1.8878335028730564,0,0,0,0,0,-468.3106383,-470.1984718
Portena - NL,EU to EU Direct,4015186,Italy,WAREHOUSE UNIONPLUS S.R.L.,UNIONPLUS S.R.L.,C,Unionplus,Smart Serve,114132,FNL WPC80 CHS 450 INST 20KG MBG,WPC 80% (Cheese),Netherlands,WPC,5.2,25680,30814.225144724765,-5134.225145,83.63441982,41.72238054665574,0,718.1635452879483,0,-5259.581945,125.35680036950224,490.83671074699464,263.83561643835617,263.83561643835617,263.83561643835617,0,0,-5977.74549,-6468.582201
Portena - NL,EU to EU Direct,4015186,Italy,WAREHOUSE UNIONPLUS S.R.L.,UNIONPLUS S.R.L.,C,Unionplus,Smart Serve,114266,FNL WPI 894-INST MF 20KG MBG,Whey Protein Isolate,Netherlands,WPC,0.8,5840,5723.422486167465,116.57751383253526,12.86683381889946,6.418827776408577,0,244.59070142548777,0,97.29185223722723,19.285661595308035,75.51334011492226,60,60,60,0,0,-147.2988492,-222.8121893
Portena - NL,EU to EU Direct,4015186,Italy,WAREHOUSE UNIONPLUS S.R.L.,UNIONPLUS S.R.L.,C,Unionplus,Smart Serve,115536,FNL LAC MHYD 100M NZMP 25KG MBG,Edible Lactose,Netherlands,Lactose,24,22320,19242.29747262943,3077.7025273705694,274.4924548031885,192.56483329225728,0,504.1373314057007,0,2610.6452392751235,467.05728809544576,2265.4002034476675,229.31506849315068,229.31506849315068,229.31506849315068,0,0,2106.5079078694225,-158.8922956
Portena - NL,EU to EU Direct,4015188,France,L.N.U.F MARQUES,L.N.U.F MARQUES,C,Celia Laiterie de Craon,Smart Serve,114272,FNL WPC80 CHS 515 20KG MBG,WPC 80% (Cheese),Netherlands,WPC,36,486792,233874.06834791496,252917.93165208504,579.0075218504757,288.8472499383859,0,7618.90772,4976.24,247073.83688029618,5844.094771788861,3398.1003051715015,5001.287671232876,5001.287671232876,5001.287671232876,0,0,239454.92916004272,236056.82885487122
Portena - NL,EU to EU Direct,4015223,Germany,PETER EMMING AGRARKONTOR - UND,PETER EMMING AGRARKONTOR - UND -,C,Peter Emming Agrarkontor,Semi Managed,114132,FNL WPC80 CHS 450 INST 20KG MBG,WPC 80% (Cheese),Netherlands,WPC,35.2,172480,223589.22797573436,-51109.22798,566.1406880315762,282.4284221619774,0,4861.4147681030345,0,-51957.79709,848.5691101935536,3322.5869650565796,1772.0547945205478,1772.0547945205478,1772.0547945205478,0,0,-56819.21185,-60141.79882
Portena - NL,EU to EU Direct,4015223,Germany,PETER EMMING AGRARKONTOR - UND,PETER EMMING AGRARKONTOR - UND -,C,Peter Emming Agrarkontor,Semi Managed,114133,FNL PL WPC80 CHS INST 20KG MBG,WPC 80% (Cheese),Netherlands,WPC,21.720000000000002,104256,83911.59150494436,20344.408495055643,349.33453818312034,174.27117412949286,0,4666.093803137659,0,19820.80278274303,523.60571231261315,2050.1871841201396,1071.123287671233,1071.123287671233,1071.123287671233,0,0,15154.708979605371,13104.521795485232
Portena - NL,EU to EU Direct,4015223,Germany,PETER EMMING AGRARKONTOR - UND,PETER EMMING AGRARKONTOR - UND -,C,Peter Emming Agrarkontor,Semi Managed,114273,FNL WPC80 CHS 515 20KG MBG FLSH,WPC 80% (Cheese),Netherlands,WPC,12.8,58880,97889.07301122542,-39009.07301,205.86934110239136,102.70124442253723,0,3315.7911330107027,0,-39317.6436,308.57058552492856,1208.2134418387561,604.9315068,604.9315068,604.9315068,0,0,-42633.43473,-43841.64817
Portena - NL,EU to EU Direct,4015230,Ireland,GLENSTAL FOODS LTD.,GLENSTAL FOODS LTD.,C,Glenstal Foods,Smart Serve,115536,FNL LAC MHYD 100M NZMP 25KG MBG,Edible Lactose,Netherlands,Lactose,110,93500,85489.99308199465,8010.006918005354,1258.0904178479473,882.5888192561791,0,2310.629435609462,0,5869.327680901228,2140.6792371041265,10383.08426580181,960.6164383561644,960.6164383561644,960.6164383561644,0,0,3558.698245291766,-6824.386021
Portena - NL,EU to EU Direct,4015230,Ireland,GLENSTAL FOODS LTD.,GLENSTAL FOODS LTD.,C,Glenstal Foods,Smart Serve,116048,FNL LAC MHYD 100M 1000KG BBG,Edible Lactose,Netherlands,Lactose,44,33000,36056.23332724795,-3056.233327,566.1406880315762,353.0355277024717,0,581.6412266900813,0,-3975.409543,919.1762157340479,4153.233706320724,339.04109589041093,339.04109589041093,339.04109589041093,0,0,-4557.05077,-8710.284476
Portena - NL,EU to EU Direct,4015480,France,ECOLOGISTIQUE BOURGOGNE,PROTELICIOUS SARL,C,PROTELICIOUS SARL,Smart Serve,114132,FNL WPC80 CHS 450 INST 20KG MBG,WPC 80% (Cheese),Netherlands,WPC,0.4,5000,2903.171436259046,2096.828563740954,6.433416909,3.2094138882042884,0,55.243349637534486,195.17,1892.015733,204.81283079765402,37.75667005746113,0,0,0,0,0,1836.7723833057655,1799.0157132483043
Portena - NL,EU to EU Direct,4015558,Netherlands,BIONATIN BV,BIONATIN BV,C,Bionatin,Managed,114132,FNL WPC80 CHS 450 INST 20KG MBG,WPC 80% (Cheese),Netherlands,WPC,3.2,26000,20734.531365643983,5265.468634356017,51.46733527559784,25.675311105634307,0,441.9467971002759,213.28833333333333,4975.037654641452,290.43097971456547,302.05336045968903,96.57534246575341,96.57534246575341,96.57534246575341,0,0,4533.090857541176,4231.037497081486
Portena - NL,EU to EU Direct,4015558,Netherlands,BIONATIN BV,BIONATIN BV,C,Bionatin,Managed,114266,FNL WPI 894-INST MF 20KG MBG,Whey Protein Isolate,Netherlands,WPC,2,22120,16077.026894669443,6042.973105330557,32.16708454724865,16.04706944102144,0,611.4767535637194,140.40166666666667,5854.357285,188.61582065493675,188.78335028730564,84.86301369863014,84.86301369863014,84.86301369863014,0,0,5242.880531,5054.097180824595
Portena - NL,EU to EU Direct,4015558,Netherlands,BIONATIN BV,BIONATIN BV,C,Bionatin,Managed,115536,FNL LAC MHYD 100M NZMP 25KG MBG,Edible Lactose,Netherlands,Lactose,0.125,137.5,82.03097063,55.469029374201796,1.429648202,1.00294184,0,2.6257152677380247,44.02,9.016439332038011,46.452590042163784,11.798959392956602,0.7063356164383561,0.7063356164383561,0.7063356164383561,0,0,6.390724064299986,-5.408235329
Portena - NL,EU to EU Direct,4015558,Netherlands,BIONATIN BV,BIONATIN BV,C,Bionatin,Managed,121155,MILEI WHEYFRAC LF 95% 10KG CTN,Whey Fractions,Germany,Whey,0.3,186000,98479.67821803693,87520.32178196307,21.44472303,2.4070604161532163,0,1375.2413193302646,86.57000000000001,87409.89999851541,110.42178344765233,28.317502543095845,955.4794520547945,955.4794520547945,955.4794520547945,0,0,86034.65867918514,86006.34117664205
Portena - NL,EU to EU Direct,4015563,Germany,CARE4TRADE & NUTRIFILL GMBH C/,PROTERO GMBH,C,PROTERO GMBH,Semi Managed,114104,FNL WPC 356 20KG MBG,High Fat B/T WPC,Netherlands,WPC,1.6,10960,11738.892194374086,-778.8921944,25.73366763779892,12.837655552817154,0,352.49725543581843,118.33333333333333,-935.7968509,156.9046565239494,151.02668022984452,112.6027397260274,112.6027397260274,112.6027397260274,0,0,-1288.294106,-1439.320787
Portena - NL,EU to EU Direct,4015579,Czech Republic,VILGAIN WH Z2,VILGAIN S.R.O.,C,Vilgain,Smart Serve,114132,FNL WPC80 CHS 450 INST 20KG MBG,WPC 80% (Cheese),Netherlands,WPC,11.2,71680,73840.76989115169,-2160.769891,180.13567346459243,89.86358886972006,0,1546.8137898509653,1648.94,-4079.709153,1918.9392623343126,1057.1867616089114,736.4383561643835,736.4383561643835,736.4383561643835,0,0,-5626.522943,-6683.709705
Portena - NL,EU to EU Direct,4015810,Netherlands,BIG WAVE COMPANY B.V,BIG WAVE COMPANY B.V,C,Big Wave Company,Smart Serve,114068,FNL WPC80 CHS 392 20KG MBG,WPC 80% (Cheese),Netherlands,WPC,7.04,32384,55004.14902358887,-22620.14902,113.22813760631523,56.48568443239547,0,2418.9418260015973,0,-22789.86285,169.7138220387107,664.5173930113159,332.71232876712327,332.71232876712327,332.71232876712327,0,0,-25208.80467,-25873.32206
Portena - NL,EU to EU Direct,4015810,Netherlands,BIG WAVE COMPANY B.V,BIG WAVE COMPANY B.V,C,Big Wave Company,Smart Serve,114132,FNL WPC80 CHS 450 INST 20KG MBG,WPC 80% (Cheese),Netherlands,WPC,5.38,24748,30528.71344862479,-5780.713449,86.52945743209887,43.166616796347675,0,743.0230526248388,0,-5910.409523,129.69607422844655,507.82721227285214,254.26027397260273,254.26027397260273,254.26027397260273,0,0,-6653.432575,-7161.259788
Portena - NL,EU to EU Direct,4015810,Netherlands,BIG WAVE COMPANY B.V,BIG WAVE COMPANY B.V,C,Big Wave Company,Smart Serve,114266,FNL WPI 894-INST MF 20KG MBG,Whey Protein Isolate,Netherlands,WPC,34.2,205200,251984.04014250333,-46784.04014,550.0571458,274.40488744146666,0,10456.252485939602,0,-47608.50218,824.4620331994186,3228.1952899129265,2108.219178082192,2108.219178082192,2108.219178082192,0,0,-58064.75466,-61292.94995
Portena - NL,EU to EU Direct,4015810,Netherlands,BIG WAVE COMPANY B.V,BIG WAVE COMPANY B.V,C,Big Wave Company,Smart Serve,114273,FNL WPC80 CHS 515 20KG MBG FLSH,WPC 80% (Cheese),Netherlands,WPC,52.800000000000004,248160,397245.77625350794,-149085.7763,849.2110320473644,423.6426332429661,0,13677.63842366915,0,-150358.6299,1272.8536652903304,4983.880447584869,2549.589041,2549.589041,2549.589041,0,0,-164036.2683,-169020.1488
Portena - NL,EU to EU Direct,4015879,France,AGRANA FRUIT FRANCE SAS,AGRANA FRUIT FRANCE SAS,C,Agrana Group,Smart Serve,119540,FNL WPC80 CHS 550 NUTING 20KG BAG,WPC 80% (Cheese),Netherlands,WPC,0.30000000000000004,6900,2126.036449563753,4773.963550436247,4.825062682087298,2.4070604161532163,0,133.8584033596802,781.5,3985.231427338006,788.7321230982405,28.31750254309585,70.89041095890411,70.89041095890411,70.89041095890411,0,0,3851.373023978326,3823.055521
Portena - NL,EU to EU Direct,4015884,Spain,KERRY IBERIA TASTE & NUTRITION,KERRY INGREDIENTS IRELAND LTD,C,Kerry Ingredients,Smart Serve,115984,FNL WPC80 CHS 392 NUTING WTBLD 20KG MBG,WPC 80% (Cheese),Netherlands,WPC,4,33800,26079.928975819897,7720.0710241801025,64.33416909,32.09413888204288,0,1059.7626705779808,1346.92,6276.722716203562,1443.3483079765401,377.5667005746113,694.5205479452054,694.5205479452054,347.2602739726027,222.24657534246575,125.01369863013697,5216.960045625581,4839.393345
Portena - NL,EU to EU Direct,4016066,Ireland,KERRY INGREDIENTS IRELAND LTD,KERRY INGREDIENTS IRELAND LTD,C,Kerry Ingredients,Smart Serve,115984,FNL WPC80 CHS 392 NUTING WTBLD 20KG MBG,WPC 80% (Cheese),Netherlands,WPC,5,43100,32599.911219774873,10500.088780225127,80.41771136812163,40.1176736,0,1324.7033382224758,1678.03,8701.523395254451,1798.5653849706753,471.9583757182641,885.6164383561643,885.6164383561643,442.80821917808214,283.39726027397256,159.41095890410958,7376.820057031975,6904.8616813137105
Portena - NL,EU to EU Direct,4016167,Germany,RWL GMBH,LACTOLAND,A,Lactoland,Managed,115074,FNL LAC 100M MHYD 1000KG BBG,Edible Lactose,Netherlands,Lactose,264,203280,192934.84443760585,10345.155562394153,3396.8441281894575,2118.2131662148304,0,3367.8825264719344,9315.84,-4485.741732,14830.897294404287,24919.402237924347,3132.7397260273974,3132.7397260273974,2088.4931506849316,668.3178082191781,375.9287671232877,-7853.624258,-32773.0265
Portena - NL,EU to EU Direct,4016167,Germany,RWL GMBH,LACTOLAND,A,Lactoland,Managed,115536,FNL LAC MHYD 100M NZMP 25KG MBG,Edible Lactose,Netherlands,Lactose,132,101640,81140.75626914272,20499.243730857284,1509.7085014175368,1059.1065831074152,0,2772.7553227313538,4657.92,13272.508646332331,7226.735084524952,12459.701118962173,1566.3698630136987,1566.3698630136987,1044.2465753424658,334.15890410958906,187.96438356164384,10499.753323600977,-1959.947795
Portena - NL,NZ Indirect,1051207,Germany,MILCHWERKE MITTELELBE GMBH,LACTOLAND,A,Lactoland,Managed,114767,WHEY HYD 7050 15KG MBG,Whey Hydrolysates,New Zealand,Whey,4.02,87698.1,59386.07437292512,28312.025627074887,164.20530778405023,153.62111900805823,144.3714655168926,1629.7677809046952,636.02,27213.807734765887,1098.217892309001,379.4545340774843,1351.511815068493,1351.511815068493,901.0078767123287,288.3225205479452,162.18141780821915,25584.039953861193,25204.585419783707
Portena - NL,NZ Indirect,1051250,Greece,ALINDA-VELCO S.A.,ALINDA-VELCO S.A.,B,Alinda-Velco,Semi Managed,100733,MPC85 4861 CWS K 20kg PPK,Milk Protein Concentrate >=80%,New Zealand,MPC,19.2,124800,115217.84837272532,9582.151627274681,411.7386822047827,733.7128072026662,689.5353576926215,17119.881131161885,0,7747.164780174611,1834.9868471000705,1812.320162758134,1923.2876712328766,1923.2876712328766,1282.1917808219177,410.3013698630137,230.79452054794518,-9372.716351,-11185.03651
Portena - NL,NZ Indirect,1051250,Greece,ALINDA-VELCO S.A.,ALINDA-VELCO S.A.,B,Alinda-Velco,Semi Managed,103791,MPC85 4855 K EU 20kg MBG,Milk Protein Concentrate >=80%,New Zealand,MPC,144,1101600,950972.0380650539,150627.96193494613,3088.0401165358703,5502.846054019998,5171.515182694661,20639.683815629687,0,136865.5605816956,13762.40135325053,13592.401220686006,16976.712328767124,16976.712328767124,11317.808219178081,3621.698630136986,2037.2054794520545,116225.87676606592,102633.47554537992
Portena - NL,NZ Indirect,1051250,Greece,ALINDA-VELCO S.A.,ALINDA-VELCO S.A.,B,Alinda-Velco,Semi Managed,104562,WPC80 SUL 322 K 25KG MBG,WPC 80% (Sulphuric),New Zealand,WPC,0.225,2092.5,1752.4641919889502,340.03580801104977,3.8600501456698377,8.598196959406247,8.080492472960408,12.800678733031672,0,319.4970684330133,20.53873957803649,21.238126907321885,32.24743150684931,32.24743150684931,21.498287671232877,6.879452054794521,3.869691780821918,306.69638969998164,285.45826279265975
Portena - NL,NZ Indirect,1051250,Greece,ALINDA-VELCO S.A.,ALINDA-VELCO S.A.,B,Alinda-Velco,Semi Managed,104668,MLKMIN 997 UHT 25KG MBG,Milk Minerals,New Zealand,Whey,1.5,10650,3796.492375208758,6853.507624791242,51.46733527559784,57.32131306,53.86994981973606,145.6204257658907,0,6690.849027,162.6585981580422,141.58751271547922,164.12671232876713,164.12671232876713,109.41780821917807,35.013698630136986,19.695205479452053,6545.228600867309,6403.6410881518295
Portena - NL,NZ Indirect,1051250,Greece,ALINDA-VELCO S.A.,ALINDA-VELCO S.A.,B,Alinda-Velco,Semi Managed,114612,MPC85 4854 LOSRC K EU NES 20KG MBG,Milk Protein Concentrate >=80%,New Zealand,MPC,1.58,14694,13826.493045580111,867.5069544198886,33.88266238976858,60.378449759386086,56.74301381012198,1380.2906144764875,0,716.5028285,151.00412595927665,149.13884672697145,226.44863013698628,226.44863013698628,150.96575342465752,48.30904109589041,27.173835616438353,-663.787786,-812.9266327
Portena - NL,NZ Indirect,1051269,France,USINE NUTRIBIO DOULLENS,NUTRIBIO,C,NUTRIBIO,Smart Serve,103791,MPC85 4855 K EU 20kg MBG,Milk Protein Concentrate >=80%,New Zealand,MPC,2.4,20640,15364.626103021197,5275.373896978803,51.46733527559784,91.71410090033328,86.19191971157768,343.9947302604948,297.44,4748.560541091294,526.8133558875088,226.54002034476676,212.05479452054794,212.05479452054794,212.05479452054794,0,0,4404.565810830799,4178.025790486032
Portena - NL,NZ Indirect,1051318,France,SOLABIA,SOLABIA,C,Solabia Group,Smart Serve,104613,ACas 7417 Min 30# all-in 10% 25kg MBG,Acid Casein,New Zealand,Casein,5.4,58212,39334.14772969794,18877.852270302057,92.64120349607612,206.3567270257499,193.93181935104982,3016.2778242328463,1202.36,17182.562520429183,1695.2897498728757,509.71504577572523,598.0684931506848,598.0684931506848,598.0684931506848,0,0,14166.284696196337,13656.569650420612
Portena - NL,NZ Indirect,1051929,Greece,ALINDA-VELCO S.A.,ALINDA-VELCO S.A.,B,Alinda-Velco,Semi Managed,100714,MPC85 4851 LL K ABT 20KG PPK,Milk Protein Concentrate >=80%,New Zealand,MPC,17.28,116640,108506.90347790656,8133.096522093445,308.8040116535871,660.3415264823998,620.5818219233594,6050.850742486741,0,6543.369162034099,1589.7273600593462,1631.0881464823208,1797.5342465753424,1797.5342465753424,1198.3561643835617,383.47397260273976,215.7041095890411,492.51841954735755,-1138.569727
Portena - NL,NZ Indirect,1051929,Greece,ALINDA-VELCO S.A.,ALINDA-VELCO S.A.,B,Alinda-Velco,Semi Managed,103791,MPC85 4855 K EU 20kg MBG,Milk Protein Concentrate >=80%,New Zealand,MPC,176.4,1305360,1164940.746629691,140419.25337030902,3782.8491427564413,6740.986416174496,6335.106099,25283.612674146367,0,123560.31171257712,16858.94166,16650.691495340358,20116.84931506849,20116.84931506849,13411.232876712327,4291.594520547945,2414.021917808219,98276.69903843076,81626.00754
Portena - NL,NZ Indirect,1051929,Greece,ALINDA-VELCO S.A.,ALINDA-VELCO S.A.,B,Alinda-Velco,Semi Managed,104562,WPC80 SUL 322 K 25KG MBG,WPC 80% (Sulphuric),New Zealand,WPC,0.225,2092.5,1752.4641919889502,340.03580801104977,3.8600501456698377,8.598196959406247,8.080492472960408,12.800678733031672,0,319.4970684330133,20.53873957803649,21.238126907321885,32.24743150684931,32.24743150684931,21.498287671232877,6.879452054794521,3.869691780821918,306.69638969998164,285.45826279265975
Portena - NL,NZ Indirect,2000332,Germany,STERNMAID GMBH & CO. KG,STERNMAID GMBH & CO. KG,C,Sternmaid,Smart Serve,103791,MPC85 4855 K EU 20kg MBG,Milk Protein Concentrate >=80%,New Zealand,MPC,9,74250,57035.34044876903,17214.659551230972,193.0025072834919,343.92787837624985,323.2196989184163,1289.9802384768554,898.59,15455.919466652815,1758.740084578158,849.5250762928754,762.8424657534246,762.8424657534246,762.8424657534246,0,0,14165.93922817596,13316.414151883084
Portena - NL,NZ Indirect,2000332,Germany,STERNMAID GMBH & CO. KG,STERNMAID GMBH & CO. KG,C,Sternmaid,Smart Serve,104668,MLKMIN 997 UHT 25KG MBG,Milk Minerals,New Zealand,Whey,30,219300,91351.47322606179,127948.52677393821,1029.3467055119568,1146.426261254166,1077.398996394721,2912.408515317814,3498.27,121197.08481077736,6751.441963160843,2831.7502543095848,2253.0821917808216,2253.0821917808216,2253.0821917808216,0,0,118284.67629545955,115452.92604114996
Portena - NL,NZ Indirect,2000332,Germany,STERNMAID GMBH & CO. KG,STERNMAID GMBH & CO. KG,C,Sternmaid,Smart Serve,113329,CaCte 390 SusStab Disp K 20kgMBG,Calcium Caseinate,New Zealand,Caseinate,1.8,26064,21281.79527897839,4782.2047210216115,38.60050145669838,68.78557567524997,64.64393978368327,6981.043187309367,397.75,4212.424704,569.7800169156317,169.90501525857508,267.7808219178082,267.7808219178082,267.7808219178082,0,0,-2768.618483,-2938.523498
Portena - NL,NZ Indirect,2002604,Switzerland,HOCHDORF SWISS NUTRITION AG,HOCHDORF SWISS NUTRITION AG,B,Hochdorf Nutrition,Semi Managed,120941,DC WHEY HYD 7051 HA HAL/K 500KG BBG,Whey Hydrolysates,Unknown Origin,Whey,60,1538000,860249.8910068523,677750.1089931477,1544.0200582679352,2292.852522508332,2154.797992789442,16042.807986181515,13924.58,657833.8584,19916.25057356571,5663.5005086191695,15801.369863013697,15801.369863013697,15801.369863013697,0,0,641791.0504334006,636127.5499247814
Portena - NL,NZ Indirect,2002672,Poland,HOCHLAND POLSKA SP.Z.O.O.,HOCHLAND SP.Z.O.O.,C,Hochland,Smart Serve,103791,MPC85 4855 K EU 20kg MBG,Milk Protein Concentrate >=80%,New Zealand,MPC,13.2,132450,111707.77670045069,20742.22329954931,283.0703440157881,504.42755495183303,474.05555841367726,1891.9710164327216,2089.18,17391.489842168012,3350.733457381298,1245.970111896217,1360.7876712328766,1360.7876712328766,1360.7876712328766,0,0,15499.51882573529,14253.548713839073
Portena - NL,NZ Indirect,2003939,Spain,"HOCHLAND ESPANOLA, S.A.","HOCHLAND ESPANOLA, S.A.",C,Hochland,Smart Serve,103791,MPC85 4855 K EU 20kg MBG,Milk Protein Concentrate >=80%,New Zealand,MPC,18,149400,119184.07615887126,30215.923841128737,386.0050145669838,687.8557567524997,646.4393978368327,2579.960476953711,0,28495.623671972422,1720.3001691563163,1699.0501525857508,1534.931506849315,1534.931506849315,1534.931506849315,0,0,25915.66319501871,24216.61304243296
Portena - NL,NZ Indirect,2003944,Germany,LACTOLAND,LACTOLAND,A,Lactoland,Managed,104517,CaCte 3800 Sstab 20kg MBG,Calcium Caseinate,New Zealand,Caseinate,7.8,104880,86130.27044015605,18749.729559843952,167.2688396,298.07082792608315,280.12373906262746,22687.309731281763,318.29,17685.976153209547,1063.7534066344035,736.2550661,1616.3013698630136,1616.3013698630136,1077.5342465753424,344.8109589041096,193.95616438356163,-5001.333578,-5737.588644
Portena - NL,NZ Indirect,2004051,Netherlands,FRIESLANDCAMPINA KIEVIT,FRIESLANDCAMPINA KIEVIT B.V,A,FrieslandCampina,FrieslandCampina,104613,ACas 7417 Min 30# all-in 10% 25kg MBG,Acid Casein,New Zealand,Casein,24,374400,314700.03070720297,59699.96929279703,411.7386822047827,917.1410090033328,861.9191971157769,13405.67921881265,292.9,57216.270404473136,2483.6988883238923,2265.4002034476675,9744.657534246575,7693.1506849315065,3846.5753424657532,3774.7726027397266,2123.309589041096,43810.59118566049,41545.19098221282
Portena - NL,NZ Indirect,2004124,Germany,J.M. GABLER SALITER,J.M. GABLER SALITER,C,J.M. GABLER SALITER,Smart Serve,109717,WHEY HYD 821 ABT 15KG MBG,Whey Hydrolysates,New Zealand,Whey,0.72,26136,14397.120937361608,11738.879062638392,15.440200582679351,27.514230270099983,25.857575913473305,0,468.7,11201.36705587214,537.5120067662526,67.96200610343003,268.52054794520546,268.52054794520546,268.52054794520546,0,0,11201.36705587214,11133.405049768711
Portena - NL,NZ Indirect,2004124,Germany,J.M. GABLER SALITER,J.M. GABLER SALITER,C,J.M. GABLER SALITER,Smart Serve,111061,DC WHEY HYD 917 HAL/K 25KG MBG,Whey Hydrolysates,Unknown Origin,Whey,7.4,120990,41902.73322884645,79087.26677115355,181.36108620924952,282.78514444269433,265.7584191106979,1392.5399545353346,1304.45,77052.91212139091,2034.3546497626417,698.4983960630309,1243.0479452054792,1243.0479452054792,1243.0479452054792,0,0,75660.37216685558,74961.87377079255
Portena - NL,NZ Indirect,2004124,Germany,J.M. GABLER SALITER,J.M. GABLER SALITER,C,J.M. GABLER SALITER,Smart Serve,121246,TR WHEY HYD 7051 15KG MBG,Whey Hydrolysates,New Zealand,Whey,1.725,42262.5,37671.74789,4590.7521131898975,49.32286297244793,65.91951002211455,61.950442292696465,748.0341627,613.29,3800.2692979026388,790.4828153,162.82563962280113,434.20376712328766,434.20376712328766,434.20376712328766,0,0,3052.235135229698,2889.4094956068966
Portena - NL,NZ Indirect,2004164,Spain,INDUSTRIAS LACTEAS ASTURIANAS,INDUSTRIAS LACTEAS ASTURIANAS,C,INDUSTRIAS LACTEAS ASTURIANAS,Smart Serve,114767,WHEY HYD 7050 15KG MBG,Whey Hydrolysates,New Zealand,Whey,18,486000,357701.47512908705,128298.52487091295,735.2476467942549,687.8557567524997,646.4393978368327,7297.467675692666,6887.91,119341.07206952936,8957.452801383588,1699.0501525857508,9986.301369863013,9986.301369863013,4993.1506849315065,3195.6164383561645,1797.5342465753424,112043.6043938367,110344.55424125094
Portena - NL,NZ Indirect,2005770,Netherlands,UNIVAR SOLUTIONS B.V.,UNIVAR SOLUTIONS B.V.,B,Univar Solutions,Managed,103791,MPC85 4855 K EU 20kg MBG,Milk Protein Concentrate >=80%,New Zealand,MPC,22.2,179160,165579.27926465278,13580.720735347219,476.07285129928005,848.3554333280829,797.2752573320936,3181.951254909577,0,11459.017193387761,2121.7035419594567,2095.4951881890925,3681.3698630136987,3681.3698630136987,1840.6849315068494,1178.0383561643835,662.6465753424657,8277.065938478183,6181.570750289091
Portena - NL,NZ Indirect,2005770,Netherlands,UNIVAR SOLUTIONS B.V.,UNIVAR SOLUTIONS B.V.,B,Univar Solutions,Managed,104668,MLKMIN 997 UHT 25KG MBG,Milk Minerals,New Zealand,Whey,1.5,11212.5,4221.712094862744,6990.787905137256,51.46733527559784,57.32131306,53.86994981973606,145.6204257658907,0,6828.129306979214,162.6585981580422,141.58751271547922,230.39383561643837,230.39383561643837,115.19691780821918,73.72602739726028,41.47089041,6682.508881213323,6540.921368497843
Portena - NL,NZ Indirect,2005770,Netherlands,UNIVAR SOLUTIONS B.V.,UNIVAR SOLUTIONS B.V.,B,Univar Solutions,Managed,113329,CaCte 390 SusStab Disp K 20kgMBG,Calcium Caseinate,New Zealand,Caseinate,15,270000,234759.3008498765,35240.69915012349,321.6708454724865,573.2131306,538.6994981973605,58175.35989424472,0,33807.11567582656,1433.583474,1415.8751271547922,5547.945205479452,5547.945205479452,2773.972602739726,1775.3424657534247,998.6301369863013,-24368.24422,-25784.11935
Portena - NL,NZ Indirect,2005770,Netherlands,UNIVAR SOLUTIONS B.V.,UNIVAR SOLUTIONS B.V.,B,Univar Solutions,Managed,115016,MPI 4900 K 20KG MBG,Milk Protein Concentrate >=80%,New Zealand,MPC,1.2,14640,9001.459385268565,5638.540614731435,25.73366763779892,45.85705045016664,43.09595985578884,778.6611585574415,0,5523.853936787681,114.6866779437544,113.27001017238338,300.82191780821915,300.82191780821915,150.41095890410958,96.26301369863013,54.147945205479445,4745.192778230239,4631.922768057856
Portena - NL,NZ Indirect,2005770,Netherlands,UNIVAR SOLUTIONS B.V.,UNIVAR SOLUTIONS B.V.,B,Univar Solutions,Managed,120218,TMP 1000 MILLED 25KG PPK,Total Milk Protein,New Zealand,Casein,13.275,136475,127224.38522518348,9250.614774816524,151.82863906301364,507.29362060496845,476.7490559046641,11711.046419621474,68.2,8046.543459243878,1204.0713155726462,1253.0494875319912,2804.280821917808,2804.280821917808,1402.140410958904,897.3698630136987,504.77054794520546,-3664.50296,-4917.552448
Portena - NL,NZ Indirect,2008011,Netherlands,FRIESLANDCAMPINA DOMO,FRIESLANDCAMPINA NEDERLAND BV.,A,FrieslandCampina,FrieslandCampina,113056,WPI 895 IX K EU FRC 25KG MBG,Whey Protein Isolate,New Zealand,WPC,3.75,70125,51659.90849243196,18465.09150756804,64.33416909,143.30328265677076,134.67487454934013,5345.249300818465,145.31,17977.469181267432,487.6223263006082,353.96878178869804,2041.3099315068494,1440.9246575342465,720.4623287671233,845.3424657534247,475.50513698630135,12632.219880448967,12278.251098660268
Portena - NL,NZ Indirect,2009710,Germany,LACTOLAND,LACTOLAND,A,Lactoland,Managed,103791,MPC85 4855 K EU 20kg MBG,Milk Protein Concentrate >=80%,New Zealand,MPC,11.4,90060,72528.84927841634,17531.15072158366,244.46984255908973,435.6419792765831,409.41161862999405,1633.9749687373505,0,16441.627281117995,1089.523440465667,1076.0650966376422,1387.9109589041095,1387.9109589041095,925.2739726027397,296.08767123287674,166.54931506849314,14807.652312380644,13731.587215743002
Portena - NL,NZ Indirect,2009710,Germany,LACTOLAND,LACTOLAND,A,Lactoland,Managed,113329,CaCte 390 SusStab Disp K 20kgMBG,Calcium Caseinate,New Zealand,Caseinate,19.2,332640,278879.56267670094,53760.43732329906,411.7386822047827,733.7128072026662,689.5353576926215,74464.46066463324,0,51925.45047619899,1834.9868471000705,1812.320162758134,5126.301369863013,5126.301369863013,3417.534246575342,1093.6109589041096,615.1561643835615,-22539.01019,-24351.33035
Portena - NL,NZ Indirect,2011072,Netherlands,JONKER & SCHUTT,LACTOLAND,A,Lactoland,Managed,104613,ACas 7417 Min 30# all-in 10% 25kg MBG,Acid Casein,New Zealand,Casein,48,613200,559200.561,53999.43899,823.4773644095654,1834.2820180066656,1723.8383942315538,26811.35844,0,49617.84121038321,4381.5977766477845,4530.800406895335,9450,9450,6300,2016,1134,22806.48277275791,18275.682365862576
Portena - NL,NZ Indirect,2011535,Romania,ALINDA ROMANIA SRL,ALINDA RO SRL,B,Alinda-Velco,Semi Managed,120218,TMP 1000 MILLED 25KG PPK,Total Milk Protein,New Zealand,Casein,0.025,0,244.2892912121449,-244.2892912,0.28592964041998803,0.9553552177118051,0.897832497,22.05470135521935,810.81,-1057.238409,812.9491173551273,2.3597918785913206,0,0,0,0,0,-1079.29311,-1081.652902
Portena - NL,NZ Indirect,2012213,France,CHEMLOG,AZELIS FRANCE SAS,C,Azelis,Semi Managed,103791,MPC85 4855 K EU 20kg MBG,Milk Protein Concentrate >=80%,New Zealand,MPC,0.6,5550,4829.914171460382,720.0858285,12.86683381889946,22.92852522508332,21.54797992789442,85.99868257,186.94,475.8024895677408,244.28333897187719,56.63500508619169,114.04109589041096,114.04109589041096,57.02054794520548,36.49315068493151,20.527397260273972,389.8038070026171,333.16880191642537
Portena - NL,NZ Indirect,2012213,France,CHEMLOG,AZELIS FRANCE SAS,C,Azelis,Semi Managed,104517,CaCte 3800 Sstab 20kg MBG,Calcium Caseinate,New Zealand,Caseinate,0.1,2000,1034.3690923763943,965.6309076236057,2.1444723031499104,3.8214208708472204,3.591329987982404,290.8629452728431,115.3566144200627,840.7170700415635,124.91383758204223,9.439167514365282,41.09589041,41.09589041,20.54794520547945,13.150684931506849,7.397260273972602,549.8541247687203,540.4149573
Portena - NL,NZ Indirect,2012213,France,CHEMLOG,AZELIS FRANCE SAS,C,Azelis,Semi Managed,104668,MLKMIN 997 UHT 25KG MBG,Milk Minerals,New Zealand,Whey,2.25,14625,5302.327874625212,9322.672125,77.20100291339676,85.98196959406246,80.80492472960408,218.43063864883607,434.98,8643.704228137725,678.9678972370633,212.38126907321885,300.51369863013696,300.51369863013696,150.25684931506848,96.16438356164383,54.09246575342465,8425.273589,8212.89232
Portena - NL,NZ Indirect,2012230,France,TRANSPORTS POMMEREUL,ARMOR PROTEINES,B,ARMOR PROTEINES,Managed,104668,MLKMIN 997 UHT 25KG MBG,Milk Minerals,New Zealand,Whey,292.225,1946217.5,781709.3232076489,1164508.176792351,10026.694700607719,11167.147139833289,10494.76405738158,28369.28594629161,50148.58,1082670.9908945286,81837.1859,27583.607268853946,19995.385273972603,19995.385273972603,19995.385273972603,0,0,1054301.704948237,1026718.097679383
Portena - NL,NZ Indirect,2015001,Germany,YES MULTI LOGISTICS CENTER-FRA,UNIVAR SOLUTIONS B.V.,B,Univar Solutions,Managed,100733,MPC85 4861 CWS K 20kg PPK,Milk Protein Concentrate >=80%,New Zealand,MPC,3.5999999999999996,31980,27686.194634898282,4293.805365101718,77.20100291339676,137.57115135049992,129.28787956736653,3209.9777120928534,0,3949.7453312704547,344.06003383126324,339.81003051715015,657.1232876712328,657.1232876712328,328.5616438356164,210.27945205479452,118.2821917808219,739.7676191776013,399.95758866045117
Portena - NL,NZ Indirect,2015001,Germany,YES MULTI LOGISTICS CENTER-FRA,UNIVAR SOLUTIONS B.V.,B,Univar Solutions,Managed,103791,MPC85 4855 K EU 20kg MBG,Milk Protein Concentrate >=80%,New Zealand,MPC,22.4,213440,167070.98448325327,46369.01551674673,480.36179590557987,855.9982750697773,804.4579173080584,3210.617482431285,0,44228.197528463315,2140.8179882834156,2114.3735232178233,4385.753424657534,4385.753424657534,2192.876712328767,1403.441095890411,789.4356164383561,41017.58004603203,38903.20652281421
Portena - NL,NZ Indirect,2015001,Germany,YES MULTI LOGISTICS CENTER-FRA,UNIVAR SOLUTIONS B.V.,B,Univar Solutions,Managed,104517,CaCte 3800 Sstab 20kg MBG,Calcium Caseinate,New Zealand,Caseinate,1.2,21600,19539.28938828983,2060.7106117101685,25.73366763779892,45.85705045016664,43.09595985578884,3490.355343274117,0,1946.023933766414,114.6866779437544,113.27001017238338,443.8356164383561,443.8356164383561,221.91780821917806,142.02739726027397,79.89041096,-1544.33141,-1657.60142
Portena - NL,NZ Indirect,2015001,Germany,YES MULTI LOGISTICS CENTER-FRA,UNIVAR SOLUTIONS B.V.,B,Univar Solutions,Managed,104668,MLKMIN 997 UHT 25KG MBG,Milk Minerals,New Zealand,Whey,1.875,13687.5,5277.140118578431,8410.359881,64.33416909,71.65164132838538,67.33743727467007,182.02553220736337,0,8207.036633724016,203.32324769755274,176.98439089434902,281.25,281.25,140.625,90,50.625,8025.011101516652,7848.026710622303
Portena - NL,NZ Indirect,2015001,Germany,YES MULTI LOGISTICS CENTER-FRA,UNIVAR SOLUTIONS B.V.,B,Univar Solutions,Managed,113329,CaCte 390 SusStab Disp K 20kgMBG,Calcium Caseinate,New Zealand,Caseinate,28.2,493200,441347.48559776787,51852.51440223213,604.7411894882746,1077.6406855789162,1012.7550566110378,109369.67660118008,0,49157.37747,2695.1369316782284,2661.8452390510097,10134.246575342466,10134.246575342466,5067.123287671233,3242.9589041095887,1824.1643835616435,-60212.29913,-62874.14437
Portena - NL,NZ Indirect,2015001,Germany,YES MULTI LOGISTICS CENTER-FRA,UNIVAR SOLUTIONS B.V.,B,Univar Solutions,Managed,115016,MPI 4900 K 20KG MBG,Milk Protein Concentrate >=80%,New Zealand,MPC,12,110820,90014.59385268565,20805.406147314352,257.3366763779892,458.5705045016664,430.95959855788846,7786.611585574415,0,19658.53936787681,1146.866779437544,1132.7001017238338,2277.123287671233,2277.123287671233,1138.5616438356165,728.6794520547945,409.88219178082187,11871.927782302395,10739.22768057856
Portena - NL,NZ Indirect,2015001,Germany,YES MULTI LOGISTICS CENTER-FRA,UNIVAR SOLUTIONS B.V.,B,Univar Solutions,Managed,120931,WPI 895-INST IX 20KG MBG,Whey Protein Isolate,New Zealand,WPC,6,126000,107611.0673518026,18388.93265,257.3366763779892,229.2852522508332,215.47979927894423,4670.4496205100595,0,17686.83092028963,702.1017279077666,566.3500508619169,2589.041095890411,2589.041095890411,1294.5205479452054,828.4931506849315,466.0273972602739,13016.381299779572,12450.031248917656
Portena - NL,NZ Indirect,2015293,Spain,"MEIJI PHARMA SPAIN, S.A.","MEIJI PHARMA SPAIN, S.A.",C,Meiji Pharma,Smart Serve,104498,NaCte 1800 20% R150um 20kg MBG,Sodium Caseinate,New Zealand,Caseinate,5.12,99481.6,76363.87287877029,23117.72712122972,109.79698192127539,195.65674858737768,183.87609538469908,5927.5266968325805,1136,21492.397295336366,1625.329825893352,483.28537673550244,1022.0712328767123,1022.0712328767123,1022.0712328767123,0,0,15564.870598503785,15081.585221768282
Portena - NL,NZ Indirect,2015696,Germany,HAMACHER LOGISTIK,LACONA NAHRUNGSMITTEL HANDELSGES.MB,C,Lacona Nahrungsmittel,Smart Serve,104528,CaCte 3851 Sstab Disp EUR 20kg MBG,Calcium Caseinate,New Zealand,Caseinate,0.8,12560,10588.973091365795,1971.026908634205,17.155778425199284,30.571366966777763,28.73063990385923,4233.059632858773,0,1894.5691233383689,76.45778529583627,75.51334011492226,193.56164383561642,193.56164383561642,129.04109589041096,41.293150684931504,23.22739726027397,-2338.49051,-2414.00385
Portena - NL,NZ Indirect,2016731,France,LAITERIE DE CRAON,CELIA - LAITERIE DE CRAON,C,Celia Laiterie de Craon,Smart Serve,104517,CaCte 3800 Sstab 20kg MBG,Calcium Caseinate,New Zealand,Caseinate,3.6,81360,58732.89343243957,22627.106567560433,77.20100291339676,137.57115135049995,129.28787956736653,10471.066029822352,1050.56,21232.48653372917,1394.6200338312633,339.81003051715015,835.8904109589041,835.8904109589041,835.8904109589041,0,0,10761.420503906818,10421.610473389668
Portena - NL,NZ Indirect,4000203,Belgium,AMINOLABS,AMINOLABS,A,Aminolabs,Managed,103791,MPC85 4855 K EU 20kg MBG,Milk Protein Concentrate >=80%,New Zealand,MPC,38.599999999999994,346210,297389.2122913525,48820.78770864749,827.7663090158652,1475.0684561470268,1386.2533753612076,5532.581911689625,1701.8400000000001,43429.85956812339,5390.928141,3643.5186605449985,5335.428082,5335.428082,3556.9520547945203,1138.2246575342465,640.2513698630137,37897.27765643377,34253.75899588877
Portena - NL,NZ Indirect,4000203,Belgium,AMINOLABS,AMINOLABS,A,Aminolabs,Managed,115016,MPI 4900 K 20KG MBG,Milk Protein Concentrate >=80%,New Zealand,MPC,19.04,209536,163869.57392010922,45666.42607989078,408.30752651974285,727.5985338093108,683.7892297118497,12354.757049111406,1205,42641.73078984988,3024.6952900409033,1797.2174947351498,3229.150684931507,3229.150684931507,2152.767123287671,688.8854794520547,387.4980821917808,30286.97374073847,28489.756246003322
Portena - NL,NZ Indirect,4001709,Netherlands,"LACONA , C/O DOCOMAR BV",LACONA NAHRUNGSMITTEL HANDELSGES.MB,C,Lacona Nahrungsmittel,Smart Serve,104528,CaCte 3851 Sstab Disp EUR 20kg MBG,Calcium Caseinate,New Zealand,Caseinate,1.6,25120,21177.94618273159,3942.053817,34.31155685039857,61.142733933555526,57.46127980771846,8466.119265717545,0,3789.1382466767377,152.91557059167255,151.02668022984452,387.12328767123284,387.12328767123284,258.0821917808219,82.58630136986301,46.45479452054794,-4676.981019,-4828.007699
Portena - NL,NZ Indirect,4001824,Germany,ANONA GMBH,ANONA GMBH,A,Anona,Managed,104668,MLKMIN 997 UHT 25KG MBG,Milk Minerals,New Zealand,Whey,4.75,33962.5,13325.358052422958,20637.14194757704,162.97989503939314,181.51749136524296,170.58817442916418,461.1313482586539,934.24,19187.81638674324,1449.3255608338004,448.36045693235087,697.8595890410959,697.8595890410959,348.92979452054794,223.31506849315068,125.61472602739725,18726.685038484586,18278.324581552235
Portena - NL,NZ Indirect,4001824,Germany,ANONA GMBH,ANONA GMBH,A,Anona,Managed,114351,WPC 80 Chs 4501 Inst K 20kgMBG,WPC 80% (Cheese),New Zealand,WPC,14.8,199060,151567.61384275882,47492.386157241184,317.3819008661867,565.5702888853887,531.5168382213958,8203.437191801542,813.4,45264.51712926821,2227.8690279729713,1396.9967921260618,4090.2739726027394,4090.2739726027394,2045.1369863013697,1308.8876712328765,736.2493151,37061.07993746667,35664.083145340606
Portena - NL,NZ Indirect,4001824,Germany,ANONA GMBH,ANONA GMBH,A,Anona,Managed,115542,WPI 8855 IX 20KG MBG,Whey Protein Isolate,New Zealand,WPC,1.8,40050,32729.931913555993,7320.068086444007,38.60050145669838,68.78557567524997,64.64393978368327,490.16543571397074,330.26,6817.7780695283755,502.2900169156316,169.90501525857508,822.9452055,822.9452055,411.4726027,263.3424657534247,148.13013698630135,6327.612633814405,6157.707619
Portena - NL,NZ Indirect,4001824,Germany,ANONA GMBH,ANONA GMBH,A,Anona,Managed,120931,WPI 895-INST IX 20KG MBG,Whey Protein Isolate,New Zealand,WPC,0.02,0,355.5348153775322,-355.5348154,0.857788921,0.764284174,0.7182659975964808,15.568165401700199,250.87999999999997,-608.7551545,253.22033909302584,1.8878335028730564,0,0,0,0,0,-624.3233199,-626.2111534
Portena - NL,NZ Indirect,4002239,France,LACTO FOOD FRANCE SARL,AZELIS FRANCE SAS,C,Azelis,Semi Managed,100733,MPC85 4861 CWS K 20kg PPK,Milk Protein Concentrate >=80%,New Zealand,MPC,33.6,327600,321793.32761455275,5806.672385447251,720.5426938583698,1283.997412604666,1206.6868759620877,29959.791979533296,3334.7,-739.254597,6545.926982425123,3171.560284826735,6731.506849315068,6731.506849315068,3365.753424657534,2154.082191780822,1211.6712328767123,-30699.04658,-33870.60686
Portena - NL,NZ Indirect,4002518,Germany,NUTRICHEM DIAT PHARMA GMBH,NUTRICHEM DIAT PHARMA GMBH,C,Nutrichem Diat Pharma,Smart Serve,104668,MLKMIN 997 UHT 25KG MBG,Milk Minerals,New Zealand,Whey,22.4,164160,68442.10119,95717.89881,768.5788734489278,855.9982750697773,804.4579173080584,2174.5983581039677,3355.17,89933.69374208103,5784.2050658267635,2114.3735232178233,1686.5753424657532,1686.5753424657532,1686.5753424657532,0,0,87759.09538397707,85644.72186075924
Portena - NL,NZ Indirect,4002519,Germany,NUTRICHEM DIAT PHARMA GMBH,FONTERRA (EUROPE) COOPERATIE UA,C,Fonterra,Fonterra,111061,DC WHEY HYD 917 HAL/K 25KG MBG,Whey Hydrolysates,Unknown Origin,Whey,0.025,0,123.59014544947698,-123.5901454,0.6127063723285456,0.9553552177118051,0.897832497,4.704526873430185,168.56,-294.6160395,171.02589408703597,2.3597918785913206,0,0,0,0,0,-299.3205664,-301.6803583
Portena - NL,NZ Indirect,4003434,France,JLB PROCESS DROME,JLB PROCESS DROME,B,JLB Process Drome,Smart Serve,113329,CaCte 390 SusStab Disp K 20kgMBG,Calcium Caseinate,New Zealand,Caseinate,12.6,225744,181818.76495792984,43925.235042070155,270.20351019688866,481.49902972674977,452.50757848578286,48867.302311165564,2342.1168749999997,40378.908048660734,3546.326993409421,1189.3351068100255,2319.2876712328766,2319.2876712328766,2319.2876712328766,0,0,-8488.394263,-9677.729369
Portena - NL,NZ Indirect,4003434,France,JLB PROCESS DROME,JLB PROCESS DROME,B,JLB Process Drome,Smart Serve,115016,MPI 4900 K 20KG MBG,Milk Protein Concentrate >=80%,New Zealand,MPC,16.2,164844,131348.78477730567,33495.21522269433,347.4045131102854,619.0701810772497,581.7954580531494,10511.92564052546,3011.293125,28935.651945453646,4559.563277240684,1529.1451373271757,1693.6027397260273,1693.6027397260273,1693.6027397260273,0,0,18423.726304928186,16894.581167601013
Portena - NL,NZ Indirect,4003726,Portugal,FRULACT PORTUGAL,FRULACT PORTUGAL,C,Frulact Portugal,Smart Serve,104668,MLKMIN 997 UHT 25KG MBG,Milk Minerals,New Zealand,Whey,6,47100,18026.74998163671,29073.25001836329,205.86934110239136,229.2852522508332,215.47979927894423,582.4817030635628,2060.4,26362.21562573112,2711.034392632169,566.3500508619169,483.90410958904107,483.90410958904107,483.90410958904107,0,0,25779.733922667558,25213.38387180564
Portena - NL,NZ Indirect,4005043,Slovakia,RAJO S.R.O.,RAJO S.R.O.,C,Rajo,Smart Serve,100733,MPC85 4861 CWS K 20kg PPK,Milk Protein Concentrate >=80%,New Zealand,MPC,7.2,83718,62301.74772974045,21416.252270259552,154.40200582679353,275.1423027009999,258.57575913473306,6419.955424185707,1546.518,19181.614202597026,2234.6380676625267,679.6200610343003,860.1164383561643,860.1164383561643,860.1164383561643,0,0,12761.658778411318,12082.038717377018
Portena - NL,NZ Indirect,4005872,Germany,ELSDORFER MOLKEREI UND FEINKOS,ELSDORFER MOLKEREI UND FEINKOST,A,Elsdorfer Molkerei,Managed,103791,MPC85 4855 K EU 20kg MBG,Milk Protein Concentrate >=80%,New Zealand,MPC,11.46,119549.4,97093.02601044171,22456.373989558284,245.7565259409797,437.93483179909146,411.5664166227835,1642.5748369938628,2180.05,19181.06621519543,3275.3077743628546,1081.7285971462613,1228.2472602739726,1228.2472602739726,1228.2472602739726,0,0,17538.49137820157,16456.762781055306
Portena - NL,NZ Indirect,4005872,Germany,ELSDORFER MOLKEREI UND FEINKOS,ELSDORFER MOLKEREI UND FEINKOST,A,Elsdorfer Molkerei,Managed,112284,WPC80 CHS 550 25KG MBG (FUNCTIONAL),WPC 80% (Cheese),New Zealand,WPC,363.84999999999997,5230182.5,3762908.6607366614,1467273.8392633386,6242.129980008758,13904.239838577609,13067.054161273974,219976.93489470414,14269.38,1419791.0352834782,47482.80397986034,34344.411001018074,53734.75171232876,53734.75171232876,53734.75171232876,0,0,1199814.1003887742,1165469.6893877562
Portena - NL,NZ Indirect,4006358,Germany,AMINOLABS DEUTSCHLAND GMBH,AMINOLABS,A,Aminolabs,Managed,103791,MPC85 4855 K EU 20kg MBG,Milk Protein Concentrate >=80%,New Zealand,MPC,5.3,57900,40833.233812025086,17066.766187974914,113.65703206694522,202.53530615490266,190.3404893630674,759.6550293252594,580.91,15979.323360389999,1087.4428275849152,500.27587826135994,892.2945205479451,892.2945205479451,594.8630136986301,190.35616438356163,107.07534246575342,15219.668331064739,14719.392452803379
Portena - NL,NZ Indirect,4006358,Germany,AMINOLABS DEUTSCHLAND GMBH,AMINOLABS,A,Aminolabs,Managed,104642,WPI 895 IX 25KG MBG,Whey Protein Isolate,New Zealand,WPC,6.574999999999999,137417.5,96352.53741,41064.96259,112.79924314568525,251.2584222582047,236.1299467,7644.034645665448,930.37,39534.404974637066,1530.5576121137328,620.6252640695172,2117.735445205479,2117.735445205479,1411.8236301369864,451.7835616438356,254.12825342465754,31890.370328971618,31269.74506
Portena - NL,NZ Indirect,4006358,Germany,AMINOLABS DEUTSCHLAND GMBH,AMINOLABS,A,Aminolabs,Managed,113329,CaCte 390 SusStab Disp K 20kgMBG,Calcium Caseinate,New Zealand,Caseinate,17.2,317300,263653.0119505053,53646.988049494685,368.84923614178456,657.2843897857218,617.7087579329734,66707.74601206728,1622.5711111111111,50380.57455,3266.413494971591,1623.5368124708284,4889.897260273972,4889.897260273972,3259.931506849315,1043.1780821917807,586.7876712328766,-16327.17146,-17950.70827
Portena - NL,NZ Indirect,4006358,Germany,AMINOLABS DEUTSCHLAND GMBH,AMINOLABS,A,Aminolabs,Managed,114351,WPC 80 Chs 4501 Inst K 20kgMBG,WPC 80% (Cheese),New Zealand,WPC,7.2,92280,75477.25996148275,16802.74003851725,154.40200582679353,275.1423027009999,258.57575913473306,3990.8613365521014,595.4388888888889,15519.181081965837,1283.5589565514153,679.6200610343003,1422.123287671233,1422.123287671233,948.0821917808219,303.3863014,170.65479452054794,11528.319745413735,10848.699684379435
Portena - NL,NZ Indirect,4006358,Germany,AMINOLABS DEUTSCHLAND GMBH,AMINOLABS,A,Aminolabs,Managed,115016,MPI 4900 K 20KG MBG,Milk Protein Concentrate >=80%,New Zealand,MPC,1.16,11194,9983.650511939426,1210.349488060574,24.875878716538956,44.328482101827746,41.65942786059588,752.7057866055268,222.79,876.6956993816115,333.65378867896254,109.49434316663726,172.51027397260273,172.51027397260273,115.0068493150685,36.80219178082192,20.70123287671233,123.98991277608468,14.495569609447415
Portena - NL,NZ Indirect,4006358,Germany,AMINOLABS DEUTSCHLAND GMBH,AMINOLABS,A,Aminolabs,Managed,115542,WPI 8855 IX 20KG MBG,Whey Protein Isolate,New Zealand,WPC,69.98,1552274,1251351.9598500622,300922.04014993785,1500.7017177443072,2674.230325418885,2513.2127255900864,19056.542884035374,4513.35,289720.54538118455,11201.494768753279,6605.529426552825,23922.030821917808,23922.030821917808,15948.020547945203,5103.366575342466,2870.6436986301364,270664.00249714917,264058.47307059634
Portena - NL,NZ Indirect,4006405,Germany,CONDIO GMBH WERDER,CONDIO GMBH,A,Condio,Managed,100714,MPC85 4851 LL K ABT 20KG PPK,Milk Protein Concentrate >=80%,New Zealand,MPC,42,436800,370837.0875277103,65962.91247,750.5653061024685,1604.9967657558325,1508.3585949526096,14706.928887988606,2326.05,59772.94180547878,6189.970667,3964.4503560334183,6731.506849315068,6731.506849315068,4487.671232876712,1436.054794520548,807.7808219178081,45066.012917490174,41101.562561456754
Portena - NL,NZ Indirect,4006405,Germany,CONDIO GMBH WERDER,CONDIO GMBH,A,Condio,Managed,103791,MPC85 4855 K EU 20kg MBG,Milk Protein Concentrate >=80%,New Zealand,MPC,83.5,741072.5,657764.0950277256,83308.40497227444,1790.6343731301747,3190.886427157429,2998.760539965307,11968.149990313048,4602.5999999999995,70725.52363202153,12582.881340252909,7881.704874495011,11420.637842465752,11420.637842465752,7613.7585616438355,2436.4027397260274,1370.4765410958903,58757.37364170849,50875.66876721348
Portena - NL,NZ Indirect,4006405,Germany,CONDIO GMBH WERDER,CONDIO GMBH,A,Condio,Managed,104517,CaCte 3800 Sstab 20kg MBG,Calcium Caseinate,New Zealand,Caseinate,1.7999999999999998,32040,28297.381744986167,3742.618255013833,38.60050145669838,68.78557567524996,64.64393978368327,5235.533014911175,541.48,3029.108238098201,713.5100169156317,169.90501525857508,493.7671232876712,493.7671232876712,329.1780821917808,105.33698630136986,59.25205479452055,-2206.424777,-2376.329792
Portena - NL,NZ Indirect,4006405,Germany,CONDIO GMBH WERDER,CONDIO GMBH,A,Condio,Managed,112284,WPC80 CHS 550 25KG MBG (FUNCTIONAL),WPC 80% (Cheese),New Zealand,WPC,138.625,2010562.5,1571991.108798772,438571.3912012279,2378.2197841932502,5297.444682211959,4978.481195840607,83810.09371933038,8153.3099999999995,417763.9355389821,20807.45566224582,13085.045966788874,30984.696061643834,30984.696061643834,20656.46404109589,6610.068493150685,3718.1635273972597,333953.8418196517,320868.7958528628
Portena - NL,NZ Indirect,4006405,Germany,CONDIO GMBH WERDER,CONDIO GMBH,A,Condio,Managed,115016,MPI 4900 K 20KG MBG,Milk Protein Concentrate >=80%,New Zealand,MPC,5.4,47940,35222.47798686601,12717.522013133988,115.80150437009515,206.3567270257499,193.93181935104982,3503.975213508487,474.53000000000003,11726.901962387094,990.6200507,509.71504577572523,738.8013698630136,738.8013698630136,492.5342465753424,157.61095890410957,88.65616438356165,8222.926748878606,7713.211703102881
Portena - NL,NZ Indirect,4006484,Netherlands,KH DAIRY SOURCING  B.V.,KH DAIRY SOURCING  B.V.,C,KH Dairy Sourcing,Smart Serve,100733,MPC85 4861 CWS K 20kg PPK,Milk Protein Concentrate >=80%,New Zealand,MPC,45,542052,436065.1911,105986.80885622499,965.0125364174595,1719.6393918812491,1616.0984945920818,40124.72140116066,1006.66,100679.3984333342,5307.410422890791,4247.625381464377,5569.027397260274,5569.027397260274,5569.027397260274,0,0,60554.67703217353,56307.05165070915
Portena - NL,NZ Indirect,4006581,France,LACTINOV ABBEVILLE,AZELIS FRANCE SAS,C,Azelis,Semi Managed,115016,MPI 4900 K 20KG MBG,Milk Protein Concentrate >=80%,New Zealand,MPC,9.600000000000001,130140,110248.65631436356,19891.343685636442,205.86934110239142,366.85640360133317,344.7676788463108,6229.289268459532,902.8000000000001,18071.050262086406,1820.2934235500354,906.1600813790672,2674.1095890410957,2674.1095890410957,1337.0547945205478,855.7150684931506,481.3397260273972,11841.760993626875,10935.600912247808
Portena - NL,NZ Indirect,4007759,Netherlands,HEARTHSIDE EUROPE,HEARTHSIDE EUROPE,C,Hearthside,Semi Managed,113329,CaCte 390 SusStab Disp K 20kgMBG,Calcium Caseinate,New Zealand,Caseinate,6,90000,71871.93514228988,18128.064857710124,128.6683381889946,229.2852522508332,215.47979927894423,23270.14395769789,181.43,17373.201467991352,754.8633897187719,566.3500508619169,924.6575342465753,924.6575342465753,924.6575342465753,0,0,-5896.94249,-6463.292541
Portena - NL,NZ Indirect,4008204,Croatia,AMINOLABS ATLANTIC D.O.O.,EMPWR D.O.O,C,EMPWR D.O.O,Smart Serve,104517,CaCte 3800 Sstab 20kg MBG,Calcium Caseinate,New Zealand,Caseinate,1.6,32480,25648.856535321982,6831.143464678018,34.31155685039857,61.142733933555526,57.46127980771846,4653.8071243654895,816.1439999999999,5862.083894086346,969.0595705916725,151.02668022984452,333.6986301369863,333.6986301369863,333.6986301369863,0,0,1208.2767697208565,1057.250089491012
Portena - NL,NZ Indirect,4008204,Croatia,AMINOLABS ATLANTIC D.O.O.,EMPWR D.O.O,C,EMPWR D.O.O,Smart Serve,104642,WPI 895 IX 25KG MBG,Whey Protein Isolate,New Zealand,WPC,0.5,11085,8873.592129396353,2211.407870603647,8.577889213,19.10710435,17.95664993991202,581.2954103167641,204.036,1961.7302270968994,249.67764350674776,47.19583757182641,113.88698630136986,113.88698630136986,113.88698630136986,0,0,1380.4348167801354,1333.238979208309
Portena - NL,NZ Indirect,4008376,Germany,DMK BABY STRUECKHAUSEN GMBH,DMK BABY STRUECKHAUSEN GMBH,C,DMK Group,Smart Serve,111061,DC WHEY HYD 917 HAL/K 25KG MBG,Whey Hydrolysates,Unknown Origin,Whey,14.649999999999999,251017.5,90266.02687258979,160751.47312741022,359.04593418452777,559.8381575791177,526.1298432394221,2756.852747830088,1048.33,158258.12919240716,2493.3439350030676,1382.8380408545138,2578.946917808219,2578.946917808219,2578.946917808219,0,0,155501.27644457706,154118.43840372254
Portena - NL,NZ Indirect,4009232,Germany,CONDETTA GMBH & CO. KG,CONDETTA GMBH & CO. KG,B,Condetta,Managed,103791,MPC85 4855 K EU 20kg MBG,Milk Protein Concentrate >=80%,New Zealand,MPC,0.02,0,136.80500785854775,-136.8050079,0.428894461,0.764284174,0.7182659975964808,2.866622752,168.56,-307.2764525,170.4714446323959,1.8878335028730564,0,0,0,0,0,-310.1430752,-312.0309087
Portena - NL,NZ Indirect,4009289,Germany,DIRKS FULFILLMENT GMBH,ACTIVE NUTRITION INTERNATIONAL GMBH,C,Active Nutrition,Semi Managed,115016,MPI 4900 K 20KG MBG,Milk Protein Concentrate >=80%,New Zealand,MPC,9.6,102720,82553.96988200716,20166.030117992836,205.86934110239136,366.8564036013331,344.76767884631073,6229.289268459532,473.94,18774.59669,1391.4334235500353,906.1600814,1583.0136986301368,1583.0136986301368,1055.3424657534247,337.7095890410959,189.96164383561643,12545.307425983268,11639.147344604202
Portena - NL,NZ Indirect,4009524,Germany,BENFIT-NUTRITION GMBH,BENFIT-NUTRITION GMBH,C,Benfit-Nutrition,Smart Serve,115016,MPI 4900 K 20KG MBG,Milk Protein Concentrate >=80%,New Zealand,MPC,0.02,0,181.85034185082873,-181.8503419,0.428894461,0.764284174,0.7182659975964808,12.977685975957359,0,-183.7617865,1.9114446323959067,1.8878335028730564,0,0,0,0,0,-196.7394725,-198.627306
Portena - NL,NZ Indirect,4009899,France,EPILOG C/O GEONOSIS,SO SHAPE SAS,C,So Shape,Smart Serve,115016,MPI 4900 K 20KG MBG,Milk Protein Concentrate >=80%,New Zealand,MPC,9,87300,84967.53061228196,2332.469388,193.0025072834919,343.92787837624985,323.2196989184163,5839.958689180812,1015.4685714285714,456.85073171131035,1875.6186560067295,849.5250762928754,0,0,0,0,0,-5383.107957,-6232.633034
Portena - NL,NZ Indirect,4010841,France,FRANCE CULINAIRE DEVELOP SAS,AZELIS FRANCE SAS,C,Azelis,Semi Managed,100733,MPC85 4861 CWS K 20kg PPK,Milk Protein Concentrate >=80%,New Zealand,MPC,3.6,52500,34477.856530130644,18022.143469869356,77.20100291339676,137.57115135049995,129.28787956736653,3209.977712092853,4021.34,13656.743436038092,4365.4000338312635,339.81003051715015,1078.7671232876712,1078.7671232876712,539.3835616438356,345.2054794520548,194.1780821917808,10446.765723945238,10106.955693428088
Portena - NL,NZ Indirect,4011582,Germany,RUDOLF ROSE SPEDITION,INDUSTRIEBERATUNG J.KNOBEL GMBH,C,Industrieberatung J.Knobel,Smart Serve,103791,MPC85 4855 K EU 20kg MBG,Milk Protein Concentrate >=80%,New Zealand,MPC,54.6,456780,372778.28386683756,84001.71613316244,1170.8818775198508,2086.4957954825823,1960.8661734383925,7825.880113426257,1770.01,77013.46228672161,6988.253846440825,5153.785462843443,7039.4178082191775,7039.4178082191775,4692.945205479452,1501.7424657534245,844.7301369863013,69187.58217329535,64033.796710451905
Portena - NL,NZ Indirect,4012484,Germany,FRIESLAND CAMPINA KIEVIT GMBH,FRIESLAND CAMPINA KIEVIT GMBH,A,FrieslandCampina,FrieslandCampina,104613,ACas 7417 Min 30# all-in 10% 25kg MBG,Acid Casein,New Zealand,Casein,127,1936080,1614917.0649834257,321162.93501657434,2178.783860000309,4853.204505975969,4560.989084737653,70938.38586621694,3527.25,306042.7075658604,15120.22745071393,11987.742743243907,60631.726027397264,39782.46575342466,19891.23287671233,26073.915616438357,14666.577534246575,235104.32169964348,223116.57895639958
Portena - NL,NZ Indirect,4012630,Germany,KIPPING LAGER-HANDEL-LOGISTIK,ANONA GMBH,A,Anona,Managed,104642,WPI 895 IX 25KG MBG,Whey Protein Isolate,New Zealand,WPC,82.175,1564475,1166975.4876224361,397499.51237756386,1409.7760920907508,3140.2526006187027,2951.1754176245404,95535.90068556018,5675.74,384322.5682672299,13176.944110333992,7756.635905,32146.746575342466,32146.746575342466,16073.373287671233,10286.958904109588,5786.414383561643,288786.6675816697,281030.03167674004
Portena - NL,NZ Indirect,4012630,Germany,KIPPING LAGER-HANDEL-LOGISTIK,ANONA GMBH,A,Anona,Managed,104668,MLKMIN 997 UHT 25KG MBG,Milk Minerals,New Zealand,Whey,4.75,33962.5,13325.358052422958,20637.14194757704,162.97989503939314,181.51749136524296,170.58817442916418,461.1313482586539,968.24,19153.81638674324,1483.3255608338004,448.36045693235087,697.8595890410959,697.8595890410959,348.92979452054794,223.31506849315068,125.61472602739725,18692.685038484586,18244.324581552235
Portena - NL,NZ Indirect,4012630,Germany,KIPPING LAGER-HANDEL-LOGISTIK,ANONA GMBH,A,Anona,Managed,113329,CaCte 390 SusStab Disp K 20kgMBG,Calcium Caseinate,New Zealand,Caseinate,10.2,173400,157681.35003880702,15718.649961192976,218.73617492129083,389.78492882641643,366.3156587742052,39559.24472808641,782.04,13961.773198671064,1756.8767625219125,962.7950864652587,3563.013698630137,3563.013698630137,1781.5068493150684,1140.1643835616437,641.3424657534246,-25597.47153,-26560.26662
Portena - NL,NZ Indirect,4012630,Germany,KIPPING LAGER-HANDEL-LOGISTIK,ANONA GMBH,A,Anona,Managed,114351,WPC 80 Chs 4501 Inst K 20kgMBG,WPC 80% (Cheese),New Zealand,WPC,287,3776000,2939182.781950796,836817.218,6154.635510040242,10967.477899331521,10307.11707,159080.1671653407,15390.009999999998,793997.9775743227,42819.240474881255,27090.41076622836,77589.04109589041,77589.04109589041,38794.520547945205,24828.49315068493,13966.027397260274,634917.8104,607827.3996427536
Portena - NL,NZ Indirect,4012630,Germany,KIPPING LAGER-HANDEL-LOGISTIK,ANONA GMBH,A,Anona,Managed,120874,WPC80 CHS 450 INST 20KG MBG,WPC 80% (Cheese),New Zealand,WPC,114.02000000000001,1533569,1245488.4143292778,288080.5856707222,2445.127320051528,4357.1840769400005,4094.834452297537,73928.12090623843,5899.5999999999995,271283.8398214331,16796.745849289066,10762.538799879296,31511.691780821915,31511.691780821915,15755.845890410958,10083.741369863013,5672.104520547944,197355.71891519468,186593.1801153154
Portena - NL,NZ Indirect,4012760,Denmark,FAYREFIELD FOODS A/S,FAYREFIELD FOODS A/S,A,Fayrefield,Semi Managed,112284,WPC80 CHS 550 25KG MBG (FUNCTIONAL),WPC 80% (Cheese),New Zealand,WPC,55.2,690336,514986.00891126134,175349.99108873866,946.9989690710004,2109.4243207076656,1982.4141533662869,33372.89214288214,4440.54,165870.61364559372,9479.377443144953,5210.420467929636,10638.739726027397,10638.739726027397,7092.493150684932,2269.5978082191778,1276.6487671232876,132497.7215027116,127287.30103478195
Portena - NL,NZ Indirect,4013092,France,TRANSPORTS LE GUEVEL,AZELIS FRANCE SAS,C,Azelis,Semi Managed,100733,MPC85 4861 CWS K 20kg PPK,Milk Protein Concentrate >=80%,New Zealand,MPC,9.6,139680,91940.95074701506,47739.04925298494,205.86934110239136,366.8564036013331,344.76767884631073,8559.940565580942,2140.86,44680.69582943491,3058.3534235500356,906.1600814,2870.1369863013697,2870.1369863013697,1435.0684931506848,918.4438356164383,516.6246575342466,36120.755263853964,35214.59518
Portena - NL,NZ Indirect,4013679,Netherlands,VAN DALEN C/O JONKER & SCHUT B,VAN DALEN DAIRY TRADING BV.,C,Van Dalen Dairy Trading,Smart Serve,100714,MPC85 4851 LL K ABT 20KG PPK,Milk Protein Concentrate >=80%,New Zealand,MPC,0.32,1152,910.1554552031381,241.8445447968619,5.718592808399761,12.228546786711105,11.492255961543693,112.05279152753225,0,212.40514924020732,29.43939555665456,30.205336045968902,5.917808219178082,5.917808219178082,5.917808219178082,0,0,100.35235771267507,70.14702166670617
Portena - NL,NZ Indirect,4013679,Netherlands,VAN DALEN C/O JONKER & SCHUT B,VAN DALEN DAIRY TRADING BV.,C,Van Dalen Dairy Trading,Smart Serve,103630,DC WHEY HYD 917 HAL/K EU 25KG MBG,Whey Hydrolysates,Unknown Origin,Whey,0.025,90,31.26246228449118,58.73753771550882,0.428894461,0.9553552177118051,0.897832497,11.753400146156155,0,56.455455540171435,2.282082175337388,2.3597918785913206,0.46232876712328763,0.46232876712328763,0.46232876712328763,0,0,44.70205539401528,42.34226351542396
Portena - NL,NZ Indirect,4013679,Netherlands,VAN DALEN C/O JONKER & SCHUT B,VAN DALEN DAIRY TRADING BV.,C,Van Dalen Dairy Trading,Smart Serve,103791,MPC85 4855 K EU 20kg MBG,Milk Protein Concentrate >=80%,New Zealand,MPC,0.04,144,104.56348206522863,39.43651793477137,0.857788921,1.528568348338888,1.4365319951929616,5.733245504,0,35.61362866997956,3.8228892647918133,3.775667005746113,0.7397260273972602,0.7397260273972602,0.7397260273972602,0,0,29.88038316563798,26.10471615989187
Portena - NL,NZ Indirect,4013679,Netherlands,VAN DALEN C/O JONKER & SCHUT B,VAN DALEN DAIRY TRADING BV.,C,Van Dalen Dairy Trading,Smart Serve,104504,NACTE 1808 20% R150UM ABT 20KG MBG,Sodium Caseinate,New Zealand,Caseinate,0.18,648,413.61339586834475,234.38660413165525,2.7571786754784555,6.878557567524996,6.464393978368326,121.76711358586078,0,218.28647391028346,16.100130221371778,16.990501525857507,3.328767123287671,3.328767123287671,3.328767123287671,0,0,96.51936032442268,79.52885879856517
Portena - NL,NZ Indirect,4013679,Netherlands,VAN DALEN C/O JONKER & SCHUT B,VAN DALEN DAIRY TRADING BV.,C,Van Dalen Dairy Trading,Smart Serve,104517,CaCte 3800 Sstab 20kg MBG,Calcium Caseinate,New Zealand,Caseinate,0.06,216,176.17850513653326,39.82149486346674,1.2866833818899461,2.292852522508332,2.154797992789442,174.51776716370586,0,34.08716096627902,5.734333897,5.663500508619169,1.1095890410958904,1.1095890410958904,1.1095890410958904,0,0,-140.4306062,-146.0941067
Portena - NL,NZ Indirect,4013679,Netherlands,VAN DALEN C/O JONKER & SCHUT B,VAN DALEN DAIRY TRADING BV.,C,Van Dalen Dairy Trading,Smart Serve,104527,CACTE 3808 SSTAB ABT 20KG MBG,Calcium Caseinate,New Zealand,Caseinate,0.32,1152,4723.820170465384,-3571.82017,6.238464881890647,12.228546786711105,11.492255961543693,808.6743833235948,0,-3601.779438,29.959267630145447,30.205336045968902,5.917808219178082,5.917808219178082,5.917808219178082,0,0,-4410.453821,-4440.659157
Portena - NL,NZ Indirect,4013679,Netherlands,VAN DALEN C/O JONKER & SCHUT B,VAN DALEN DAIRY TRADING BV.,C,Van Dalen Dairy Trading,Smart Serve,104613,ACas 7417 Min 30# all-in 10% 25kg MBG,Acid Casein,New Zealand,Casein,0.125,725,471.8983501709687,253.10164982903132,2.144472303,4.776776088559025,4.489162484978005,69.82124593131589,0,241.69123895234438,11.410410876686939,11.798959392956602,3.7243150684931505,3.7243150684931505,3.7243150684931505,0,0,171.8699930210285,160.07103362807192
Portena - NL,NZ Indirect,4013679,Netherlands,VAN DALEN C/O JONKER & SCHUT B,VAN DALEN DAIRY TRADING BV.,C,Van Dalen Dairy Trading,Smart Serve,104642,WPI 895 IX 25KG MBG,Whey Protein Isolate,New Zealand,WPC,0.125,450,221.48073376217738,228.51926623782262,2.144472303,4.776776088559025,4.489162484978005,145.32385257919103,0,217.10885536113568,11.410410876686939,11.798959392956602,2.3116438356164384,2.3116438356164384,2.3116438356164384,0,0,71.78500278194466,59.98604338898805
Portena - NL,NZ Indirect,4013679,Netherlands,VAN DALEN C/O JONKER & SCHUT B,VAN DALEN DAIRY TRADING BV.,C,Van Dalen Dairy Trading,Smart Serve,104668,MLKMIN 997 UHT 25KG MBG,Milk Minerals,New Zealand,Whey,0.175,17.5,488.13270060025303,-470.6327006,6.004522448819747,6.687486523982635,6.2848274789692065,16.989049672687248,0,-489.6095371,18.97683645177159,16.518543150139244,0.08989726,0.08989726,0.08989726,0,0,-506.5985867,-523.1171299
Portena - NL,NZ Indirect,4013679,Netherlands,VAN DALEN C/O JONKER & SCHUT B,VAN DALEN DAIRY TRADING BV.,C,Van Dalen Dairy Trading,Smart Serve,110170,CaCte 3808 Sstab ABT 20kg MBG,Calcium Caseinate,New Zealand,Caseinate,0.18,648,628.1192597751239,19.88074022487615,3.8600501456698377,6.878557567524996,6.464393978368326,370.6918090329194,0,2.677738533,17.20300169156316,16.990501525857507,3.328767123287671,3.328767123287671,3.328767123287671,0,0,-368.0140705,-385.004572
Portena - NL,NZ Indirect,4013679,Netherlands,VAN DALEN C/O JONKER & SCHUT B,VAN DALEN DAIRY TRADING BV.,C,Van Dalen Dairy Trading,Smart Serve,111061,DC WHEY HYD 917 HAL/K 25KG MBG,Whey Hydrolysates,Unknown Origin,Whey,0.125,450,352.5043851660936,97.49561483390642,3.0635318616427285,4.776776088559025,4.489162484978005,23.52263436715092,0,85.16614439872666,12.329470435179758,11.798959392956602,2.3116438356164384,2.3116438356164384,2.3116438356164384,0,0,61.64351003157574,49.84455063861913
Portena - NL,NZ Indirect,4013679,Netherlands,VAN DALEN C/O JONKER & SCHUT B,VAN DALEN DAIRY TRADING BV.,C,Van Dalen Dairy Trading,Smart Serve,111683,DC NACTE 167 HAL/K 20KG MBG,Sodium Caseinate,Unknown Origin,Caseinate,0.42,1512,888.5668879498569,623.4331120501431,9.006783673229622,16.049967657558323,15.083585949526096,15.554545204053374,0,583.2927747698291,40.14033728031404,39.64450356033418,7.767123287671232,7.767123287671232,7.767123287671232,0,0,567.7382295657757,528.0937260054415
Portena - NL,NZ Indirect,4013679,Netherlands,VAN DALEN C/O JONKER & SCHUT B,VAN DALEN DAIRY TRADING BV.,C,Van Dalen Dairy Trading,Smart Serve,112284,WPC80 CHS 550 25KG MBG (FUNCTIONAL),WPC 80% (Cheese),New Zealand,WPC,1.075,3870,1779.601424883636,2090.398575116364,18.442461807089227,41.080274361607614,38.60679737081084,649.9249828550417,0,1992.2690415768564,98.12953353950768,101.47105077942678,19.88013698630137,19.88013698630137,19.88013698630137,0,0,1342.3440587218147,1240.8730079423879
Portena - NL,NZ Indirect,4013679,Netherlands,VAN DALEN C/O JONKER & SCHUT B,VAN DALEN DAIRY TRADING BV.,C,Van Dalen Dairy Trading,Smart Serve,112960,MPC85 4882 MEDAPP HAL/K 20KG MBG,Milk Protein Concentrate >=80%,New Zealand,MPC,0.1,360,319.44935471838863,40.55064528161137,2.0104427842030406,3.8214208708472204,3.591329987982404,53.851206338716636,0,31.12745164,9.423193643032665,9.439167514365282,1.8493150684931505,1.8493150684931505,1.8493150684931505,0,0,-22.7237547,-32.16292221
Portena - NL,NZ Indirect,4013679,Netherlands,VAN DALEN C/O JONKER & SCHUT B,VAN DALEN DAIRY TRADING BV.,C,Van Dalen Dairy Trading,Smart Serve,113329,CaCte 390 SusStab Disp K 20kgMBG,Calcium Caseinate,New Zealand,Caseinate,0.34,1224,1070.5973666542334,153.40263334576662,7.291205830709695,12.992830960880548,12.210521959140173,1318.6414909362138,0,120.9080745950362,32.49455875073042,32.09316954884196,6.287671232876712,6.287671232876712,6.287671232876712,0,0,-1197.733416,-1229.826586
Portena - NL,NZ Indirect,4013679,Netherlands,VAN DALEN C/O JONKER & SCHUT B,VAN DALEN DAIRY TRADING BV.,C,Van Dalen Dairy Trading,Smart Serve,114351,WPC 80 Chs 4501 Inst K 20kgMBG,WPC 80% (Cheese),New Zealand,WPC,0.06,216,99.46667585868587,116.53332414131413,1.2866833818899461,2.292852522508332,2.154797992789442,33.25717780460084,0,110.7989902441264,5.734333897,5.663500508619169,1.1095890410958904,1.1095890410958904,1.1095890410958904,0,0,77.54181243952556,71.87831193090639
Portena - NL,NZ Indirect,4013679,Netherlands,VAN DALEN C/O JONKER & SCHUT B,VAN DALEN DAIRY TRADING BV.,C,Van Dalen Dairy Trading,Smart Serve,114574,MPC70 4703 LH K ABT 20KG MBG,Milk Protein Concentrate 70,New Zealand,MPC,0.3,1080,680.5386889800394,399.4613110199606,6.433416909,11.46426261254166,10.77398996394721,123.83678321834807,0,370.7896415,28.67166949,28.317502543095845,5.547945205479452,5.547945205479452,5.547945205479452,0,0,246.95285831567392,218.63535577257807
Portena - NL,NZ Indirect,4013679,Netherlands,VAN DALEN C/O JONKER & SCHUT B,VAN DALEN DAIRY TRADING BV.,C,Van Dalen Dairy Trading,Smart Serve,114612,MPC85 4854 LOSRC K EU NES 20KG MBG,Milk Protein Concentrate >=80%,New Zealand,MPC,0.06,216,162.21149126413204,53.788508735867964,1.2866833818899461,2.292852522508332,2.154797992789442,52.41609928391725,0,48.05417483868025,5.734333897,5.663500508619169,1.1095890410958904,1.1095890410958904,1.1095890410958904,0,0,-4.361924445,-10.02542495
Portena - NL,NZ Indirect,4013679,Netherlands,VAN DALEN C/O JONKER & SCHUT B,VAN DALEN DAIRY TRADING BV.,C,Van Dalen Dairy Trading,Smart Serve,114808,DC NACTE 166 HAL/K 20KG MBG,Sodium Caseinate,Unknown Origin,Caseinate,1.54,5544,4036.5642564590294,1507.4357435409706,33.024873468508616,58.849881411047186,55.30648181492902,54.822021577859715,0,1360.2545068464858,147.18123669448482,145.36317972122535,28.479452054794518,28.479452054794518,28.479452054794518,0,0,1305.4324852686261,1160.0693055474007
Portena - NL,NZ Indirect,4013679,Netherlands,VAN DALEN C/O JONKER & SCHUT B,VAN DALEN DAIRY TRADING BV.,C,Van Dalen Dairy Trading,Smart Serve,115542,WPI 8855 IX 20KG MBG,Whey Protein Isolate,New Zealand,WPC,0.02,72,31.558650609068923,40.44134939093108,0.428894461,0.764284174,0.7182659975964808,5.446282619044119,0,38.529904758535174,1.9114446323959067,1.8878335028730564,0.3698630136986301,0.3698630136986301,0.3698630136986301,0,0,33.083622139491055,31.195788636617998
Portena - NL,NZ Indirect,4013679,Netherlands,VAN DALEN C/O JONKER & SCHUT B,VAN DALEN DAIRY TRADING BV.,C,Van Dalen Dairy Trading,Smart Serve,120874,WPC80 CHS 450 INST 20KG MBG,WPC 80% (Cheese),New Zealand,WPC,0.02,72,41.71900037299514,30.28099962700486,0.428894461,0.764284174,0.7182659975964808,12.967570760610142,0,28.369554994608954,1.9114446323959067,1.8878335028730564,0.3698630136986301,0.3698630136986301,0.3698630136986301,0,0,15.401984233998812,13.514150731125756
Portena - NL,NZ Indirect,4013679,Netherlands,VAN DALEN C/O JONKER & SCHUT B,VAN DALEN DAIRY TRADING BV.,C,Van Dalen Dairy Trading,Smart Serve,120931,WPI 895-INST IX 20KG MBG,Whey Protein Isolate,New Zealand,WPC,0.1,360,206.35837374114135,153.64162625885865,4.288944606299821,3.8214208708472204,3.591329987982404,77.84082701,0,141.93993079372922,11.701695465129445,9.439167514365282,1.8493150684931505,1.8493150684931505,1.8493150684931505,0,0,64.09910378522822,54.65993627086294
Portena - NL,NZ Indirect,4013679,Netherlands,VAN DALEN C/O JONKER & SCHUT B,VAN DALEN DAIRY TRADING BV.,C,Van Dalen Dairy Trading,Smart Serve,120941,DC WHEY HYD 7051 HA HAL/K 500KG BBG,Whey Hydrolysates,Unknown Origin,Whey,1.5,5400,3236.060748661115,2163.939251338885,38.60050145669838,57.32131306,53.86994981973606,401.0701996545379,0,2014.1474869997421,149.79176433914273,141.58751271547922,27.739726027397257,27.739726027397257,27.739726027397257,0,0,1613.0772873452042,1471.489774629725
Portena - NL,NZ Indirect,4013679,Netherlands,VAN DALEN C/O JONKER & SCHUT B,VAN DALEN DAIRY TRADING BV.,C,Van Dalen Dairy Trading,Smart Serve,121038,BMP BSP NUTING WTBLD ABT 25KG MBG,Buttermilk Powder,New Zealand,BMP,0.4,400,1203.6685731176592,-803.6685731,6.862311370079712,15.285683483388881,14.365319951929616,48.38177474625993,0,-840.1818879,36.51331480539821,37.75667005746113,2.054794520547945,2.054794520547945,2.054794520547945,0,0,-888.5636627,-926.3203327
Portena - NL,NZ Indirect,4013771,Netherlands,VAN LINDENBERG C/O VAN ZUTVEN,VAN LINDENBERG INGREDIENTS B.V.,B,Van Lindenberg Trading,Semi Managed,103791,MPC85 4855 K EU 20kg MBG,Milk Protein Concentrate >=80%,New Zealand,MPC,0.28,1120,988.0704724041158,131.92952759588422,6.004522448819749,10.699978438372218,10.055723966350731,40.13271853039107,0,105.16930274234153,26.760224853542702,26.42966904022279,11.506849315068493,11.506849315068493,11.506849315068493,0,0,65.03658421195047,38.60691517172768
Portena - NL,NZ Indirect,4013771,Netherlands,VAN LINDENBERG C/O VAN ZUTVEN,VAN LINDENBERG INGREDIENTS B.V.,B,Van Lindenberg Trading,Semi Managed,104650,WHEY HYD 821 HA 15KG MBG,Whey Hydrolysates,New Zealand,Whey,0.72,2880,2516.1732151543497,363.8267848456503,20.586934110239135,27.514230270099983,25.857575913473305,117.76479638009053,0,289.8680445518379,73.95874029381241,67.96200610343003,29.58904109589041,29.58904109589041,29.58904109589041,0,0,172.10324817174737,104.14124206831734
Portena - NL,NZ Indirect,4013926,Germany,CONDIO GMBH,CONDIO GMBH,A,Condio,Managed,100714,MPC85 4851 LL K ABT 20KG PPK,Milk Protein Concentrate >=80%,New Zealand,MPC,6.58,68432,58097.81037934128,10334.189620658719,117.58856462272007,251.44949330174708,236.30951320924217,2304.0855257848816,851.62,8877.22205,1456.9675711337093,621.0972224452355,1054.6027397260273,1054.6027397260273,703.0684931506848,224.98191780821915,126.55232876712327,6573.136523740128,5952.0393012948925
Portena - NL,NZ Indirect,4013926,Germany,CONDIO GMBH,CONDIO GMBH,A,Condio,Managed,103791,MPC85 4855 K EU 20kg MBG,Milk Protein Concentrate >=80%,New Zealand,MPC,46.76,475783,368347.89321552636,107435.10678447364,1002.755248952898,1786.8963992081601,1679.305902380572,6702.163994575308,3406.48,99559.66923393201,7875.437551,4413.754729717206,7332.272260273972,7332.272260273972,4888.181506849315,1564.218082191781,879.8726712328767,92857.50524,88443.75051
Portena - NL,NZ Indirect,4013926,Germany,CONDIO GMBH,CONDIO GMBH,A,Condio,Managed,116248,MPC85 4851 LL K 20KG PPK,Milk Protein Concentrate >=80%,New Zealand,MPC,3.54,35400,27455.045796993876,7944.954203006124,75.91431953150682,135.2782988279916,127.13308157457709,2512.908597285068,851.6199999999999,6755.008503072048,1189.9456999340755,334.14653,545.5479452054794,545.5479452054794,363.69863013698625,116.3835616438356,65.46575342465752,4242.099906,3907.9533757784493
Portena - NL,NZ Indirect,4013956,Germany,IMMERGUT GMBH & CO. KG,IMMERGUT GMBH & CO. KG,C,Privatmolkerei Bauer,Smart Serve,115542,WPI 8855 IX 20KG MBG,Whey Protein Isolate,New Zealand,WPC,15.8,300620,219673.57677909467,80946.42322090533,338.8266238976858,603.7844975938608,567.4301381012198,4302.563269044855,1810.27,77626.11196131256,3320.3112595927664,1491.3884672697145,3088.5616438356165,3088.5616438356165,3088.5616438356165,0,0,73323.54869226771,71832.16022499799
Portena - NL,NZ Indirect,4014641,Norway,NEN-PRODUKTER AS,NEN-PRODUKTER AS,C,NEN-Produkter,Smart Serve,103791,MPC85 4855 K EU 20kg MBG,Milk Protein Concentrate >=80%,New Zealand,MPC,0.16,1864,1267.1545908331784,596.8454091668216,3.431155685039856,6.114273393355552,5.746127980771846,22.93298201736632,263.01,318.54385210765435,278.30155705916724,15.102668022984451,19.15068493150685,19.15068493150685,19.15068493150685,0,0,295.6108701,280.50820206730356
Portena - NL,NZ Indirect,4014649,Belgium,MEDIX LABORATOIRES NV,ALPHACAPS GMBH,B,Alphacaps,Semi Managed,103791,MPC85 4855 K EU 20kg MBG,Milk Protein Concentrate >=80%,New Zealand,MPC,3.6,39870,32294.857525678974,7575.142474321026,77.20100291339676,137.57115135049995,129.28787956736653,515.9920953907423,414.2,6816.882440489763,758.2600338312632,339.81003051715015,409.62328767123284,409.62328767123284,409.62328767123284,0,0,6300.890345099021,5961.080314581871
Portena - NL,NZ Indirect,4014742,Germany,PROTERO GMBH,PROTERO GMBH,C,PROTERO GMBH,Semi Managed,114351,WPC 80 Chs 4501 Inst K 20kgMBG,WPC 80% (Cheese),New Zealand,WPC,4.2,36060,26088.910094472256,9971.089905527744,90.06783673229621,160.49967657558324,150.83585949526096,2328.002446322059,0,9569.686532724603,401.4033728031404,396.4450356033418,370.4794520547945,370.4794520547945,370.4794520547945,0,0,7241.684086402544,6845.239050799202
Portena - NL,NZ Indirect,4014743,Germany,MEDICHEMIA GMBH C/O PROTERO,PROTERO GMBH,C,PROTERO GMBH,Semi Managed,114351,WPC 80 Chs 4501 Inst K 20kgMBG,WPC 80% (Cheese),New Zealand,WPC,1.2,17400,7453.974312706358,9946.025687,25.73366763779892,45.85705045016664,43.09595985578884,665.1435560920169,400.16,9431.179009349886,514.8466779437545,113.27001017238338,178.7671232876712,178.7671232876712,178.7671232876712,0,0,8766.035453,8652.765443085485
Portena - NL,NZ Indirect,4014856,Germany,KRAFTVERKEHR NAGEL SE & CO.,CONDETTA GMBH & CO. KG,B,Condetta,Managed,103791,MPC85 4855 K EU 20kg MBG,Milk Protein Concentrate >=80%,New Zealand,MPC,184.12,1486957.2,1259426.9023457905,227530.29765420943,3948.4024045596143,7036.000107403903,6612.356773873202,26390.129056484293,8569.58,201363.9583683727,26166.339285836722,17379.395227449357,15276.957534246576,15276.957534246576,15276.957534246576,0,0,174973.8293118884,157594.43408443904
Portena - NL,NZ Indirect,4014878,Belgium,SOLINA BELGIUM AG/NV EUPEN,SOLINA BELGIUM AG/NV,C,SOLINA BELGIUM AG/NV,Smart Serve,100733,MPC85 4861 CWS K 20kg PPK,Milk Protein Concentrate >=80%,New Zealand,MPC,0.6,6600,4573.448209315272,2026.551790684728,12.86683381889946,22.92852522508332,21.54797992789442,534.9962853488089,59.92,1909.288451712851,117.2633389718772,56.63500508619169,67.80821917808218,67.80821917808218,67.80821917808218,0,0,1374.292166364042,1317.6571612778503
Portena - NL,NZ Indirect,4014878,Belgium,SOLINA BELGIUM AG/NV EUPEN,SOLINA BELGIUM AG/NV,C,SOLINA BELGIUM AG/NV,Smart Serve,120931,WPI 895-INST IX 20KG MBG,Whey Protein Isolate,New Zealand,WPC,4.92,113160,76855.72812251092,36304.27187748908,211.01607462995113,188.01390684568324,176.69343540873427,3829.768688818249,773.3399999999999,34955.208460604714,1349.0634168843685,464.4070417067719,1162.6027397260273,1162.6027397260273,1162.6027397260273,0,0,31125.439771786463,30661.032730079693
Portena - NL,NZ Indirect,4015153,Germany,STERNMAID TRANSPORTE&LOGISTIK,STERNMAID GMBH & CO. KG,C,Sternmaid,Smart Serve,104668,MLKMIN 997 UHT 25KG MBG,Milk Minerals,New Zealand,Whey,7.5,48000,22837.868306515447,25162.131693484553,257.3366763779892,286.6065653135415,269.34974909868026,728.1021288294535,1255.21,23093.628702694343,2068.502990790211,707.9375635773962,493.1506849315068,493.1506849315068,493.1506849315068,0,0,22365.52657386489,21657.58901028749
Portena - NL,NZ Indirect,4015185,Italy,UNIONPLUS S.R.L.,UNIONPLUS S.R.L.,C,Unionplus,Smart Serve,103791,MPC85 4855 K EU 20kg MBG,Milk Protein Concentrate >=80%,New Zealand,MPC,18,129060,110354.57628367085,18705.423716329155,386.0050145669838,687.8557567524997,646.4393978368327,2579.960476953711,0,16985.12354717284,1720.3001691563163,1699.0501525857508,1325.958904109589,1325.958904109589,1325.958904109589,0,0,14405.163070219129,12706.112917633378
Portena - NL,NZ Indirect,4015186,Italy,WAREHOUSE UNIONPLUS S.R.L.,UNIONPLUS S.R.L.,C,Unionplus,Smart Serve,103791,MPC85 4855 K EU 20kg MBG,Milk Protein Concentrate >=80%,New Zealand,MPC,18.02,129168,110477.1924795416,18690.807520458402,386.4339090276138,688.6200409,647.1576638344292,2582.8270997058817,291.12,16677.47590666969,2013.3316137887118,1700.9379860886238,1327.0684931506848,1327.0684931506848,1327.0684931506848,0,0,14094.648806963807,12393.710820875183
Portena - NL,NZ Indirect,4015186,Italy,WAREHOUSE UNIONPLUS S.R.L.,UNIONPLUS S.R.L.,C,Unionplus,Smart Serve,111061,DC WHEY HYD 917 HAL/K 25KG MBG,Whey Hydrolysates,Unknown Origin,Whey,0.75,10500,4691.904745481372,5808.095254518628,18.381191169856372,28.66065653135415,26.93497490986803,141.13580620290554,0,5734.118432,73.97682261107855,70.79375635773961,107.87671232876711,107.87671232876711,107.87671232876711,0,0,5592.982625704644,5522.1888693469045
Portena - NL,NZ Indirect,4015186,Italy,WAREHOUSE UNIONPLUS S.R.L.,UNIONPLUS S.R.L.,C,Unionplus,Smart Serve,112284,WPC80 CHS 550 25KG MBG (FUNCTIONAL),WPC 80% (Cheese),New Zealand,WPC,13.85,158513,93605.51333,64907.486672243205,237.60753118901002,529.2667906,497.3992033355629,8373.452104690537,426.6,63216.61314710629,1690.873525136913,1307.3247007395917,1628.558219178082,1628.558219178082,1628.558219178082,0,0,54843.161042415755,53535.836341676164
Portena - NL,NZ Indirect,4015563,Germany,CARE4TRADE & NUTRIFILL GMBH C/,PROTERO GMBH,C,PROTERO GMBH,Semi Managed,114351,WPC 80 Chs 4501 Inst K 20kgMBG,WPC 80% (Cheese),New Zealand,WPC,1.2,12960,7453.974312706358,5506.025687293642,25.73366763779892,45.85705045016664,43.09595985578884,665.1435560920169,236.66666666666666,5154.672343,351.35334461042106,113.27001017238338,133.15068493150685,133.15068493150685,133.15068493150685,0,0,4489.528786591203,4376.258776
Portena - NL,NZ Indirect,4015579,Czech Republic,VILGAIN WH Z2,VILGAIN S.R.O.,C,Vilgain,Smart Serve,100733,MPC85 4861 CWS K 20kg PPK,Milk Protein Concentrate >=80%,New Zealand,MPC,0.1,950,640.3536241239394,309.6463758760606,2.1444723031499104,3.8214208708472204,3.591329987982404,89.16604755813482,364.35,-64.26084729,373.9072231619796,9.439167514365282,9.760273973,9.760273973,9.760273973,0,0,-153.4268948,-162.8660624
Portena - NL,NZ Indirect,4015842,Poland,4 FUN POLSKA SP. Z O.O.,"DAIRY 4 FUN , S.R.O.",B,"DAIRY 4 FUN , S.R.O.",Semi Managed,103791,MPC85 4855 K EU 20kg MBG,Milk Protein Concentrate >=80%,New Zealand,MPC,90,702900,588902.1669860284,113997.83301397157,1930.025072834919,3439.2787837624983,3232.1969891841636,12899.802384768554,850,104546.33216818998,9451.500845781582,8495.250762928754,7221.575342465752,7221.575342465752,7221.575342465752,0,0,91646.52978342143,83151.27902049267
Portena - NL,NZ Indirect,4016239,Czech Republic,"DAIRY 4 FUN , S.R.O.","DAIRY 4 FUN , S.R.O.",B,"DAIRY 4 FUN , S.R.O.",Semi Managed,103791,MPC85 4855 K EU 20kg MBG,Milk Protein Concentrate >=80%,New Zealand,MPC,144,1107000,942243.4671776455,164756.53282235446,3088.0401165358703,5502.846054019998,5171.515182694661,20639.683815629687,0,150994.13146910394,13762.40135325053,13592.401220686006,11373.287671232876,11373.287671232876,11373.287671232876,0,0,130354.44765347426,116762.04643278825
Rokiskio - LT,EU to EU Direct,2000332,Germany,STERNMAID GMBH & CO. KG,STERNMAID GMBH & CO. KG,C,Sternmaid,Smart Serve,113165,ROKI WPC80 CHS 392 K 20KG MBG,WPC 80% (Cheese),Lithuania,WPC,7.92,57895.2,67502.69432362219,-9607.494324,0,0,0,624.7874394966598,1100,-10707.49432,1100,747.5820671377303,594.8136986,594.8136986,594.8136986,0,0,-11332.28176,-12079.86383
Rokiskio - LT,EU to EU Direct,2005770,Netherlands,UNIVAR SOLUTIONS B.V.,UNIVAR SOLUTIONS B.V.,B,Univar Solutions,Managed,113165,ROKI WPC80 CHS 392 K 20KG MBG,WPC 80% (Cheese),Lithuania,WPC,10.56,61776,58607.77915070243,3168.2208492975697,0,0,0,833.0499193288797,0,3168.2208492975697,0,996.7760895169738,1269.3698630136985,1269.3698630136985,634.6849315068492,406.19835616438354,228.48657534246573,2335.17093,1338.3948404517162
Rokiskio - LT,EU to EU Direct,2005770,Netherlands,UNIVAR SOLUTIONS B.V.,UNIVAR SOLUTIONS B.V.,B,Univar Solutions,Managed,114455,ROKI WPC80 Chs 450 Inst K EU 15kgMBG,WPC 80% (Cheese),Lithuania,WPC,49.68000000000001,248940,262735.1840243213,-13795.18402,0,0,0,9405.463646594158,0,-13795.18402,0,4689.378421136672,5115.2054794520545,5115.2054794520545,2557.6027397260273,1636.8657534246574,920.7369863013698,-23200.64767,-27890.02609
Rokiskio - LT,EU to EU Direct,2005770,Netherlands,UNIVAR SOLUTIONS B.V.,UNIVAR SOLUTIONS B.V.,B,Univar Solutions,Managed,116274,ROKI WPI 894-INST MF EU 15KG MBG,Whey Protein Isolate,Lithuania,WPC,17.28,152928,219652.9322993841,-66724.9323,0,0,0,5934.646677934189,0,-66724.9323,0,1631.0881464823208,3142.3561643835615,3142.3561643835615,1571.1780821917807,1005.5539726027397,565.6241096,-72659.57898,-74290.66712
Rokiskio - LT,EU to EU Direct,2009710,Germany,LACTOLAND,LACTOLAND,A,Lactoland,Managed,114455,ROKI WPC80 Chs 450 Inst K EU 15kgMBG,WPC 80% (Cheese),Lithuania,WPC,138.94500000000002,1136667,1210524.919194195,-73857.91919,0,0,0,26305.19618,0,-73857.91919,0,13115.251302834842,17517.128424657534,17517.128424657534,11678.085616438355,3736.9873972602736,2102.055410958904,-100163.1154,-113278.3667
Rokiskio - LT,EU to EU Direct,2009710,Germany,LACTOLAND,LACTOLAND,A,Lactoland,Managed,116235,ROKI WPC 356 HIFAT EU 15KG MBG,High Fat B/T WPC,Lithuania,WPC,171.705,878732.25,838948.8073642278,39783.44263577217,0,0,0,15368.681343615524,0,39783.44263577217,0,16207.522580540908,13542.106592465752,13542.106592465752,9028.071061643835,2888.9827397260274,1625.0527910958904,24414.761292156643,8207.238711615735
Rokiskio - LT,EU to EU Direct,2009710,Germany,LACTOLAND,LACTOLAND,A,Lactoland,Managed,116274,ROKI WPI 894-INST MF EU 15KG MBG,Whey Protein Isolate,Lithuania,WPC,17.28,309312,439791.1595009823,-130479.1595,0,0,0,5934.646677934189,0,-130479.1595,0,1631.0881464823208,4766.794520547945,4766.794520547945,3177.863014,1016.9161643835615,572.0153424657534,-136413.8062,-138044.8943
Rokiskio - LT,EU to EU Direct,2012213,France,CHEMLOG,AZELIS FRANCE SAS,C,Azelis,Semi Managed,113165,ROKI WPC80 CHS 392 K 20KG MBG,WPC 80% (Cheese),Lithuania,WPC,10.56,126720,90003.59440898125,36716.405591018745,0,0,0,833.0499193288797,1700,35016.405591018745,1700,996.7760895169738,2603.835616438356,2603.835616438356,1301.917808219178,833.2273972602738,468.690411,34183.35567168987,33186.57958
Rokiskio - LT,EU to EU Direct,2015001,Germany,YES MULTI LOGISTICS CENTER-FRA,UNIVAR SOLUTIONS B.V.,B,Univar Solutions,Managed,114455,ROKI WPC80 Chs 450 Inst K EU 15kgMBG,WPC 80% (Cheese),Lithuania,WPC,51.84,241056,274158.4529,-33102.45289,0,0,0,9814.396848619992,0,-33102.45289,0,4893.264439446963,4953.2054794520545,4953.2054794520545,2476.6027397260273,1585.0257534246575,891.5769863013699,-42916.84974,-47810.11418
Rokiskio - LT,EU to EU Direct,2015001,Germany,YES MULTI LOGISTICS CENTER-FRA,UNIVAR SOLUTIONS B.V.,B,Univar Solutions,Managed,116274,ROKI WPI 894-INST MF EU 15KG MBG,Whey Protein Isolate,Lithuania,WPC,38.34,466560,487354.94353925844,-20794.94354,0,0,0,13167.497316666482,0,-20794.94354,0,3618.976825007649,9586.849315068492,9586.849315068492,4793.424657534246,3067.7917808219177,1725.6328767123287,-33962.44086,-37581.41768
Rokiskio - LT,EU to EU Direct,2016041,Spain,UNIVAR B.V,UNIVAR SOLUTIONS B.V.,B,Univar Solutions,Managed,114455,ROKI WPC80 Chs 450 Inst K EU 15kgMBG,WPC 80% (Cheese),Lithuania,WPC,51.84,231552,274158.4529,-42606.45289,0,0,0,9814.396848619992,0,-42606.45289,0,4893.264439446963,4757.9178082191775,4757.9178082191775,2378.9589041095887,1522.5336986301368,856.4252055,-52420.84974,-57314.11418
Rokiskio - LT,EU to EU Direct,2016041,Spain,UNIVAR B.V,UNIVAR SOLUTIONS B.V.,B,Univar Solutions,Managed,116274,ROKI WPI 894-INST MF EU 15KG MBG,Whey Protein Isolate,Lithuania,WPC,34.56,416448,439305.8645987682,-22857.8646,0,0,0,11869.293355868378,0,-22857.8646,0,3262.1762929646416,8557.150684931506,8557.150684931506,4278.575342465753,2738.288219178082,1540.2871232876712,-34727.15795,-37989.33425
Rokiskio - LT,EU to EU Direct,4000203,Belgium,AMINOLABS,AMINOLABS,A,Aminolabs,Managed,116274,ROKI WPI 894-INST MF EU 15KG MBG,Whey Protein Isolate,Lithuania,WPC,138.555,2052292.5,2057801.185340729,-5508.685341,0,0,0,47585.35708687335,14167.59,-19676.27534,14167.59,13078.438549528817,31627.79537671233,31627.79537671233,21085.196917808218,6747.263014,3795.335445205479,-67261.63243,-80340.07098
Rokiskio - LT,EU to EU Direct,4005212,Netherlands,ALPHA C/O BAKKER LOGISTIEK,ALPHA MILKPOWDERS HOLLAND B.V.,C,Alpha Milkpowders,Semi Managed,116274,ROKI WPI 894-INST MF EU 15KG MBG,Whey Protein Isolate,Lithuania,WPC,10.005,90045,112053.72114136515,-22008.72114,0,0,0,3436.1192136997433,0,-22008.72114,0,944.3887098122465,616.7465753424657,616.7465753424657,616.7465753424657,0,0,-25444.84036,-26389.22906
Rokiskio - LT,EU to EU Direct,4006358,Germany,AMINOLABS DEUTSCHLAND GMBH,AMINOLABS,A,Aminolabs,Managed,116274,ROKI WPI 894-INST MF EU 15KG MBG,Whey Protein Isolate,Lithuania,WPC,1.995,15162,29629.48550939883,-14467.48551,0,0,0,685.1632015323327,700,-15167.48551,700,188.31139191158738,233.66095890410958,233.66095890410958,155.77397260273972,49.84767123287671,28.03931506849315,-15852.64871,-16040.9601
Rokiskio - LT,EU to EU Direct,4007987,Netherlands,VAN LINDENBERG INGREDIENTS B.V,VAN LINDENBERG INGREDIENTS B.V.,B,Van Lindenberg Trading,Semi Managed,116235,ROKI WPC 356 HIFAT EU 15KG MBG,High Fat B/T WPC,Lithuania,WPC,161.58,1067976,1041818.0197121619,26157.980287838145,0,0,0,14462.429932159206,0,26157.980287838145,0,15251.806869711423,10972.35616438356,10972.35616438356,10972.35616438356,0,0,11695.550355678939,-3556.256514
Rokiskio - LT,EU to EU Direct,4012182,Latvia,BRENNTAG LATVIA SIA,BRENNTAG LATVIA SIA,C,Brenntag Holding,Smart Serve,114455,ROKI WPC80 Chs 450 Inst K EU 15kgMBG,WPC 80% (Cheese),Lithuania,WPC,1.08,8424,11246.448966803431,-2822.448967,0,0,0,204.4666010129165,0,-2822.448967,0,101.94300915514505,86.54794520547945,86.54794520547945,86.54794520547945,0,0,-3026.915568,-3128.858577
Rokiskio - LT,EU to EU Direct,4012182,Latvia,BRENNTAG LATVIA SIA,BRENNTAG LATVIA SIA,C,Brenntag Holding,Smart Serve,116274,ROKI WPI 894-INST MF EU 15KG MBG,Whey Protein Isolate,Lithuania,WPC,0.015,0,137.82112007159515,-137.8211201,0,0,0,5.1516030190400945,250,-387.8211201,250,1.4158751271547922,0,0,0,0,0,-392.9727231,-394.3885982
Rokiskio - LT,EU to EU Direct,4012630,Germany,KIPPING LAGER-HANDEL-LOGISTIK,ANONA GMBH,A,Anona,Managed,114455,ROKI WPC80 Chs 450 Inst K EU 15kgMBG,WPC 80% (Cheese),Lithuania,WPC,120.96000000000001,810432,656898.9110515295,153533.08894847054,0,0,0,22900.259313446648,7450,146083.08894847054,7450,11417.617025376245,16652.71232876712,16652.71232876712,8326.356164,5328.8679452054785,2997.4882191780816,123182.8296350239,111765.21260964766
Rokiskio - LT,EU to EU Direct,4012630,Germany,KIPPING LAGER-HANDEL-LOGISTIK,ANONA GMBH,A,Anona,Managed,116274,ROKI WPI 894-INST MF EU 15KG MBG,Whey Protein Isolate,Lithuania,WPC,362.88,5747500.8,4791735.595881704,955765.2041182956,0,0,0,124627.58023661797,26631.4,929133.8041182955,26631.4,34252.85107612874,118099.33150684931,118099.33150684931,59049.665753424655,37791.78608219178,21257.879671232873,804506.2238816776,770253.3728055488
Rokiskio - LT,EU to EU Direct,4012675,Belgium,MEDIX LABORATOIRES NV,MEDIX LABORATOIRES NV,C,Medix Laboratoires,Semi Managed,116274,ROKI WPI 894-INST MF EU 15KG MBG,Whey Protein Isolate,Lithuania,WPC,17.28,126748.8,121358.27894345044,5390.521056549565,0,0,0,5934.646677934189,3765.6,1624.9210565495655,3765.6,1631.0881464823208,607.6997260273973,607.6997260273973,607.6997260273973,0,0,-4309.725621,-5940.813768
Rokiskio - LT,EU to EU Direct,4013259,Germany,ANI C/O KIPPING LAGER-HANDEL-L,ACTIVE NUTRITION INTERNATIONAL GMBH,C,Active Nutrition,Semi Managed,116274,ROKI WPI 894-INST MF EU 15KG MBG,Whey Protein Isolate,Lithuania,WPC,17.28,158112,167382.50245930773,-9270.502459,0,0,0,5934.646677934189,1050,-10320.50246,1050,1631.0881464823208,2436.6575342465753,2436.6575342465753,1624.4383561643835,519.8202739726028,292.3989041,-16255.14914,-17886.23728
Rokiskio - LT,EU to EU Direct,4013754,Spain,HARRISON SPORT NUTRITION S.L.,HARRISON SPORT NUTRITION S.L.,A,Harrison Sport Nutrition,Semi Managed,116274,ROKI WPI 894-INST MF EU 15KG MBG,Whey Protein Isolate,Lithuania,WPC,17.28,317088,301908.2799405422,15179.720059457817,0,0,0,5934.646677934189,3493.44,11686.280059457817,3493.44,1631.0881464823208,6515.506849315068,6515.506849315068,3257.753424657534,2084.9621917808217,1172.7912328767122,5751.633381523628,4120.545235041307
Rokiskio - LT,EU to EU Direct,4014023,Germany,ANI C/O ANONA,ANONA GMBH,A,Anona,Managed,116274,ROKI WPI 894-INST MF EU 15KG MBG,Whey Protein Isolate,Lithuania,WPC,207.36,1935187.2,2738134.626218117,-802947.4262,0,0,0,71215.76013521026,13543.8,-816491.2262,13543.8,19573.05775778785,39764.120547945204,39764.120547945204,19882.060273972602,12724.518575342465,7157.541698630136,-887706.9864,-907280.0441
Rokiskio - LT,EU to EU Direct,4014649,Belgium,MEDIX LABORATOIRES NV,ALPHACAPS GMBH,B,Alphacaps,Semi Managed,114455,ROKI WPC80 Chs 450 Inst K EU 15kgMBG,WPC 80% (Cheese),Lithuania,WPC,34.56,183168,162228.84300977906,20939.156990220945,0,0,0,6542.931232413328,3765.6,17173.556990220946,3765.6,3262.1762929646416,1881.863014,1881.863014,1881.863014,0,0,10630.625757807618,7368.449464842977
Rokiskio - LT,EU to EU Direct,4014649,Belgium,MEDIX LABORATOIRES NV,ALPHACAPS GMBH,B,Alphacaps,Semi Managed,116274,ROKI WPI 894-INST MF EU 15KG MBG,Whey Protein Isolate,Lithuania,WPC,34.56,476928,521312.36853835674,-44384.36854,0,0,0,11869.293355868378,3765.6,-48149.96854,3765.6,3262.1762929646416,4899.945205479451,4899.945205479451,4899.945205479451,0,0,-60019.26189,-63281.43819
Rokiskio - LT,EU to EU Direct,4015810,Netherlands,BIG WAVE COMPANY B.V,BIG WAVE COMPANY B.V,C,Big Wave Company,Smart Serve,114455,ROKI WPC80 Chs 450 Inst K EU 15kgMBG,WPC 80% (Cheese),Lithuania,WPC,51.84,238464,251877.2815,-13413.28145,0,0,0,9814.396848619992,0,-13413.28145,0,4893.264439446963,2449.972602739726,2449.972602739726,2449.972602739726,0,0,-23227.6783,-28120.94274
Schiphol Airport - NL,NZ Direct EU,2004124,Germany,J.M. GABLER SALITER,J.M. GABLER SALITER,C,J.M. GABLER SALITER,Smart Serve,109717,WHEY HYD 821 ABT 15KG MBG,Whey Hydrolysates,New Zealand,Whey,0.3,10890,5998.800390567337,4891.199609432663,0,0,0,0,0,4891.199609432663,0,28.317502543095845,111.8835616438356,111.8835616438356,111.8835616438356,0,0,4891.199609432663,4862.882106889568
Schiphol Airport - NL,NZ Direct EU,2008011,Netherlands,FRIESLANDCAMPINA DOMO,FRIESLANDCAMPINA NEDERLAND BV.,A,FrieslandCampina,FrieslandCampina,113056,WPI 895 IX K EU FRC 25KG MBG,Whey Protein Isolate,New Zealand,WPC,15.575,393342.25,214560.8199385674,178781.4300614326,0,0,0,0,0,178781.4300614326,0,1470.1503403623926,13347.382363013698,8082.375,4041.1875,5955.964712328768,3350.2301506849312,178781.4300614326,177311.2797210702
Schiphol Airport - NL,NZ Direct EU,4006358,Germany,AMINOLABS DEUTSCHLAND GMBH,AMINOLABS,A,Aminolabs,Managed,115927,WHEYFRAC LF 95% 10KG BAG CTN,Whey Fractions,New Zealand,Whey,0.03,19500,6105.924147706079,13394.075852293921,0,0,0,0,0,13394.075852293921,0,2.8317502543095845,300.51369863013696,300.51369863013696,200.34246575342465,64.10958904109589,36.06164383561644,13394.075852293921,13391.24410203961
Schiphol Airport - NL,NZ Direct EU,4008204,Croatia,AMINOLABS ATLANTIC D.O.O.,EMPWR D.O.O,C,EMPWR D.O.O,Smart Serve,107730,WPC 80 Chs 3925 K 25kgMBG,WPC 80% (Cheese),New Zealand,WPC,0.6,14820,10827.921949007361,3992.078050992639,0,0,0,0,0,3992.078050992639,0,56.63500508619169,152.26027397260273,152.26027397260273,152.26027397260273,0,0,3992.078050992639,3935.4430459064474
Schiphol Airport - NL,NZ Direct EU,4012469,Netherlands,FRIESLANDCAMPINA DOMO,FRIESLANDCAMPINA NEDERLAND BV.,A,FrieslandCampina,FrieslandCampina,121904,HN019 PROBIOTIC POWDER (625G),Freeze Dried DR10,New Zealand,Probiotic,2.19,2463767.52,450110.1469,2013657.373076681,0,0,0,0,0,2013657.373076681,0,206.71776856459968,78619.56591780821,50625.36,25312.68,34116.40698739726,19190.478930410958,2013657.373076681,2013450.6553081165
Schiphol Airport - NL,NZ Direct EU,4014838,Italy,SOREMARTEC ITALIA S.R.I.,SOREMARTEC ITALIA S.R.I.,C,Ferrero Group,Smart Serve,102132,WMP 28% FAT K 25KG MBG,Wholemilk Powder,New Zealand,WMP,1.5,15630,14252.70408142699,1377.2959185730106,0,0,0,0,0,1377.2959185730106,0,141.58751271547922,160.58219178082192,160.58219178082192,160.58219178082192,0,0,1377.2959185730106,1235.7084058575313
